county_fips_code,county_name,state,state_fips_code,date,confirmed_cases,deaths
48201,Harris County ,TX,48,2020-01-22,0,0
48201,Harris County ,TX,48,2020-01-23,0,0
48201,Harris County ,TX,48,2020-01-24,0,0
48201,Harris County ,TX,48,2020-01-25,0,0
48201,Harris County ,TX,48,2020-01-26,0,0
48201,Harris County ,TX,48,2020-01-27,0,0
48201,Harris County ,TX,48,2020-01-28,0,0
48201,Harris County ,TX,48,2020-01-29,0,0
48201,Harris County ,TX,48,2020-01-30,0,0
48201,Harris County ,TX,48,2020-01-31,0,0
48201,Harris County ,TX,48,2020-02-01,0,0
48201,Harris County ,TX,48,2020-02-02,0,0
48201,Harris County ,TX,48,2020-02-03,0,0
48201,Harris County ,TX,48,2020-02-04,0,0
48201,Harris County ,TX,48,2020-02-05,0,0
48201,Harris County ,TX,48,2020-02-06,0,0
48201,Harris County ,TX,48,2020-02-07,0,0
48201,Harris County ,TX,48,2020-02-08,0,0
48201,Harris County ,TX,48,2020-02-09,0,0
48201,Harris County ,TX,48,2020-02-10,0,0
48201,Harris County ,TX,48,2020-02-11,0,0
48201,Harris County ,TX,48,2020-02-12,0,0
48201,Harris County ,TX,48,2020-02-13,0,0
48201,Harris County ,TX,48,2020-02-14,0,0
48201,Harris County ,TX,48,2020-02-15,0,0
48201,Harris County ,TX,48,2020-02-16,0,0
48201,Harris County ,TX,48,2020-02-17,0,0
48201,Harris County ,TX,48,2020-02-18,0,0
48201,Harris County ,TX,48,2020-02-19,0,0
48201,Harris County ,TX,48,2020-02-20,0,0
48201,Harris County ,TX,48,2020-02-21,0,0
48201,Harris County ,TX,48,2020-02-22,0,0
48201,Harris County ,TX,48,2020-02-23,0,0
48201,Harris County ,TX,48,2020-02-24,0,0
48201,Harris County ,TX,48,2020-02-25,0,0
48201,Harris County ,TX,48,2020-02-26,0,0
48201,Harris County ,TX,48,2020-02-27,0,0
48201,Harris County ,TX,48,2020-02-28,0,0
48201,Harris County ,TX,48,2020-02-29,0,0
48201,Harris County ,TX,48,2020-03-01,0,0
48201,Harris County ,TX,48,2020-03-02,0,0
48201,Harris County ,TX,48,2020-03-03,0,0
48201,Harris County ,TX,48,2020-03-04,0,0
48201,Harris County ,TX,48,2020-03-05,0,0
48201,Harris County ,TX,48,2020-03-06,4,0
48201,Harris County ,TX,48,2020-03-07,4,0
48201,Harris County ,TX,48,2020-03-08,4,0
48201,Harris County ,TX,48,2020-03-09,5,0
48201,Harris County ,TX,48,2020-03-10,5,0
48201,Harris County ,TX,48,2020-03-11,5,0
48201,Harris County ,TX,48,2020-03-12,7,0
48201,Harris County ,TX,48,2020-03-13,7,0
48201,Harris County ,TX,48,2020-03-14,7,0
48201,Harris County ,TX,48,2020-03-15,10,0
48201,Harris County ,TX,48,2020-03-16,10,0
48201,Harris County ,TX,48,2020-03-17,10,0
48201,Harris County ,TX,48,2020-03-18,10,1
48201,Harris County ,TX,48,2020-03-19,10,1
48201,Harris County ,TX,48,2020-03-20,24,1
48201,Harris County ,TX,48,2020-03-21,26,2
48201,Harris County ,TX,48,2020-03-22,27,2
48201,Harris County ,TX,48,2020-03-23,27,2
48201,Harris County ,TX,48,2020-03-24,54,4
48201,Harris County ,TX,48,2020-03-25,134,5
48201,Harris County ,TX,48,2020-03-26,185,6
48201,Harris County ,TX,48,2020-03-27,203,10
48201,Harris County ,TX,48,2020-03-28,229,11
48201,Harris County ,TX,48,2020-03-29,445,13
48201,Harris County ,TX,48,2020-03-30,526,17
48201,Harris County ,TX,48,2020-03-31,563,20
48201,Harris County ,TX,48,2020-04-01,680,25
48201,Harris County ,TX,48,2020-04-02,847,29
48201,Harris County ,TX,48,2020-04-03,955,31
48201,Harris County ,TX,48,2020-04-04,1106,36
48201,Harris County ,TX,48,2020-04-05,1284,47
48201,Harris County ,TX,48,2020-04-06,1395,55
48201,Harris County ,TX,48,2020-04-07,1809,59
48201,Harris County ,TX,48,2020-04-08,2146,64
48201,Harris County ,TX,48,2020-04-09,2341,72
48201,Harris County ,TX,48,2020-04-10,3047,75
48201,Harris County ,TX,48,2020-04-11,3261,80
48201,Harris County ,TX,48,2020-04-12,3561,87
48201,Harris County ,TX,48,2020-04-13,3629,93
48201,Harris County ,TX,48,2020-04-14,3747,99
48201,Harris County ,TX,48,2020-04-15,3907,106
48201,Harris County ,TX,48,2020-04-16,4097,113
48201,Harris County ,TX,48,2020-04-17,4306,120
48201,Harris County ,TX,48,2020-04-18,4460,125
48201,Harris County ,TX,48,2020-04-19,4653,133
48201,Harris County ,TX,48,2020-04-20,4823,137
48201,Harris County ,TX,48,2020-04-21,4977,146
48201,Harris County ,TX,48,2020-04-22,5143,152
48201,Harris County ,TX,48,2020-04-23,5211,156
48201,Harris County ,TX,48,2020-04-24,5330,161
48201,Harris County ,TX,48,2020-04-25,5482,168
48201,Harris County ,TX,48,2020-04-26,5628,173
48201,Harris County ,TX,48,2020-04-27,5729,178
48201,Harris County ,TX,48,2020-04-28,5827,181
48201,Harris County ,TX,48,2020-04-29,5986,186
48201,Harris County ,TX,48,2020-04-30,6161,193
48201,Harris County ,TX,48,2020-05-01,6356,198
48201,Harris County ,TX,48,2020-05-02,6551,201
48201,Harris County ,TX,48,2020-05-03,6708,205
48201,Harris County ,TX,48,2020-05-04,6838,214
48201,Harris County ,TX,48,2020-05-05,6967,217
48201,Harris County ,TX,48,2020-05-06,7128,224
48201,Harris County ,TX,48,2020-05-07,7244,230
48201,Harris County ,TX,48,2020-05-08,7377,234
48201,Harris County ,TX,48,2020-05-09,7594,237
48201,Harris County ,TX,48,2020-05-10,7803,239
48201,Harris County ,TX,48,2020-05-11,7878,241
48201,Harris County ,TX,48,2020-05-12,8176,244
48201,Harris County ,TX,48,2020-05-13,8416,252
48201,Harris County ,TX,48,2020-05-14,8621,257
48201,Harris County ,TX,48,2020-05-15,8817,265
48201,Harris County ,TX,48,2020-05-16,9050,272
48201,Harris County ,TX,48,2020-05-17,9126,275
48201,Harris County ,TX,48,2020-05-18,9465,276
48201,Harris County ,TX,48,2020-05-19,9635,281
48201,Harris County ,TX,48,2020-05-20,9859,286
48201,Harris County ,TX,48,2020-05-21,10095,291
48201,Harris County ,TX,48,2020-05-22,10283,295
48201,Harris County ,TX,48,2020-05-23,10526,298
48201,Harris County ,TX,48,2020-05-24,10770,309
48201,Harris County ,TX,48,2020-05-25,10921,315
48201,Harris County ,TX,48,2020-05-26,10995,319
48201,Harris County ,TX,48,2020-05-27,11281,327
48201,Harris County ,TX,48,2020-05-28,11542,333
48201,Harris County ,TX,48,2020-05-29,11770,337
48201,Harris County ,TX,48,2020-05-30,12009,348
48201,Harris County ,TX,48,2020-05-31,12220,350
48201,Harris County ,TX,48,2020-06-01,12276,354
48201,Harris County ,TX,48,2020-06-02,12664,361
48201,Harris County ,TX,48,2020-06-03,13027,368
48201,Harris County ,TX,48,2020-06-04,13268,376
48201,Harris County ,TX,48,2020-06-05,13603,383
48201,Harris County ,TX,48,2020-06-06,13940,390
48201,Harris County ,TX,48,2020-06-07,14423,393
48201,Harris County ,TX,48,2020-06-08,14586,401
48201,Harris County ,TX,48,2020-06-09,14918,403
48201,Harris County ,TX,48,2020-06-10,15238,408
48201,Harris County ,TX,48,2020-06-11,15552,415
48201,Harris County ,TX,48,2020-06-12,15864,424
48201,Harris County ,TX,48,2020-06-13,16188,439
48201,Harris County ,TX,48,2020-06-14,16568,448
48201,Harris County ,TX,48,2020-06-15,16778,456
48201,Harris County ,TX,48,2020-06-16,17282,463
48201,Harris County ,TX,48,2020-06-17,17707,473
48201,Harris County ,TX,48,2020-06-18,18157,486
48201,Harris County ,TX,48,2020-06-19,18552,493
48201,Harris County ,TX,48,2020-06-20,19739,507
48201,Harris County ,TX,48,2020-06-21,20874,516
48201,Harris County ,TX,48,2020-06-22,21053,523
48201,Harris County ,TX,48,2020-06-23,23047,535
48201,Harris County ,TX,48,2020-06-24,24421,554
48201,Harris County ,TX,48,2020-06-25,25786,569
48201,Harris County ,TX,48,2020-06-26,27017,585
48201,Harris County ,TX,48,2020-06-27,28255,604
48201,Harris County ,TX,48,2020-06-28,29163,618
48201,Harris County ,TX,48,2020-06-29,29276,638
48201,Harris County ,TX,48,2020-06-30,30729,658
48201,Harris County ,TX,48,2020-07-01,31422,681
48201,Harris County ,TX,48,2020-07-02,32859,714
48201,Harris County ,TX,48,2020-07-03,34108,739
48201,Harris County ,TX,48,2020-07-04,35316,769
48201,Harris County ,TX,48,2020-07-05,35913,804
48201,Harris County ,TX,48,2020-07-06,36597,834
48201,Harris County ,TX,48,2020-07-07,37776,874
48201,Harris County ,TX,48,2020-07-08,39311,916
48201,Harris County ,TX,48,2020-07-09,40012,951
48201,Harris County ,TX,48,2020-07-10,40919,995
48201,Harris County ,TX,48,2020-07-11,42000,1032
48201,Harris County ,TX,48,2020-07-12,43939,1069
48201,Harris County ,TX,48,2020-07-13,45368,1113
48201,Harris County ,TX,48,2020-07-14,47369,1155
48201,Harris County ,TX,48,2020-07-15,49027,1202
48201,Harris County ,TX,48,2020-07-16,50370,1236
48201,Harris County ,TX,48,2020-07-17,51969,1284
48201,Harris County ,TX,48,2020-07-18,53555,1320
48201,Harris County ,TX,48,2020-07-19,54806,1363
48201,Harris County ,TX,48,2020-07-20,55769,1406
48201,Harris County ,TX,48,2020-07-21,57095,1450
48201,Harris County ,TX,48,2020-07-22,58480,1496
48201,Harris County ,TX,48,2020-07-23,59924,1550
48201,Harris County ,TX,48,2020-07-24,61416,1580
48201,Harris County ,TX,48,2020-07-25,62619,1622
48201,Harris County ,TX,48,2020-07-26,64113,1649
48201,Harris County ,TX,48,2020-07-27,65349,1688
48201,Harris County ,TX,48,2020-07-28,66195,1732
48201,Harris County ,TX,48,2020-07-29,67660,1761
48201,Harris County ,TX,48,2020-07-30,69126,1803
48201,Harris County ,TX,48,2020-07-31,70850,1839
48201,Harris County ,TX,48,2020-08-01,72964,1874
48201,Harris County ,TX,48,2020-08-02,74884,1896
48201,Harris County ,TX,48,2020-08-03,76642,1928
48201,Harris County ,TX,48,2020-08-04,78105,1954
48201,Harris County ,TX,48,2020-08-05,79543,1985
48201,Harris County ,TX,48,2020-08-06,80914,2014
48201,Harris County ,TX,48,2020-08-07,81919,2046
48201,Harris County ,TX,48,2020-08-08,83183,2079
48201,Harris County ,TX,48,2020-08-09,84600,2115
48201,Harris County ,TX,48,2020-08-10,85757,2146
48201,Harris County ,TX,48,2020-08-11,86563,2180
48201,Harris County ,TX,48,2020-08-12,87505,2202
48201,Harris County ,TX,48,2020-08-13,88494,2232
48201,Harris County ,TX,48,2020-08-14,89425,2254
48201,Harris County ,TX,48,2020-08-15,90574,2275
48201,Harris County ,TX,48,2020-08-16,91698,2295
48201,Harris County ,TX,48,2020-08-17,92253,2309
48201,Harris County ,TX,48,2020-08-18,92944,2331
48201,Harris County ,TX,48,2020-08-19,93872,2354
48201,Harris County ,TX,48,2020-08-20,94676,2374
48201,Harris County ,TX,48,2020-08-21,95631,2386
48201,Harris County ,TX,48,2020-08-22,96658,2405
48201,Harris County ,TX,48,2020-08-23,97745,2419
48201,Harris County ,TX,48,2020-08-24,98506,2433
48201,Harris County ,TX,48,2020-08-25,99290,2443
48201,Harris County ,TX,48,2020-08-26,100171,2459
48201,Harris County ,TX,48,2020-08-27,101077,2471
48201,Harris County ,TX,48,2020-08-28,101670,2487
48201,Harris County ,TX,48,2020-08-29,103088,2496
48201,Harris County ,TX,48,2020-08-30,104649,2508
48201,Harris County ,TX,48,2020-08-31,105757,2520
48201,Harris County ,TX,48,2020-09-01,106595,2532
48201,Harris County ,TX,48,2020-09-02,107490,2544
48201,Harris County ,TX,48,2020-09-03,108085,2553
48201,Harris County ,TX,48,2020-09-04,108819,2564
48201,Harris County ,TX,48,2020-09-05,109834,2576
48201,Harris County ,TX,48,2020-09-06,110762,2590
48201,Harris County ,TX,48,2020-09-07,111525,2598
48201,Harris County ,TX,48,2020-09-08,111525,2603
48201,Harris County ,TX,48,2020-09-09,112039,2616
48201,Harris County ,TX,48,2020-09-10,112762,2619
48201,Harris County ,TX,48,2020-09-11,113504,2631
48201,Harris County ,TX,48,2020-09-12,114761,2639
48201,Harris County ,TX,48,2020-09-13,115149,2645
48201,Harris County ,TX,48,2020-09-14,116172,2652
48201,Harris County ,TX,48,2020-09-15,117568,2661
48201,Harris County ,TX,48,2020-09-16,120336,2671
48201,Harris County ,TX,48,2020-09-17,120771,2673
48201,Harris County ,TX,48,2020-09-18,121628,2682
48201,Harris County ,TX,48,2020-09-19,122445,2691
48201,Harris County ,TX,48,2020-09-20,123264,2697
48201,Harris County ,TX,48,2020-09-21,123817,2703
48201,Harris County ,TX,48,2020-09-22,137946,2710
48201,Harris County ,TX,48,2020-09-23,138473,2719
48201,Harris County ,TX,48,2020-09-24,139017,2728
48201,Harris County ,TX,48,2020-09-25,139681,2737
48201,Harris County ,TX,48,2020-09-26,140532,2742
48201,Harris County ,TX,48,2020-09-27,140868,2749
48201,Harris County ,TX,48,2020-09-28,141353,2752
48201,Harris County ,TX,48,2020-09-29,141707,2754
48201,Harris County ,TX,48,2020-09-30,142315,2761
48201,Harris County ,TX,48,2020-10-01,142681,2767
48201,Harris County ,TX,48,2020-10-02,143530,2772
48201,Harris County ,TX,48,2020-10-03,146234,2775
48201,Harris County ,TX,48,2020-10-04,147298,2782
48201,Harris County ,TX,48,2020-10-05,147808,2790
48201,Harris County ,TX,48,2020-10-06,148235,2794
48201,Harris County ,TX,48,2020-10-07,148769,2797
48201,Harris County ,TX,48,2020-10-08,149394,2803
48201,Harris County ,TX,48,2020-10-09,149771,2810
48201,Harris County ,TX,48,2020-10-10,150176,2815
48201,Harris County ,TX,48,2020-10-11,150626,2818
48201,Harris County ,TX,48,2020-10-12,151161,2825
48201,Harris County ,TX,48,2020-10-13,151463,2831
48201,Harris County ,TX,48,2020-10-14,151880,2836
48201,Harris County ,TX,48,2020-10-15,152623,2841
48201,Harris County ,TX,48,2020-10-16,152977,2846
48201,Harris County ,TX,48,2020-10-17,153571,2850
48201,Harris County ,TX,48,2020-10-18,153955,2856
48201,Harris County ,TX,48,2020-10-19,154367,2859
48201,Harris County ,TX,48,2020-10-20,154765,2865
48201,Harris County ,TX,48,2020-10-21,155192,2869
48201,Harris County ,TX,48,2020-10-22,156035,2874
48201,Harris County ,TX,48,2020-10-23,156742,2880
48201,Harris County ,TX,48,2020-10-24,157392,2885
48201,Harris County ,TX,48,2020-10-25,158379,2887
48201,Harris County ,TX,48,2020-10-26,158758,2897
48201,Harris County ,TX,48,2020-10-27,159272,2905
48201,Harris County ,TX,48,2020-10-28,159617,2910
48201,Harris County ,TX,48,2020-10-29,160532,2920
48201,Harris County ,TX,48,2020-10-30,160984,2927
48201,Harris County ,TX,48,2020-10-31,161613,2930
48201,Harris County ,TX,48,2020-11-01,162306,2935
48201,Harris County ,TX,48,2020-11-02,162807,2941
48201,Harris County ,TX,48,2020-11-03,163287,2946
48201,Harris County ,TX,48,2020-11-04,163845,2953
48201,Harris County ,TX,48,2020-11-05,164445,2961
48201,Harris County ,TX,48,2020-11-06,165252,2967
48201,Harris County ,TX,48,2020-11-07,165967,2973
48201,Harris County ,TX,48,2020-11-08,166545,2979
48201,Harris County ,TX,48,2020-11-09,167331,2985
48201,Harris County ,TX,48,2020-11-10,167956,2991
48201,Harris County ,TX,48,2020-11-11,168746,3005
48201,Harris County ,TX,48,2020-11-12,170835,3012
48201,Harris County ,TX,48,2020-11-13,171916,3018
48201,Harris County ,TX,48,2020-11-14,172763,3022
48201,Harris County ,TX,48,2020-11-15,173436,3029
48201,Harris County ,TX,48,2020-11-16,174493,3041
48201,Harris County ,TX,48,2020-11-17,175414,3050
48201,Harris County ,TX,48,2020-11-18,175959,3061
48201,Harris County ,TX,48,2020-11-19,177466,3067
48201,Harris County ,TX,48,2020-11-20,178811,3075
48201,Harris County ,TX,48,2020-11-21,179911,3080
48201,Harris County ,TX,48,2020-11-22,181361,3087
48201,Harris County ,TX,48,2020-11-23,182192,3098
48201,Harris County ,TX,48,2020-11-24,183252,3109
48201,Harris County ,TX,48,2020-11-25,185304,3115
48201,Harris County ,TX,48,2020-11-26,187163,3123
48201,Harris County ,TX,48,2020-11-27,187759,3137
48201,Harris County ,TX,48,2020-11-28,187867,3147
48201,Harris County ,TX,48,2020-11-29,187932,3161
48201,Harris County ,TX,48,2020-11-30,190631,3171
48201,Harris County ,TX,48,2020-12-01,191513,3184
48201,Harris County ,TX,48,2020-12-02,192127,3197
48201,Harris County ,TX,48,2020-12-03,193089,3206
48201,Harris County ,TX,48,2020-12-04,194899,3218
48201,Harris County ,TX,48,2020-12-05,195558,3232
48201,Harris County ,TX,48,2020-12-06,196658,3247
48201,Harris County ,TX,48,2020-12-07,198961,3262
48201,Harris County ,TX,48,2020-12-08,199597,3272
48201,Harris County ,TX,48,2020-12-09,200397,3291
48201,Harris County ,TX,48,2020-12-10,201496,3314
48201,Harris County ,TX,48,2020-12-11,202861,3333
48201,Harris County ,TX,48,2020-12-12,204850,3347
48201,Harris County ,TX,48,2020-12-13,205928,3360
48201,Harris County ,TX,48,2020-12-14,207406,3379
48201,Harris County ,TX,48,2020-12-15,208737,3395
48201,Harris County ,TX,48,2020-12-16,210362,3414
48201,Harris County ,TX,48,2020-12-17,212686,3438
48201,Harris County ,TX,48,2020-12-18,214180,3458
48201,Harris County ,TX,48,2020-12-19,215779,3477
48201,Harris County ,TX,48,2020-12-20,217086,3494
48201,Harris County ,TX,48,2020-12-21,219265,3509
48201,Harris County ,TX,48,2020-12-22,221860,3530
48201,Harris County ,TX,48,2020-12-23,222931,3542
48201,Harris County ,TX,48,2020-12-24,224245,3565
48201,Harris County ,TX,48,2020-12-25,225102,3590
48201,Harris County ,TX,48,2020-12-26,225365,3610
48201,Harris County ,TX,48,2020-12-27,225443,3629
48201,Harris County ,TX,48,2020-12-28,231707,3646
48201,Harris County ,TX,48,2020-12-29,233330,3669
48201,Harris County ,TX,48,2020-12-30,234736,3694
48201,Harris County ,TX,48,2020-12-31,236673,3719
48201,Harris County ,TX,48,2021-01-01,237727,3754
48201,Harris County ,TX,48,2021-01-02,239657,3778
48201,Harris County ,TX,48,2021-01-03,243059,3810
48201,Harris County ,TX,48,2021-01-04,245551,3834
48201,Harris County ,TX,48,2021-01-05,247458,3864
48201,Harris County ,TX,48,2021-01-06,249488,3908
48201,Harris County ,TX,48,2021-01-07,250854,3939
48201,Harris County ,TX,48,2021-01-08,253612,3974
48201,Harris County ,TX,48,2021-01-09,256046,4008
48201,Harris County ,TX,48,2021-01-10,259773,4059
48201,Harris County ,TX,48,2021-01-11,262525,4086
48201,Harris County ,TX,48,2021-01-12,266525,4116
48201,Harris County ,TX,48,2021-01-13,267729,4167
48201,Harris County ,TX,48,2021-01-14,269089,4209
48201,Harris County ,TX,48,2021-01-15,274899,4241
48201,Harris County ,TX,48,2021-01-16,278312,4276
48201,Harris County ,TX,48,2021-01-17,281422,4315
48201,Harris County ,TX,48,2021-01-18,284917,4353
48201,Harris County ,TX,48,2021-01-19,286356,4386
48201,Harris County ,TX,48,2021-01-20,287753,4427
48201,Harris County ,TX,48,2021-01-21,290249,4471
48201,Harris County ,TX,48,2021-01-22,293271,4508
48201,Harris County ,TX,48,2021-01-23,294266,4536
48201,Harris County ,TX,48,2021-01-24,296521,4578
48201,Harris County ,TX,48,2021-01-25,297629,4615
48201,Harris County ,TX,48,2021-01-26,301173,4661
48201,Harris County ,TX,48,2021-01-27,304333,4704
48201,Harris County ,TX,48,2021-01-28,306495,4743
48201,Harris County ,TX,48,2021-01-29,308902,4772
48201,Harris County ,TX,48,2021-01-30,311665,4802
48201,Harris County ,TX,48,2021-01-31,314697,4833
48201,Harris County ,TX,48,2021-02-01,317654,4865
48201,Harris County ,TX,48,2021-02-02,319800,4904
48201,Harris County ,TX,48,2021-02-03,320744,4946
48201,Harris County ,TX,48,2021-02-04,323408,4989
48201,Harris County ,TX,48,2021-02-05,325010,5024
48201,Harris County ,TX,48,2021-02-06,326248,5056
48201,Harris County ,TX,48,2021-02-07,327079,5084
48201,Harris County ,TX,48,2021-02-08,328426,5114
48201,Harris County ,TX,48,2021-02-09,329167,5149
48201,Harris County ,TX,48,2021-02-10,329576,5182
48201,Harris County ,TX,48,2021-02-11,330256,5204
48201,Harris County ,TX,48,2021-02-12,331837,5241
48201,Harris County ,TX,48,2021-02-13,333279,5269
48201,Harris County ,TX,48,2021-02-14,335673,5296
48201,Harris County ,TX,48,2021-02-15,337012,5328
48201,Harris County ,TX,48,2021-02-16,338274,5348
48201,Harris County ,TX,48,2021-02-17,338284,5372
48201,Harris County ,TX,48,2021-02-18,339366,5408
48201,Harris County ,TX,48,2021-02-19,339444,5438
48201,Harris County ,TX,48,2021-02-20,340559,5466
48201,Harris County ,TX,48,2021-02-21,340951,5486
48201,Harris County ,TX,48,2021-02-22,342309,5515
48201,Harris County ,TX,48,2021-02-23,343070,5539
48201,Harris County ,TX,48,2021-02-24,343573,5559
48201,Harris County ,TX,48,2021-02-25,344102,5579
48201,Harris County ,TX,48,2021-02-26,344898,5613
48201,Harris County ,TX,48,2021-02-27,348125,5631
48201,Harris County ,TX,48,2021-02-28,348848,5648
48201,Harris County ,TX,48,2021-03-01,350201,5677
48201,Harris County ,TX,48,2021-03-02,351063,5692
48201,Harris County ,TX,48,2021-03-03,353450,5705
48201,Harris County ,TX,48,2021-03-04,355065,5724
48201,Harris County ,TX,48,2021-03-05,356429,5748
48201,Harris County ,TX,48,2021-03-06,357558,5763
48201,Harris County ,TX,48,2021-03-07,358505,5779
48201,Harris County ,TX,48,2021-03-08,359382,5791
48201,Harris County ,TX,48,2021-03-09,359948,5807
48201,Harris County ,TX,48,2021-03-10,360421,5823
48201,Harris County ,TX,48,2021-03-11,360938,5832
48201,Harris County ,TX,48,2021-03-12,362716,5839
48201,Harris County ,TX,48,2021-03-13,363548,5856
48201,Harris County ,TX,48,2021-03-14,364613,5874
48201,Harris County ,TX,48,2021-03-15,365338,5896
48201,Harris County ,TX,48,2021-03-16,365513,5915
48201,Harris County ,TX,48,2021-03-17,366192,5927
48201,Harris County ,TX,48,2021-03-18,367414,5942
48201,Harris County ,TX,48,2021-03-19,368028,5959
48201,Harris County ,TX,48,2021-03-20,368582,5975
48201,Harris County ,TX,48,2021-03-21,369185,5985
48201,Harris County ,TX,48,2021-03-22,369892,6003
48201,Harris County ,TX,48,2021-03-23,370281,6017
48201,Harris County ,TX,48,2021-03-24,371058,6029
48201,Harris County ,TX,48,2021-03-25,371397,6042
48201,Harris County ,TX,48,2021-03-26,371753,6053
48201,Harris County ,TX,48,2021-03-27,372381,6066
48201,Harris County ,TX,48,2021-03-28,373625,6078
48201,Harris County ,TX,48,2021-03-29,374555,6086
48201,Harris County ,TX,48,2021-03-30,375093,6093
48201,Harris County ,TX,48,2021-03-31,376154,6101
48201,Harris County ,TX,48,2021-04-01,376871,6114
48201,Harris County ,TX,48,2021-04-02,377441,6124
48201,Harris County ,TX,48,2021-04-03,377934,6131
48201,Harris County ,TX,48,2021-04-04,378737,6137
48201,Harris County ,TX,48,2021-04-05,379284,6147
48201,Harris County ,TX,48,2021-04-06,379485,6160
48201,Harris County ,TX,48,2021-04-07,380238,6170
48201,Harris County ,TX,48,2021-04-08,380652,6175
48201,Harris County ,TX,48,2021-04-09,381083,6186
48201,Harris County ,TX,48,2021-04-10,381344,6198
48201,Harris County ,TX,48,2021-04-11,381974,6207
48201,Harris County ,TX,48,2021-04-12,382545,6217
48201,Harris County ,TX,48,2021-04-13,383325,6231
48201,Harris County ,TX,48,2021-04-14,383489,6240
48201,Harris County ,TX,48,2021-04-15,384007,6247
48201,Harris County ,TX,48,2021-04-16,384652,6255
48201,Harris County ,TX,48,2021-04-17,385164,6261
48201,Harris County ,TX,48,2021-04-18,385684,6274
48201,Harris County ,TX,48,2021-04-19,386197,6281
48201,Harris County ,TX,48,2021-04-20,386556,6293
48201,Harris County ,TX,48,2021-04-21,387012,6304
48201,Harris County ,TX,48,2021-04-22,387285,6314
48201,Harris County ,TX,48,2021-04-23,388109,6319
48201,Harris County ,TX,48,2021-04-24,388649,6328
48201,Harris County ,TX,48,2021-04-25,388991,6335
48201,Harris County ,TX,48,2021-04-26,389931,6345
48201,Harris County ,TX,48,2021-04-27,390182,6352
48201,Harris County ,TX,48,2021-04-28,391005,6359
48201,Harris County ,TX,48,2021-04-29,391338,6369
48201,Harris County ,TX,48,2021-04-30,391824,6375
48201,Harris County ,TX,48,2021-05-01,392200,6384
48201,Harris County ,TX,48,2021-05-02,392538,6392
48201,Harris County ,TX,48,2021-05-03,392923,6398
48201,Harris County ,TX,48,2021-05-04,393183,6404
48201,Harris County ,TX,48,2021-05-05,393583,6408
48201,Harris County ,TX,48,2021-05-06,393724,6419
48201,Harris County ,TX,48,2021-05-07,394114,6425
48201,Harris County ,TX,48,2021-05-08,394364,6430
48201,Harris County ,TX,48,2021-05-09,394830,6439
48201,Harris County ,TX,48,2021-05-10,395188,6446
48201,Harris County ,TX,48,2021-05-11,395415,6456
48201,Harris County ,TX,48,2021-05-12,395663,6458
48201,Harris County ,TX,48,2021-05-13,395859,6465
48201,Harris County ,TX,48,2021-05-14,396143,6473
48201,Harris County ,TX,48,2021-05-15,396446,6481
48201,Harris County ,TX,48,2021-05-16,396552,6484
48201,Harris County ,TX,48,2021-05-17,396552,6490
48201,Harris County ,TX,48,2021-05-18,397046,6496
48201,Harris County ,TX,48,2021-05-19,397337,6503
48201,Harris County ,TX,48,2021-05-20,397578,6508
48201,Harris County ,TX,48,2021-05-21,397751,6515
48201,Harris County ,TX,48,2021-05-22,398013,6519
48201,Harris County ,TX,48,2021-05-23,398276,6523
48201,Harris County ,TX,48,2021-05-24,398573,6529
48201,Harris County ,TX,48,2021-05-25,399155,6536
48201,Harris County ,TX,48,2021-05-26,399390,6543
48201,Harris County ,TX,48,2021-05-27,399530,6545
48201,Harris County ,TX,48,2021-05-28,399829,6548
48201,Harris County ,TX,48,2021-05-29,400023,6549
48201,Harris County ,TX,48,2021-05-30,400293,6552
48201,Harris County ,TX,48,2021-05-31,400364,6558
48201,Harris County ,TX,48,2021-06-01,400436,6565
48201,Harris County ,TX,48,2021-06-02,400507,6568
48201,Harris County ,TX,48,2021-06-03,400692,6570
48201,Harris County ,TX,48,2021-06-04,401345,6577
48201,Harris County ,TX,48,2021-06-05,401469,6580
48201,Harris County ,TX,48,2021-06-06,401812,6582
48201,Harris County ,TX,48,2021-06-07,402148,6585
48201,Harris County ,TX,48,2021-06-08,402184,6587
48201,Harris County ,TX,48,2021-06-09,402387,6591
48201,Harris County ,TX,48,2021-06-10,402818,6594
48201,Harris County ,TX,48,2021-06-11,403038,6595
48201,Harris County ,TX,48,2021-06-12,402943,6598
48201,Harris County ,TX,48,2021-06-13,403014,6602
48201,Harris County ,TX,48,2021-06-14,403188,6606
48201,Harris County ,TX,48,2021-06-15,403401,6608
48201,Harris County ,TX,48,2021-06-16,403496,6612
48201,Harris County ,TX,48,2021-06-17,403151,6614
48201,Harris County ,TX,48,2021-06-18,402894,6619
48201,Harris County ,TX,48,2021-06-19,402916,6624
48201,Harris County ,TX,48,2021-06-20,403069,6628
48201,Harris County ,TX,48,2021-06-21,402988,6629
48201,Harris County ,TX,48,2021-06-22,403035,6632
48201,Harris County ,TX,48,2021-06-23,403187,6633
48201,Harris County ,TX,48,2021-06-24,403027,6639
48201,Harris County ,TX,48,2021-06-25,403059,6641
48201,Harris County ,TX,48,2021-06-26,403134,6643
48201,Harris County ,TX,48,2021-06-27,403276,6644
48201,Harris County ,TX,48,2021-06-28,403149,6648
48201,Harris County ,TX,48,2021-06-29,403149,6652
48201,Harris County ,TX,48,2021-06-30,402927,6656
48201,Harris County ,TX,48,2021-07-01,403019,6660
48201,Harris County ,TX,48,2021-07-02,403205,6666
48201,Harris County ,TX,48,2021-07-03,403240,6670
48201,Harris County ,TX,48,2021-07-04,403512,6671
48201,Harris County ,TX,48,2021-07-05,403584,6673
48201,Harris County ,TX,48,2021-07-06,403645,6677
48201,Harris County ,TX,48,2021-07-07,403646,6680
48201,Harris County ,TX,48,2021-07-08,404402,6684
48201,Harris County ,TX,48,2021-07-09,404986,6687
48201,Harris County ,TX,48,2021-07-10,405327,6690
48201,Harris County ,TX,48,2021-07-11,405627,6695
48201,Harris County ,TX,48,2021-07-12,405757,6698
48201,Harris County ,TX,48,2021-07-13,405866,6700
48201,Harris County ,TX,48,2021-07-14,406271,6704
48201,Harris County ,TX,48,2021-07-15,406425,6709
48201,Harris County ,TX,48,2021-07-16,406703,6712
48201,Harris County ,TX,48,2021-07-17,406969,6715
48201,Harris County ,TX,48,2021-07-18,407616,6723
48201,Harris County ,TX,48,2021-07-19,407863,6729
48201,Harris County ,TX,48,2021-07-20,408097,6733
48201,Harris County ,TX,48,2021-07-21,408628,6737
48201,Harris County ,TX,48,2021-07-22,409418,6739
48201,Harris County ,TX,48,2021-07-23,411095,6745
48201,Harris County ,TX,48,2021-07-24,411554,6750
48201,Harris County ,TX,48,2021-07-25,412768,6755
48201,Harris County ,TX,48,2021-07-26,413022,6763
48201,Harris County ,TX,48,2021-07-27,413404,6776
48201,Harris County ,TX,48,2021-07-28,414098,6779
48201,Harris County ,TX,48,2021-07-29,414434,6787
48201,Harris County ,TX,48,2021-07-30,418911,6795
48201,Harris County ,TX,48,2021-07-31,423282,6806
48201,Harris County ,TX,48,2021-08-01,423779,6814
48201,Harris County ,TX,48,2021-08-02,425465,6834
48201,Harris County ,TX,48,2021-08-03,425862,6846
48201,Harris County ,TX,48,2021-08-04,427349,6859
48201,Harris County ,TX,48,2021-08-05,430218,6870
48201,Harris County ,TX,48,2021-08-06,431071,6893
48201,Harris County ,TX,48,2021-08-07,435023,6912
48201,Harris County ,TX,48,2021-08-08,439041,6928
48201,Harris County ,TX,48,2021-08-09,439649,6952
48201,Harris County ,TX,48,2021-08-10,440208,6972
48201,Harris County ,TX,48,2021-08-11,441301,7006
48201,Harris County ,TX,48,2021-08-12,445839,7028
48201,Harris County ,TX,48,2021-08-13,447115,7059
48201,Harris County ,TX,48,2021-08-14,450173,7088
48201,Harris County ,TX,48,2021-08-15,451746,7120
48201,Harris County ,TX,48,2021-08-16,454009,7164
48201,Harris County ,TX,48,2021-08-17,454416,7202
48201,Harris County ,TX,48,2021-08-18,457958,7251
48201,Harris County ,TX,48,2021-08-19,457958,7291
48201,Harris County ,TX,48,2021-08-20,461560,7324
48201,Harris County ,TX,48,2021-08-21,469361,7362
48201,Harris County ,TX,48,2021-08-22,478265,7396
48201,Harris County ,TX,48,2021-08-23,478845,7439
48201,Harris County ,TX,48,2021-08-24,479547,7486
48201,Harris County ,TX,48,2021-08-25,482046,7521
48201,Harris County ,TX,48,2021-08-26,485403,7574
48201,Harris County ,TX,48,2021-08-27,486701,7602
48201,Harris County ,TX,48,2021-08-28,488356,7633
48201,Harris County ,TX,48,2021-08-29,489357,7670
48201,Harris County ,TX,48,2021-08-30,490342,7719
48201,Harris County ,TX,48,2021-08-31,495842,7760
48201,Harris County ,TX,48,2021-09-01,497077,7798
48201,Harris County ,TX,48,2021-09-02,501798,7836
48201,Harris County ,TX,48,2021-09-03,503065,7882
48201,Harris County ,TX,48,2021-09-04,504493,7918
48201,Harris County ,TX,48,2021-09-05,509846,7957
48201,Harris County ,TX,48,2021-09-06,510333,7998
48201,Harris County ,TX,48,2021-09-07,511123,8033
48201,Harris County ,TX,48,2021-09-08,511277,8085
48201,Harris County ,TX,48,2021-09-09,513688,8122
48201,Harris County ,TX,48,2021-09-10,521211,8157
48201,Harris County ,TX,48,2021-09-11,522156,8195
48201,Harris County ,TX,48,2021-09-12,525128,8220
48201,Harris County ,TX,48,2021-09-13,526158,8257
48201,Harris County ,TX,48,2021-09-14,527150,8295
48201,Harris County ,TX,48,2021-09-15,530062,8329
48201,Harris County ,TX,48,2021-09-16,533598,8362
48201,Harris County ,TX,48,2021-09-17,536145,8398
48201,Harris County ,TX,48,2021-09-18,537385,8431
48201,Harris County ,TX,48,2021-09-19,538840,8465
48201,Harris County ,TX,48,2021-09-20,539494,8502
48201,Harris County ,TX,48,2021-09-21,540055,8521
48201,Harris County ,TX,48,2021-09-22,542092,8547
48201,Harris County ,TX,48,2021-09-23,542820,8578
48201,Harris County ,TX,48,2021-09-24,544029,8594
48201,Harris County ,TX,48,2021-09-25,547947,8619
48201,Harris County ,TX,48,2021-09-26,548746,8639
48201,Harris County ,TX,48,2021-09-27,550189,8670
48201,Harris County ,TX,48,2021-09-28,550674,8689
48201,Harris County ,TX,48,2021-09-29,551789,8710
48201,Harris County ,TX,48,2021-09-30,554336,8733
48201,Harris County ,TX,48,2021-10-01,555663,8747
48201,Harris County ,TX,48,2021-10-02,556159,8760
48201,Harris County ,TX,48,2021-10-03,558282,8769
48201,Harris County ,TX,48,2021-10-04,558618,8786
48201,Harris County ,TX,48,2021-10-05,558870,8796
48201,Harris County ,TX,48,2021-10-06,559950,8803
48201,Harris County ,TX,48,2021-10-07,561870,8814
48201,Harris County ,TX,48,2021-10-08,562902,8825
48201,Harris County ,TX,48,2021-10-09,563388,8831
48201,Harris County ,TX,48,2021-10-10,564413,8834
48201,Harris County ,TX,48,2021-10-11,564889,8840
48201,Harris County ,TX,48,2021-10-12,565088,8842
48201,Harris County ,TX,48,2021-10-13,565884,8845
48201,Harris County ,TX,48,2021-10-14,567578,8845
48201,Harris County ,TX,48,2021-10-15,568238,8845
48201,Harris County ,TX,48,2021-10-16,569187,8881
48201,Harris County ,TX,48,2021-10-17,569476,8915
48201,Harris County ,TX,48,2021-10-18,569900,8938
48201,Harris County ,TX,48,2021-10-19,570129,8972
48201,Harris County ,TX,48,2021-10-20,570517,8972
48201,Harris County ,TX,48,2021-10-21,570901,9021
48201,Harris County ,TX,48,2021-10-22,571827,9025
48201,Harris County ,TX,48,2021-10-23,572221,9037
48201,Harris County ,TX,48,2021-10-24,572797,9088
48201,Harris County ,TX,48,2021-10-25,573092,9088
48201,Harris County ,TX,48,2021-10-26,573159,9119
48201,Harris County ,TX,48,2021-10-27,573925,9119
48201,Harris County ,TX,48,2021-10-28,574156,9119
48201,Harris County ,TX,48,2021-10-29,575129,9144
48201,Harris County ,TX,48,2021-10-30,575587,9164
48201,Harris County ,TX,48,2021-10-31,575946,9189
48201,Harris County ,TX,48,2021-11-01,575974,9209
48201,Harris County ,TX,48,2021-11-02,575974,9237
48201,Harris County ,TX,48,2021-11-03,576561,9237
48201,Harris County ,TX,48,2021-11-04,577147,9237
48201,Harris County ,TX,48,2021-11-05,577961,9269
48201,Harris County ,TX,48,2021-11-06,578267,9286
48201,Harris County ,TX,48,2021-11-07,578741,9332
48201,Harris County ,TX,48,2021-11-08,578798,9332
48201,Harris County ,TX,48,2021-11-09,578798,9379
48201,Harris County ,TX,48,2021-11-10,578798,9379
48201,Harris County ,TX,48,2021-11-11,579759,9379
48201,Harris County ,TX,48,2021-11-12,580679,9393
48201,Harris County ,TX,48,2021-11-13,580908,9400
48201,Harris County ,TX,48,2021-11-14,581097,9420
48201,Harris County ,TX,48,2021-11-15,581158,9443
48201,Harris County ,TX,48,2021-11-16,581293,9443
48201,Harris County ,TX,48,2021-11-17,582122,9443
48201,Harris County ,TX,48,2021-11-18,582713,9477
48201,Harris County ,TX,48,2021-11-19,583119,9477
48201,Harris County ,TX,48,2021-11-20,583550,9491
48201,Harris County ,TX,48,2021-11-21,583816,9491
48201,Harris County ,TX,48,2021-11-22,583857,9491
48201,Harris County ,TX,48,2021-11-23,583972,9503
48201,Harris County ,TX,48,2021-11-24,584217,9503
48201,Harris County ,TX,48,2021-11-25,584217,9503
48201,Harris County ,TX,48,2021-11-26,585406,9525
48201,Harris County ,TX,48,2021-11-27,585446,9536
48201,Harris County ,TX,48,2021-11-28,585483,9550
48201,Harris County ,TX,48,2021-11-29,585477,9564
48201,Harris County ,TX,48,2021-11-30,585480,9575
48201,Harris County ,TX,48,2021-12-01,585629,9575
48201,Harris County ,TX,48,2021-12-02,585817,9575
48201,Harris County ,TX,48,2021-12-03,586099,9587
48201,Harris County ,TX,48,2021-12-04,586274,9594
48201,Harris County ,TX,48,2021-12-05,586415,9609
48201,Harris County ,TX,48,2021-12-06,586655,9610
48201,Harris County ,TX,48,2021-12-07,586975,9611
48201,Harris County ,TX,48,2021-12-08,587155,9611
48201,Harris County ,TX,48,2021-12-09,587368,9611
48201,Harris County ,TX,48,2021-12-10,589975,9626
48201,Harris County ,TX,48,2021-12-11,590537,9626
48201,Harris County ,TX,48,2021-12-12,591083,9626
48201,Harris County ,TX,48,2021-12-13,592073,9653
48201,Harris County ,TX,48,2021-12-14,592898,9663
48201,Harris County ,TX,48,2021-12-15,593876,9663
48201,Harris County ,TX,48,2021-12-16,595339,9678
48201,Harris County ,TX,48,2021-12-17,597218,9684
48201,Harris County ,TX,48,2021-12-18,599760,9696
48201,Harris County ,TX,48,2021-12-19,602207,9701
48201,Harris County ,TX,48,2021-12-20,606267,9701
48201,Harris County ,TX,48,2021-12-21,609357,9701
48201,Harris County ,TX,48,2021-12-22,613456,9701
48201,Harris County ,TX,48,2021-12-23,617822,9722
48201,Harris County ,TX,48,2021-12-24,622777,9731
48201,Harris County ,TX,48,2021-12-25,627148,9731
48201,Harris County ,TX,48,2021-12-26,631325,9740
48201,Harris County ,TX,48,2021-12-27,637031,9740
48201,Harris County ,TX,48,2021-12-28,640277,9740
48201,Harris County ,TX,48,2021-12-29,644647,9740
48201,Harris County ,TX,48,2021-12-30,648088,9749
48201,Harris County ,TX,48,2021-12-31,652047,9772
48201,Harris County ,TX,48,2022-01-01,664323,9778
48201,Harris County ,TX,48,2022-01-02,678033,9791
48201,Harris County ,TX,48,2022-01-03,691020,9805
48201,Harris County ,TX,48,2022-01-04,700621,9805
48201,Harris County ,TX,48,2022-01-05,710716,9805
48201,Harris County ,TX,48,2022-01-06,718772,9821
48201,Harris County ,TX,48,2022-01-07,729875,9821
48201,Harris County ,TX,48,2022-01-08,738421,9849
48201,Harris County ,TX,48,2022-01-09,745996,9862
48201,Harris County ,TX,48,2022-01-10,752947,9863
48201,Harris County ,TX,48,2022-01-11,763214,9864
48201,Harris County ,TX,48,2022-01-12,775079,9864
48201,Harris County ,TX,48,2022-01-13,784256,9864
48201,Harris County ,TX,48,2022-01-14,784256,9864
48201,Harris County ,TX,48,2022-01-15,784256,9864
48201,Harris County ,TX,48,2022-01-16,880805,9958
48201,Harris County ,TX,48,2022-01-17,889043,9960
48201,Harris County ,TX,48,2022-01-18,895363,9960
48201,Harris County ,TX,48,2022-01-19,901838,9960
48201,Harris County ,TX,48,2022-01-20,905850,9960
48201,Harris County ,TX,48,2022-01-21,913019,10013
48201,Harris County ,TX,48,2022-01-22,918427,10029
48201,Harris County ,TX,48,2022-01-23,924920,10066
48201,Harris County ,TX,48,2022-01-24,928497,10120
48201,Harris County ,TX,48,2022-01-25,932770,10120
48201,Harris County ,TX,48,2022-01-26,936534,10120
48201,Harris County ,TX,48,2022-01-27,939380,10169
48201,Harris County ,TX,48,2022-01-28,942932,10169
48201,Harris County ,TX,48,2022-01-29,947954,10200
48201,Harris County ,TX,48,2022-01-30,950863,10228
48201,Harris County ,TX,48,2022-01-31,954151,10260
48201,Harris County ,TX,48,2022-02-01,957219,10274
48201,Harris County ,TX,48,2022-02-02,960088,10275
48201,Harris County ,TX,48,2022-02-03,962743,10275
48201,Harris County ,TX,48,2022-02-04,965190,10302
48201,Harris County ,TX,48,2022-02-05,966632,10334
48201,Harris County ,TX,48,2022-02-06,969146,10358
48201,Harris County ,TX,48,2022-02-07,971087,10395
48201,Harris County ,TX,48,2022-02-08,972350,10395
48201,Harris County ,TX,48,2022-02-09,974122,10395
48201,Harris County ,TX,48,2022-02-10,975762,10410
48201,Harris County ,TX,48,2022-02-11,977268,10458
48201,Harris County ,TX,48,2022-02-12,978751,10475
48201,Harris County ,TX,48,2022-02-13,979981,10499
48201,Harris County ,TX,48,2022-02-14,980940,10522
48201,Harris County ,TX,48,2022-02-15,981878,10522
48201,Harris County ,TX,48,2022-02-16,982475,10522
48201,Harris County ,TX,48,2022-02-17,983339,10522
48201,Harris County ,TX,48,2022-02-18,986677,10560
48201,Harris County ,TX,48,2022-02-19,987563,10567
48201,Harris County ,TX,48,2022-02-20,987881,10585
48201,Harris County ,TX,48,2022-02-21,989076,10615
48201,Harris County ,TX,48,2022-02-22,990143,10631
48201,Harris County ,TX,48,2022-02-23,990484,10631
48201,Harris County ,TX,48,2022-02-24,990952,10631
48201,Harris County ,TX,48,2022-02-25,991389,10667
48201,Harris County ,TX,48,2022-02-26,991848,10679
48201,Harris County ,TX,48,2022-02-27,992030,10691
48201,Harris County ,TX,48,2022-02-28,992400,10693
48201,Harris County ,TX,48,2022-03-01,992769,10709
48201,Harris County ,TX,48,2022-03-02,992979,10709
48201,Harris County ,TX,48,2022-03-03,993328,10709
48201,Harris County ,TX,48,2022-03-04,993728,10724
48201,Harris County ,TX,48,2022-03-05,994176,10747
48201,Harris County ,TX,48,2022-03-06,994307,10747
48201,Harris County ,TX,48,2022-03-07,994677,10757
48201,Harris County ,TX,48,2022-03-08,994883,10769
48201,Harris County ,TX,48,2022-03-09,995185,10769
48201,Harris County ,TX,48,2022-03-10,995730,10769
48201,Harris County ,TX,48,2022-03-11,995880,10784
48201,Harris County ,TX,48,2022-03-12,996137,10791
48201,Harris County ,TX,48,2022-03-13,996362,10801
48201,Harris County ,TX,48,2022-03-14,996527,10806
48201,Harris County ,TX,48,2022-03-15,996687,10810
48201,Harris County ,TX,48,2022-03-16,996816,10810
48201,Harris County ,TX,48,2022-03-17,997102,10810
48201,Harris County ,TX,48,2022-03-18,997368,10810
48201,Harris County ,TX,48,2022-03-19,997373,10819
48201,Harris County ,TX,48,2022-03-20,998008,10837
48201,Harris County ,TX,48,2022-03-21,998163,10844
48201,Harris County ,TX,48,2022-03-22,1001007,10844
48201,Harris County ,TX,48,2022-03-23,1009474,10844
48201,Harris County ,TX,48,2022-03-24,1012397,10844
48201,Harris County ,TX,48,2022-03-25,1013802,10854
48201,Harris County ,TX,48,2022-03-26,1014043,10866
48201,Harris County ,TX,48,2022-03-27,1014132,10872
48201,Harris County ,TX,48,2022-03-28,1014223,10873
48201,Harris County ,TX,48,2022-03-29,1015500,10873
48201,Harris County ,TX,48,2022-03-30,1015659,10873
48201,Harris County ,TX,48,2022-03-31,1015850,10879
48201,Harris County ,TX,48,2022-04-01,1016209,10887
48201,Harris County ,TX,48,2022-04-02,1017000,10887
48201,Harris County ,TX,48,2022-04-03,1017205,10891
48201,Harris County ,TX,48,2022-04-04,1017342,10891
48201,Harris County ,TX,48,2022-04-05,1017466,10891
48201,Harris County ,TX,48,2022-04-06,1017622,10891
48201,Harris County ,TX,48,2022-04-07,1017828,10900
48201,Harris County ,TX,48,2022-04-08,1018030,10900
48201,Harris County ,TX,48,2022-04-09,1018501,10910
48201,Harris County ,TX,48,2022-04-10,1018762,10912
48201,Harris County ,TX,48,2022-04-11,1019414,10912
48201,Harris County ,TX,48,2022-04-12,1019584,10912
48201,Harris County ,TX,48,2022-04-13,1020143,10921
48201,Harris County ,TX,48,2022-04-14,1020609,10921
48201,Harris County ,TX,48,2022-04-15,1020841,10921
48201,Harris County ,TX,48,2022-04-16,1021092,10925
48201,Harris County ,TX,48,2022-04-17,1021310,10926
48201,Harris County ,TX,48,2022-04-18,1021513,10926
48201,Harris County ,TX,48,2022-04-19,1022141,10937
48201,Harris County ,TX,48,2022-04-20,1022304,10937
48201,Harris County ,TX,48,2022-04-21,1022571,10937
48201,Harris County ,TX,48,2022-04-22,1022857,10942
48201,Harris County ,TX,48,2022-04-23,1023142,10945
48201,Harris County ,TX,48,2022-04-24,1023393,10949
48201,Harris County ,TX,48,2022-04-25,1023604,10949
48201,Harris County ,TX,48,2022-04-26,1023836,10949
48201,Harris County ,TX,48,2022-04-27,1024068,10951
48201,Harris County ,TX,48,2022-04-28,1024367,10951
48201,Harris County ,TX,48,2022-04-29,1024706,10951
48201,Harris County ,TX,48,2022-04-30,1025046,10954
48201,Harris County ,TX,48,2022-05-01,1025311,10960
48201,Harris County ,TX,48,2022-05-02,1025524,10960
48201,Harris County ,TX,48,2022-05-03,1025760,10961
48201,Harris County ,TX,48,2022-05-04,1026050,10961
48201,Harris County ,TX,48,2022-05-05,1027743,10963
48201,Harris County ,TX,48,2022-05-06,1028173,10966
48201,Harris County ,TX,48,2022-05-07,1028592,10969
48201,Harris County ,TX,48,2022-05-08,1028969,10969
48201,Harris County ,TX,48,2022-05-09,1029336,10971
48201,Harris County ,TX,48,2022-05-10,1029669,10972
48201,Harris County ,TX,48,2022-05-11,1030100,10972
48201,Harris County ,TX,48,2022-05-12,1030959,10972
48201,Harris County ,TX,48,2022-05-13,1032781,10977
48201,Harris County ,TX,48,2022-05-14,1033443,10977
48201,Harris County ,TX,48,2022-05-15,1033940,10979
48201,Harris County ,TX,48,2022-05-16,1034292,10981
48201,Harris County ,TX,48,2022-05-17,1034756,10981
48201,Harris County ,TX,48,2022-05-18,1035542,10981
48201,Harris County ,TX,48,2022-05-19,1036292,10984
48201,Harris County ,TX,48,2022-05-20,1037219,10984
48201,Harris County ,TX,48,2022-05-21,1038107,10987
48201,Harris County ,TX,48,2022-05-22,1038970,10987
48201,Harris County ,TX,48,2022-05-23,1039640,10987
48201,Harris County ,TX,48,2022-05-24,1040229,10987
48201,Harris County ,TX,48,2022-05-25,1041086,10987
48201,Harris County ,TX,48,2022-05-26,1042106,10988
48201,Harris County ,TX,48,2022-05-27,1043185,10989
48201,Harris County ,TX,48,2022-05-28,1044662,10989
48201,Harris County ,TX,48,2022-05-29,1046222,10989
48201,Harris County ,TX,48,2022-05-30,1047194,10991
48201,Harris County ,TX,48,2022-05-31,1048237,10991
48201,Harris County ,TX,48,2022-06-01,1049089,10991
48201,Harris County ,TX,48,2022-06-02,1050250,10991
48201,Harris County ,TX,48,2022-06-03,1051613,10991
48201,Harris County ,TX,48,2022-06-04,1053267,10995
48201,Harris County ,TX,48,2022-06-05,1054950,10995
48201,Harris County ,TX,48,2022-06-06,1056240,10997
48201,Harris County ,TX,48,2022-06-07,1057339,10997
48201,Harris County ,TX,48,2022-06-08,1058746,10997
48201,Harris County ,TX,48,2022-06-09,1060394,10997
48201,Harris County ,TX,48,2022-06-10,1061379,11002
48201,Harris County ,TX,48,2022-06-11,1063105,11003
48201,Harris County ,TX,48,2022-06-12,1064567,11004
48201,Harris County ,TX,48,2022-06-13,1066240,11006
48201,Harris County ,TX,48,2022-06-14,1067520,11009
48201,Harris County ,TX,48,2022-06-15,1068733,11013
48201,Harris County ,TX,48,2022-06-16,1070327,11014
48201,Harris County ,TX,48,2022-06-17,1071421,11015
48201,Harris County ,TX,48,2022-06-18,1072746,11018
48201,Harris County ,TX,48,2022-06-19,1073716,11019
48201,Harris County ,TX,48,2022-06-20,1074546,11019
48201,Harris County ,TX,48,2022-06-21,1078005,11019
48201,Harris County ,TX,48,2022-06-22,1079620,11020
48201,Harris County ,TX,48,2022-06-23,1081780,11023
48201,Harris County ,TX,48,2022-06-24,1083789,11027
48201,Harris County ,TX,48,2022-06-25,1085720,11029
48201,Harris County ,TX,48,2022-06-26,1088092,11029
48201,Harris County ,TX,48,2022-06-27,1089645,11030
48201,Harris County ,TX,48,2022-06-28,1091272,11030
48201,Harris County ,TX,48,2022-06-29,1092990,11030
48201,Harris County ,TX,48,2022-06-30,1095501,11030
48201,Harris County ,TX,48,2022-07-01,1097811,11036
48201,Harris County ,TX,48,2022-07-02,1097811,11036
48201,Harris County ,TX,48,2022-07-03,1097811,11036
48201,Harris County ,TX,48,2022-07-04,1097811,11036
48201,Harris County ,TX,48,2022-07-05,1105669,11041
48201,Harris County ,TX,48,2022-07-06,1107060,11048
48201,Harris County ,TX,48,2022-07-07,1108878,11050
48201,Harris County ,TX,48,2022-07-08,1110767,11052
48201,Harris County ,TX,48,2022-07-09,1110767,11052
48201,Harris County ,TX,48,2022-07-10,1110767,11052
48201,Harris County ,TX,48,2022-07-11,1117804,11055
48201,Harris County ,TX,48,2022-07-12,1119966,11059
48201,Harris County ,TX,48,2022-07-13,1121510,11063
48201,Harris County ,TX,48,2022-07-14,1124156,11064
48201,Harris County ,TX,48,2022-07-15,1124156,11064
48201,Harris County ,TX,48,2022-07-16,1124156,11064
48201,Harris County ,TX,48,2022-07-17,1124156,11064
48201,Harris County ,TX,48,2022-07-18,1132406,11071
48201,Harris County ,TX,48,2022-07-19,1133825,11075
48201,Harris County ,TX,48,2022-07-20,1135716,11080
48201,Harris County ,TX,48,2022-07-21,1137516,11081
48201,Harris County ,TX,48,2022-07-22,1139580,11087
48201,Harris County ,TX,48,2022-07-23,1139580,11087
48201,Harris County ,TX,48,2022-07-24,1139580,11087
48201,Harris County ,TX,48,2022-07-25,1145698,11095
48201,Harris County ,TX,48,2022-07-26,1147154,11098
48201,Harris County ,TX,48,2022-07-27,1148529,11101
48201,Harris County ,TX,48,2022-07-28,1150278,11102
48201,Harris County ,TX,48,2022-07-29,1152498,11111
48201,Harris County ,TX,48,2022-07-30,1152498,11111
48201,Harris County ,TX,48,2022-07-31,1152498,11111
48201,Harris County ,TX,48,2022-08-01,1157453,11122
48201,Harris County ,TX,48,2022-08-02,1157453,11122
48201,Harris County ,TX,48,2022-08-03,1161493,11132
48201,Harris County ,TX,48,2022-08-04,1163014,11135
48201,Harris County ,TX,48,2022-08-05,1164711,11137
48201,Harris County ,TX,48,2022-08-06,1164711,11137
48201,Harris County ,TX,48,2022-08-07,1164711,11137
48201,Harris County ,TX,48,2022-08-08,1164711,11137
48201,Harris County ,TX,48,2022-08-09,1170119,11157
48201,Harris County ,TX,48,2022-08-10,1171452,11162
48201,Harris County ,TX,48,2022-08-11,1172785,11168
48201,Harris County ,TX,48,2022-08-12,1174692,11176
48201,Harris County ,TX,48,2022-08-13,1174692,11176
48201,Harris County ,TX,48,2022-08-14,1174692,11176
48201,Harris County ,TX,48,2022-08-15,1178703,11187
48201,Harris County ,TX,48,2022-08-16,1179755,11190
48201,Harris County ,TX,48,2022-08-17,1180769,11192
48201,Harris County ,TX,48,2022-08-18,1181678,11192
48201,Harris County ,TX,48,2022-08-19,1182581,11192
48201,Harris County ,TX,48,2022-08-20,1182581,11192
48201,Harris County ,TX,48,2022-08-21,1182581,11192
48201,Harris County ,TX,48,2022-08-22,1184843,11192
48201,Harris County ,TX,48,2022-08-23,1185397,11192
48201,Harris County ,TX,48,2022-08-24,1187051,11219
48201,Harris County ,TX,48,2022-08-25,1187051,11219
48201,Harris County ,TX,48,2022-08-26,1187051,11219
48201,Harris County ,TX,48,2022-08-27,1187051,11236
48201,Harris County ,TX,48,2022-08-28,1194732,11236
48201,Harris County ,TX,48,2022-08-29,1194732,11236
48201,Harris County ,TX,48,2022-08-30,1194732,11236
48201,Harris County ,TX,48,2022-08-31,1194732,11236
48201,Harris County ,TX,48,2022-09-01,1194732,11236
48201,Harris County ,TX,48,2022-09-02,1194732,11236
48201,Harris County ,TX,48,2022-09-03,1194732,11236
48201,Harris County ,TX,48,2022-09-04,1194732,11236
48201,Harris County ,TX,48,2022-09-05,1202227,11248
48201,Harris County ,TX,48,2022-09-06,1202827,11250
48201,Harris County ,TX,48,2022-09-07,1203622,11255
48201,Harris County ,TX,48,2022-09-08,1204328,11261
48201,Harris County ,TX,48,2022-09-09,1204328,11261
48201,Harris County ,TX,48,2022-09-10,1204328,11261
48201,Harris County ,TX,48,2022-09-11,1206797,11265
48201,Harris County ,TX,48,2022-09-12,1207405,11268
48201,Harris County ,TX,48,2022-09-13,1208024,11270
48201,Harris County ,TX,48,2022-09-14,1208024,11270
48201,Harris County ,TX,48,2022-09-15,1209407,11278
48201,Harris County ,TX,48,2022-09-16,1209407,11278
48201,Harris County ,TX,48,2022-09-17,1209407,11278
48201,Harris County ,TX,48,2022-09-18,1210931,11278
48201,Harris County ,TX,48,2022-09-19,1210931,11278
48201,Harris County ,TX,48,2022-09-20,1211693,11285
48201,Harris County ,TX,48,2022-09-21,1212113,11287
48201,Harris County ,TX,48,2022-09-22,1212546,11294
48201,Harris County ,TX,48,2022-09-23,1212546,11294
48201,Harris County ,TX,48,2022-09-24,1212546,11294
48201,Harris County ,TX,48,2022-09-25,1213414,11295
48201,Harris County ,TX,48,2022-09-26,1213414,11295
48201,Harris County ,TX,48,2022-09-27,1214068,11300
48201,Harris County ,TX,48,2022-09-28,1214376,11306
48201,Harris County ,TX,48,2022-09-29,1214670,11307
48201,Harris County ,TX,48,2022-09-30,1214670,11307
48201,Harris County ,TX,48,2022-10-01,1214670,11307
48201,Harris County ,TX,48,2022-10-02,1215364,11311
48201,Harris County ,TX,48,2022-10-03,1215364,11311
48201,Harris County ,TX,48,2022-10-04,1215706,11316
48201,Harris County ,TX,48,2022-10-05,1215706,11316
48201,Harris County ,TX,48,2022-10-06,1215706,11316
48201,Harris County ,TX,48,2022-10-07,1215706,11316
48201,Harris County ,TX,48,2022-10-08,1215706,11316
48201,Harris County ,TX,48,2022-10-09,1216704,11327
48201,Harris County ,TX,48,2022-10-10,1216704,11327
48201,Harris County ,TX,48,2022-10-11,1217685,11330
48201,Harris County ,TX,48,2022-10-12,1217685,11330
48201,Harris County ,TX,48,2022-10-13,1218034,11334
48201,Harris County ,TX,48,2022-10-14,1218034,11334
48201,Harris County ,TX,48,2022-10-15,1218034,11334
48201,Harris County ,TX,48,2022-10-16,1218472,11337
48201,Harris County ,TX,48,2022-10-17,1218472,11337
48201,Harris County ,TX,48,2022-10-18,1218785,11339
48201,Harris County ,TX,48,2022-10-19,1218785,11339
48201,Harris County ,TX,48,2022-10-20,1219126,11343
48201,Harris County ,TX,48,2022-10-21,1219126,11343
48201,Harris County ,TX,48,2022-10-22,1219126,11343
48201,Harris County ,TX,48,2022-10-23,1219564,11347
48201,Harris County ,TX,48,2022-10-24,1219564,11347
48201,Harris County ,TX,48,2022-10-25,1219873,11351
48201,Harris County ,TX,48,2022-10-26,1219873,11351
48201,Harris County ,TX,48,2022-10-27,1220195,11353
48201,Harris County ,TX,48,2022-10-28,1220195,11353
48201,Harris County ,TX,48,2022-10-29,1220195,11353
48201,Harris County ,TX,48,2022-10-30,1220616,11354
48201,Harris County ,TX,48,2022-10-31,1220616,11354
48201,Harris County ,TX,48,2022-11-01,1220844,11357
48201,Harris County ,TX,48,2022-11-02,1220844,11357
48201,Harris County ,TX,48,2022-11-03,1221164,11359
48201,Harris County ,TX,48,2022-11-04,1221164,11359
48201,Harris County ,TX,48,2022-11-05,1221164,11359
48201,Harris County ,TX,48,2022-11-06,1221593,11360
48201,Harris County ,TX,48,2022-11-07,1221593,11360
48201,Harris County ,TX,48,2022-11-08,1221904,11363
48201,Harris County ,TX,48,2022-11-09,1221904,11363
48201,Harris County ,TX,48,2022-11-10,1221904,11363
48201,Harris County ,TX,48,2022-11-11,1221904,11363
48201,Harris County ,TX,48,2022-11-12,1221904,11363
48201,Harris County ,TX,48,2022-11-13,1222882,11366
48201,Harris County ,TX,48,2022-11-14,1222882,11366
48201,Harris County ,TX,48,2022-11-15,1223210,11368
48201,Harris County ,TX,48,2022-11-16,1223210,11368
48201,Harris County ,TX,48,2022-11-17,1223210,11368
48201,Harris County ,TX,48,2022-11-18,1223210,11368
48201,Harris County ,TX,48,2022-11-19,1223210,11368
48201,Harris County ,TX,48,2022-11-20,1223210,11368
48201,Harris County ,TX,48,2022-11-21,1223210,11368
48201,Harris County ,TX,48,2022-11-22,1224810,11377
48201,Harris County ,TX,48,2022-11-23,1224810,11377
48201,Harris County ,TX,48,2022-11-24,1224810,11377
48201,Harris County ,TX,48,2022-11-25,1224810,11377
48201,Harris County ,TX,48,2022-11-26,1224810,11377
48201,Harris County ,TX,48,2022-11-27,1226063,11377
48201,Harris County ,TX,48,2022-11-28,1226063,11377
48201,Harris County ,TX,48,2022-11-29,1226063,11377
48201,Harris County ,TX,48,2022-11-30,1226840,11381
48201,Harris County ,TX,48,2022-12-01,1226840,11381
48201,Harris County ,TX,48,2022-12-02,1226840,11381
48201,Harris County ,TX,48,2022-12-03,1226840,11381
48201,Harris County ,TX,48,2022-12-04,1226840,11381
48201,Harris County ,TX,48,2022-12-05,1226840,11381
48201,Harris County ,TX,48,2022-12-06,1226840,11381
48201,Harris County ,TX,48,2022-12-07,1226840,11381
48201,Harris County ,TX,48,2022-12-08,1226840,11381
48201,Harris County ,TX,48,2022-12-09,1226840,11381
48201,Harris County ,TX,48,2022-12-10,1226840,11381
48201,Harris County ,TX,48,2022-12-11,1226840,11381
48201,Harris County ,TX,48,2022-12-12,1226840,11381
48201,Harris County ,TX,48,2022-12-13,1226840,11381
48201,Harris County ,TX,48,2022-12-14,1226840,11381
48201,Harris County ,TX,48,2022-12-15,1226840,11381
48201,Harris County ,TX,48,2022-12-16,1226840,11381
48201,Harris County ,TX,48,2022-12-17,1226840,11381
48201,Harris County ,TX,48,2022-12-18,1226840,11381
48201,Harris County ,TX,48,2022-12-19,1226840,11381
48201,Harris County ,TX,48,2022-12-20,1226840,11381
48201,Harris County ,TX,48,2022-12-21,1226840,11381
48201,Harris County ,TX,48,2022-12-22,1226840,11381
48201,Harris County ,TX,48,2022-12-23,1226840,11381
48201,Harris County ,TX,48,2022-12-24,1226840,11381
48201,Harris County ,TX,48,2022-12-25,1226840,11381
48201,Harris County ,TX,48,2022-12-26,1226840,11381
48201,Harris County ,TX,48,2022-12-27,1226840,11381
48201,Harris County ,TX,48,2022-12-28,1226840,11381
48201,Harris County ,TX,48,2022-12-29,1226840,11381
48201,Harris County ,TX,48,2022-12-30,1226840,11381
48201,Harris County ,TX,48,2022-12-31,1226840,11381
48201,Harris County ,TX,48,2023-01-01,1226840,11381
48201,Harris County ,TX,48,2023-01-02,1226840,11381
48201,Harris County ,TX,48,2023-01-03,1226840,11381
48201,Harris County ,TX,48,2023-01-04,1226840,11381
48201,Harris County ,TX,48,2023-01-05,1246532,11448
48201,Harris County ,TX,48,2023-01-06,1246532,11448
48201,Harris County ,TX,48,2023-01-07,1246532,11448
48201,Harris County ,TX,48,2023-01-08,1246532,11448
48201,Harris County ,TX,48,2023-01-09,1246532,11448
48201,Harris County ,TX,48,2023-01-10,1246532,11448
48201,Harris County ,TX,48,2023-01-11,1246532,11448
48201,Harris County ,TX,48,2023-01-12,1246532,11448
48201,Harris County ,TX,48,2023-01-13,1246532,11448
48201,Harris County ,TX,48,2023-01-14,1246532,11448
48201,Harris County ,TX,48,2023-01-15,1246532,11448
48201,Harris County ,TX,48,2023-01-16,1246532,11448
48201,Harris County ,TX,48,2023-01-17,1246532,11448
48201,Harris County ,TX,48,2023-01-18,1246532,11448
48201,Harris County ,TX,48,2023-01-19,1246532,11448
48201,Harris County ,TX,48,2023-01-20,1246532,11448
48201,Harris County ,TX,48,2023-01-21,1246532,11448
48201,Harris County ,TX,48,2023-01-22,1246532,11448
48201,Harris County ,TX,48,2023-01-23,1246532,11448
48201,Harris County ,TX,48,2023-01-24,1246532,11448
48201,Harris County ,TX,48,2023-01-25,1246532,11448
48201,Harris County ,TX,48,2023-01-26,1246532,11448
48201,Harris County ,TX,48,2023-01-27,1246532,11448
48201,Harris County ,TX,48,2023-01-28,1246532,11448
48201,Harris County ,TX,48,2023-01-29,1246532,11448
48201,Harris County ,TX,48,2023-01-30,1246532,11448
48201,Harris County ,TX,48,2023-01-31,1246532,11448
48201,Harris County ,TX,48,2023-02-01,1246532,11448
48201,Harris County ,TX,48,2023-02-02,1246532,11448
48201,Harris County ,TX,48,2023-02-03,1246532,11448
48201,Harris County ,TX,48,2023-02-04,1246532,11448
48201,Harris County ,TX,48,2023-02-05,1246532,11448