"","county_name.x","cases_per_1000","deaths_per_1000","death_per_case","hispanic_ratio","median_age","bachelors_degree","percent_male_pop","percent_female_pop","white_ratio","black_ratio","asian_ratio","amerindian_ratio","other_race_ratio","percent_children"
"1","Anderson County",96.5418116958457,1.29876876720869,0.0134529147982063,0.172840147540132,39.1,3221,0.611148631097719,0.388851368902281,0.59687949157532,0.209101771520598,0.00543751190538037,0.00277070670337853,0.000190486085857274,0.194538244410965
"2","Andrews County",91.3694031973602,2.10502361039995,0.0230386052303861,0.553962564715253,31.6,663,0.51089491949707,0.48910508050293,0.411276099448142,0.0150765204528645,0.00210502361039995,0.000910280480172953,0,0.311771064459237
"3","Angelina County",77.1379703534778,2.20068415051311,0.0285291943828529,0.215176738882554,36.8,6426,0.4869669327252,0.5130330672748,0.612360319270239,0.146841505131129,0.0106385404789054,0.000684150513112885,0.00107183580387685,0.260684150513113
"4","Aransas County",36.0422036082474,1.04703608247423,0.0290502793296089,0.270376932989691,49.6,2251,0.501288659793814,0.498711340206186,0.676667203608247,0.0157055412371134,0.0201353092783505,0.000241623711340206,0.00104703608247423,0.189795425257732
"5","Archer County",78.9264187421813,1.13726828158763,0.0144092219020173,0.0831343113840555,44.8,1122,0.493005800068236,0.506994199931764,0.885590810872285,0.00841578528374844,0.00386671215739793,0.00261571704765154,0,0.221994768565905
"6","Armstrong County",66.3556246759979,3.1104199066874,0.046875,0.0995334370139969,45.9,237,0.504924831518922,0.495075168481078,0.866251944012442,0.0124416796267496,0,0.0134784862623121,0,0.216174183514774
"7","Atascosa County",78.54338478157,1.86958599056898,0.0238032266596139,0.635347639128357,35.4,2926,0.49961569621305,0.50038430378695,0.342341968050853,0.00733293171856499,0.00386381104717589,0.00114252477201437,0.000249278132075864,0.278713724838489
"8","Austin County",47.9311757476444,0.614502253174928,0.0128205128205128,0.25938822886795,40.9,3075,0.494128089580773,0.505871910419227,0.632698347671719,0.0887955755837771,0.00198006281578588,0.000375529154718012,0.000955892393827666,0.241704219582138
"9","Bailey County",104.536489151874,2.11327134404057,0.0202156334231806,0.626514511129896,35.2,478,0.518174133558749,0.481825866441251,0.346435615666385,0.0152155536770921,0.00887573964497041,0.000704423781346858,0,0.289799943646098
"10","Bandera County",38.4687558641396,0.938262338149747,0.024390243902439,0.179958716457121,52,2588,0.495871645712141,0.504128354287859,0.787577406642897,0.0099924939012948,0.0022049164946519,0.00225182961155939,0.000750609870519797,0.173953837492963
"11","Bastrop County",54.4542126366648,0.70978507209922,0.0130345300708896,0.35966179363933,38.8,7527,0.508617039822678,0.491382960177322,0.537282394839738,0.0774412870769307,0.00854232560456255,0.00439568649914079,0.00458247204443005,0.256481458421538
"12","Baylor County",76.0688506385341,2.49861188228762,0.0328467153284672,0.101332593003887,48.1,515,0.483064963908939,0.516935036091061,0.838423098278734,0.0322043309272626,0,0,0,0.217101610216546
"13","Bee County",94.1672522839072,1.61935897827615,0.0171966255678131,0.582297045433713,35.2,1263,0.607504048397446,0.392495951602554,0.322496868220844,0.0824039842341654,0.00473586116288307,0.0046136453909377,0.000824956460631244,0.214549787650096
"14","Bell County",49.0689616232697,0.635947055921737,0.0129602713178295,0.240251288238546,30.6,32377,0.499684998187254,0.500315001812746,0.472300642484829,0.209767433567306,0.0278687452824021,0.00290336576465204,0.000965807444740956,0.277926693729087
"15","Bexar County",80.4601893019254,1.07822182194118,0.0134006871136628,0.597751907501253,33.3,208782,0.492904349039431,0.507095650960569,0.284064410011818,0.070407884972759,0.0262922277119922,0.0015147959518056,0.00150316806941212,0.260685495379502
"16","Blanco County",28.6770673640545,0.99197402831635,0.0345911949685535,0.191090269636577,49.5,1453,0.502840652899269,0.49715934710073,0.775633510686266,9.01794571196681e-05,0.00577148525565876,0,0,0.186400937866354
"17","Borden County",29.9003322259136,0,0,0.0764119601328904,42.1,116,0.51328903654485,0.48671096345515,0.92358803986711,0,0,0,0,0.277408637873754
"18","Bosque County",55.026455026455,1.11389585073796,0.0202429149797571,0.175661375661376,46.5,1596,0.491840712893344,0.508159287106655,0.786800334168755,0.0137009189640769,0.00317460317460317,0.00328599275967697,0,0.217321080478975
"19","Bowie County",52.0745447749239,1.48448763816949,0.02850697292863,0.074032146099215,38.2,8340,0.503796657232872,0.496203342767128,0.644641426816895,0.238917071607839,0.0095263523255193,0.00845837560741176,0.000320393015432264,0.237742297217921
"20","Brazoria County",75.2785444876371,0.80058960389601,0.0106350303309529,0.296868451856241,35.6,42804,0.506238529458518,0.493761470541482,0.490859694504256,0.129452737756326,0.0621222850041186,0.00304628679605197,0.00128036532319831,0.268249541178341
"21","Brazos County",77.6451587305292,0.756193081300092,0.00973908861368282,0.250645331441295,25.8,23839,0.506359957242416,0.493640042757584,0.56686007160495,0.101848005190659,0.0600146570757733,0.00111095032931742,0.000998921724680368,0.206459382629031
"22","Brewster County",102.494577006508,0.867678958785249,0.00846560846560847,0.442407809110629,43.1,1492,0.484164859002169,0.515835140997831,0.517136659436009,0.00140997830802603,0.0107375271149675,0.0165943600867679,0.00130151843817787,0.199891540130152
"23","Briscoe County",71.6530483972345,1.88560653676933,0.0263157894736842,0.322438717787555,46.4,197,0.500314267756128,0.499685732243872,0.605908233815211,0.0169704588309239,0,0,0,0.201759899434318
"24","Brooks County",94.4697283133361,3.99944835195146,0.0423357664233577,0.941111570817818,31.8,412,0.517170045510964,0.482829954489036,0.0575093090608192,0.000689560060681285,0,0,0,0.27375534409047
"25","Brown County",89.50168047212,2.14359435784794,0.0239503252513306,0.214862254214412,41,3183,0.495964220499113,0.504035779500887,0.726837272077699,0.0362293910604176,0.00629846243417048,0.00243469976446926,7.93923836239977e-05,0.226876968269511
"26","Burleson County",62.1163900886565,1.25028415548988,0.020128087831656,0.201011593543987,42.9,1129,0.499033871334394,0.500966128665606,0.657024323709934,0.123266651511707,0.00335303478063196,0.0017617640372812,0,0.226983405319391
"27","Burnet County",48.7815714063576,0.755270231245974,0.0154826958105647,0.21896172557034,44,4998,0.493902303574205,0.506097696425795,0.741164448985939,0.0154608259102117,0.00728613634849057,0.00613101717129085,0,0.217428971277517
"28","Caldwell County",67.5315706393054,1.35655090765588,0.0200876552227904,0.506536108918706,35.8,2525,0.507177387529598,0.492822612470403,0.410936266771902,0.0606254932912391,0.0096931728492502,0.00212115232833465,0,0.241046764009471
"29","Calhoun County",62.3711103982402,0.595756381467394,0.00955180014695077,0.481325328811695,37.7,1587,0.503001695614317,0.496998304385684,0.43196920397782,0.0259841437147702,0.0494477796617937,0.000595756381467394,0,0.251225883323404
"30","Callahan County",68.1551976573938,2.0497803806735,0.0300751879699248,0.0914348462664715,43.3,1080,0.486822840409956,0.513177159590044,0.868374816983895,0.014714494875549,0.00241581259150805,0.000585651537335285,0,0.239238653001464
"31","Cameron County",77.8151408492602,2.67966996746795,0.0344363569637287,0.893039283580953,31.4,29742,0.484665671904636,0.515334328095364,0.0933838805714408,0.00371250901354352,0.00643977525041587,0.00122322412369319,0.000356972020533031,0.314078262545782
"32","Camp County",76.4798737174428,2.52565114443567,0.0330237358101135,0.239463299131807,36.8,964,0.490528808208366,0.509471191791634,0.565745856353591,0.168902920284136,0.00315706393054459,0.00386740331491713,0,0.265193370165746
"33","Carson County",54.8649096635173,1.82330515498094,0.0332326283987915,0.0971324382562573,41.1,753,0.478700480689541,0.521299519310459,0.864412398475054,0.00646444554947787,0.00530416045085364,0.00381236532405105,0,0.251947621415548
"34","Cass County",49.7709011222525,1.95896141842088,0.0393595730486991,0.0433627730925028,42.9,2248,0.484726741483498,0.515273258516502,0.76416096686367,0.16953316953317,0.00424995019589614,0.000132810943621754,6.64054718108772e-05,0.228069592934458
"35","Castro County",105.436573311367,2.78798631352173,0.0264423076923077,0.638575592447092,34.4,414,0.501584083132683,0.498415916867317,0.32885565834495,0.00684323913318971,0.0117855785071601,0.000760359903687746,0.00126726650614624,0.297047269040679
"36","Chambers County",87.3405798946109,0.33093195529873,0.00378898280384727,0.213731130514472,35.4,3492,0.500954611409516,0.499045388590484,0.680192449660158,0.0802891836163226,0.0128808899523967,0.00106916477865743,0,0.279841152661457
"37","Cherokee County",67.6629065395201,1.78315307981548,0.0263534803781152,0.224929255339768,38,4229,0.50988487033376,0.49011512966624,0.612532465015312,0.135500251967283,0.00585339380548126,0.00511687405512269,0.000232585184323759,0.255087800907082
"38","Childress County",182.899207248018,1.84031710079275,0.010061919504644,0.217440543601359,32.8,581,0.556766704416761,0.443233295583239,0.640571913929785,0.072480181200453,0.0144394110985277,0.00962627406568516,0,0.20158550396376
"39","Clay County",84.2897097116405,1.25373710097406,0.0148741418764302,0.0566110521747517,46,953,0.49995177934227,0.50004822065773,0.903655125855917,0.0054007136657344,0.00279679814832674,0.0121516057479024,0,0.212363776641913
"40","Cochran County",73.6698499317872,4.09276944065484,0.0555555555555556,0.570259208731241,33.5,125,0.508867667121419,0.491132332878581,0.376534788540246,0.0262619372442019,0,0.00204638472032742,0,0.286834924965894
"41","Coke County",128.783199505868,3.08832612723904,0.0239808153477218,0.210623841877702,49.1,336,0.496911673872761,0.503088326127239,0.76899320568252,0.00648548486720198,0.00154416306361952,0.00617665225447807,0,0.204756022235948
"42","Coleman County",68.7485157919734,2.37473284255521,0.0345423143350604,0.173949180717169,46.6,639,0.508430301591071,0.491569698408929,0.773213013535977,0.0274281643315127,0.00831156494894324,0.00759914509617668,0,0.217644265020185
"43","Collin County",70.8049120695785,0.528403030385909,0.00746280187265339,0.150831168120778,36.5,194541,0.491113967672237,0.508886032327763,0.591184530809835,0.0921795257500752,0.135103793452397,0.00312665809698329,0.00260044307086399,0.268910100374696
"44","Collingsworth County",78.3212161269002,2.64375413086583,0.0337552742616034,0.312623925974884,39.8,221,0.498347653668209,0.501652346331791,0.602775941837409,0.034699272967614,0.00132187706543291,0.0426305353602115,0,0.243555849306015
"45","Colorado County",59.8192511834744,0.812891502892937,0.0135891286970424,0.289054654999283,43.4,2137,0.501458422990484,0.498541577009516,0.569884760675178,0.130397360493473,0.000669440061205948,0.00143451441686989,0,0.233969301391479
"46","Comal County",56.6537567776917,1.47172734314485,0.0259775772491113,0.267738187451588,42.2,21295,0.493663826491092,0.506336173508908,0.686762199845081,0.019728892331526,0.0104105344694036,0.000960495739736638,0.00102246320681642,0.230379550735864
"47","Comanche County",82.8639193596205,2.66824785057812,0.0322003577817531,0.272531870738215,44.4,1204,0.497331752149422,0.502668247850578,0.704417432552624,0.0066706196264453,0.00600355766380077,0.00459531574266232,7.41179958493922e-05,0.225689297361399
"48","Concho County",63.5044064282011,1.03680663556247,0.0163265306122449,0.530326594090202,41.9,237,0.679626749611198,0.320373250388802,0.448678071539658,0.00673924313115604,0.00984966303784344,0.00103680663556247,0,0.140746500777605
"49","Cooke County",71.8308416956789,1.22875281589187,0.0171062009978617,0.17340774114274,40.5,4098,0.495545771042392,0.504454228957608,0.76397706328077,0.0249846405898014,0.00862686872824084,0.00663014540241655,0.000639975424943682,0.24124513618677
"50","Coryell County",56.8730380648395,0.593526603181303,0.0104359925788497,0.177517212271492,31.2,5159,0.500158273760848,0.499841726239152,0.594647708987312,0.137051887414598,0.0176475243345907,0.0060144029122372,0.00032973700176739,0.241604895935002
"51","Cottle County",117.489986648865,4.67289719626168,0.0397727272727273,0.327102803738318,47.6,114,0.506008010680908,0.493991989319092,0.536048064085447,0.102136181575434,0,0.00333778371161549,0.0213618157543391,0.267690253671562
"52","Crane County",100.70306038048,2.27460711331679,0.0225872689938398,0.627791563275434,32.1,213,0.520057899090157,0.479942100909843,0.328990901571547,0.0415632754342432,0,0.000620347394540943,0,0.314309346567411
"53","Crockett County",123.044838373306,3.38894681960375,0.0275423728813559,0.661366006256517,35.5,166,0.496089676746611,0.503910323253389,0.329509906152242,0.00912408759124088,0,0,0,0.261209593326382
"54","Crosby County",64.9703138252757,3.73197625106022,0.0574412532637076,0.554028837998304,37.7,387,0.494995759117897,0.505004240882103,0.4,0.036980491942324,0,0,0,0.274809160305344
"55","Culberson County",130.261408949934,1.77226406734603,0.0136054421768707,0.806823216659282,41.2,104,0.514842711564023,0.485157288435977,0.173681878599911,0.00354452813469207,0.00265839610101905,0,0,0.234381922906513
"56","Dallam County",64.65935895657,2.77507978354378,0.0429184549356223,0.438046343832385,32.1,367,0.538365478007493,0.461634521992507,0.512279728042181,0.0172054946579714,0.0087415013181629,0.0116553350908839,0.00471763563202442,0.306368808103233
"57","Dallas County",91.9300230819293,0.961126677122952,0.0104549813532232,0.39627335179313,33.3,311327,0.49280800622832,0.50719199377168,0.302191862513043,0.220679073415894,0.0595737894917078,0.00174358488104245,0.00175729846999447,0.267564658592367
"58","Dawson County",120.274914089347,4.50553646429935,0.0374603174603175,0.564337533409698,33.1,771,0.555479190530737,0.444520809469263,0.362886597938144,0.0565101183657885,0.0085528827796869,0.00397098129056892,0,0.248568155784651
"59","Deaf Smith County",127.619148150103,3.16672824193804,0.0248138957816377,0.716419485934449,31.8,1186,0.501345859502824,0.498654140497176,0.259355043014725,0.00781126299678049,0.00496120757903626,0.00269171900564733,0.00116113368871061,0.317358948646224
"60","Delta County",41.1832946635731,0.966744006187162,0.0234741784037559,0.0690255220417633,43.7,454,0.493426140757927,0.506573859242073,0.81477184841454,0.0794663573085847,0.00734725444702243,0.00174013921113689,0.000386697602474865,0.226411446249033
"61","Denton County",59.2227778339504,0.561868937350974,0.00948737897648686,0.191068715675119,34.9,148204,0.491974489358407,0.508025510641593,0.608523257406367,0.0906106453045547,0.0778015693933735,0.00292965375306692,0.00205037366204159,0.257524116208319
"62","DeWitt County",75.8523004786559,2.44212171534629,0.0321957501609788,0.34492527107551,41.2,1423,0.522467519781186,0.477532480218814,0.555973429715737,0.0904561883364267,4.88424343069259e-05,0,0,0.226335840578294
"63","Dickens County",61.1510791366906,3.14748201438849,0.0514705882352941,0.276079136690647,43.2,158,0.533273381294964,0.466726618705036,0.68705035971223,0.0310251798561151,0.000899280575539568,0.00314748201438849,0,0.219424460431655
"64","Dimmit County",83.5335427832194,1.20125669931621,0.0143805309734513,0.865089632230641,33.5,400,0.488264646091295,0.511735353908705,0.132045832563297,0.000554426168915173,0.0019404915912031,0,0,0.301145814082425
"65","Donley County",84.1829303815904,2.33032333236237,0.027681660899654,0.106321002039033,41.9,290,0.499271773958637,0.500728226041363,0.818234780075735,0.0367025924847073,0.00466064666472473,0.0066996795805418,0,0.199825225750073
"66","Duval County",92.5310477523176,2.79867063145006,0.0302457466918715,0.893038306804268,36.8,394,0.51521777155851,0.48478222844149,0.0896449186636348,0.0144306454434144,0.00279867063145006,0,8.74584572328144e-05,0.25170543991604
"67","Eastland County",53.1786847576321,1.25834336360652,0.0236625514403292,0.159919028340081,43,1032,0.510832695043221,0.489167304956779,0.798500930079877,0.0224860488018383,0.0024072655651603,0.00415800415800416,0,0.2056023634971
"68","Ector County",78.4749332237518,1.72719334292172,0.022009491081656,0.58734204848983,30.3,10084,0.505945654407232,0.494054345592768,0.344828693240189,0.0414205362646394,0.0104530511608794,0.0018170844462708,0.00152814875693446,0.29938231970413
"69","Edwards County",98.0577925153955,1.42112742775936,0.0144927536231884,0.568924680246329,49.1,308,0.457129322595926,0.542870677404074,0.430601610611085,0,0,0.000473709142586452,0,0.149218379914732
"70","Ellis County",99.9622163176754,1.22492260439266,0.0122538560019509,0.254680301294396,36,16526,0.492632181946713,0.507367818053287,0.625850132852302,0.0892182434244204,0.006727933110694,0.00255344562806231,0.000950686200424152,0.270683519001536
"71","El Paso County",128.831791093942,2.32384032581679,0.0180377863731032,0.821936333962208,31.9,76291,0.490161411074177,0.509838588925823,0.124433264456623,0.0303452819453179,0.0105423292306771,0.00280777408438894,0.000501901596142904,0.280826520528254
"72","Erath County",84.6011312658475,1.02399063779988,0.0121037463976945,0.205748976009362,30,4288,0.490491515506144,0.509508484493856,0.7539252974449,0.0164082309342696,0.0076555490540277,0.00487614589428516,0.000292568753657109,0.210527598985762
"73","Falls County",75.6550407773729,1.27248539533808,0.0168195718654434,0.227832726010758,39.2,1148,0.470530395048875,0.529469604951125,0.515298744866678,0.242697669038117,0.00185088784776447,0.00225576956446295,0,0.214818670831164
"74","Fannin County",72.1875277473585,1.95341403498387,0.027060270602706,0.105957912806701,41.9,2603,0.528191316186699,0.471808683813301,0.794210791132684,0.0647882321602983,0.00662976884600586,0.00443957735223607,0.000621540829313049,0.211235090419392
"75","Fayette County",57.965789368265,1.72254937307215,0.0297166551485833,0.204222248928414,47.2,2412,0.488242599046589,0.511757400953411,0.719104274326002,0.0596482794535913,0.00729079036974723,0.00052077074069623,0,0.208388414853984
"76","Fisher County",68.6451612903226,2.58064516129032,0.037593984962406,0.298322580645161,44,368,0.481806451612903,0.518193548387097,0.664516129032258,0.0286451612903226,0.00490322580645161,0,0,0.207741935483871
"77","Floyd County",105.996976314463,4.19956324542248,0.0396196513470681,0.577859902570133,37.1,489,0.488997144296993,0.511002855703007,0.379304552326558,0.025029396942718,0.00251973794725349,0.00201579035780279,0,0.271459768184109
"78","Foard County",64.3564356435644,3.53606789250354,0.0549450549450549,0.216407355021216,48.6,133,0.52970297029703,0.47029702970297,0.761669024045262,0.0219236209335219,0,0,0,0.198727015558699
"79","Fort Bend County",61.9422254895484,0.617074840354727,0.0099621031610956,0.241697953813565,35.8,129438,0.4915471991971,0.5084528008029,0.343582773069673,0.202223437317706,0.192218109951773,0.00189901619434906,0.00153355045746471,0.279519440668746
"80","Franklin County",53.1064949713319,1.50390074255099,0.0283185840707965,0.139016824889557,42.9,1031,0.508412444778645,0.491587555221355,0.795939467995112,0.0452110160729392,0.000469968982047185,0.00535764639533791,0,0.242691982329166
"81","Freestone County",50.2901353965184,1.52702840272829,0.0303643724696356,0.14715463707625,40.6,1200,0.520411279649801,0.479588720350199,0.675404662526723,0.161050595541077,0.0036648681665479,0.00152702840272829,0,0.230072279344396
"82","Frio County",112.401883830455,1.25588697017268,0.0111731843575419,0.785243328100471,31.3,648,0.594610151753009,0.405389848246991,0.164311878597593,0.0355311355311355,0.00627943485086342,0,0.00423861852433281,0.240188383045526
"83","Gaines County",65.4633214339585,1.81004575393434,0.0276497695852535,0.405550806978732,28.1,798,0.506913369199055,0.493086630800945,0.563024787571019,0.02272613002162,0.00457539343355624,0.00140781336417115,0.00155865051033234,0.356629292573785
"84","Galveston County",83.7463883630567,0.781483511009266,0.00933154881403822,0.239133954368835,37.6,41264,0.493685862309455,0.506314137690545,0.580290425425924,0.125485702899273,0.0331585633157318,0.00259041546278769,0.000476362458902062,0.246223348610142
"85","Garza County",41.2524113369936,2.67101943908592,0.0647482014388489,0.53999109660187,40.1,412,0.648315773853687,0.351684226146313,0.404511055052678,0.044516990651432,0.00563881881584805,0.000890339813028639,0.00103872978186675,0.177177622792699
"86","Gillespie County",70.5501368595551,1.23366359535834,0.0174863387978142,0.225490574039092,50.2,4621,0.487875399976869,0.512124600023131,0.756158679979953,0.000771039747098963,0.00119511160800339,0.000115655962064844,0,0.199390878599792
"87","Glasscock County",66.1971830985915,0.704225352112676,0.0106382978723404,0.405633802816901,38.3,187,0.557746478873239,0.442253521126761,0.594366197183099,0,0,0,0,0.243661971830986
"88","Goliad County",39.8135818908123,1.19840213049268,0.0301003344481605,0.356191744340879,46.4,603,0.50306258322237,0.49693741677763,0.586018641810919,0.0532623169107856,0.00159786950732357,0,0,0.216511318242344
"89","Gonzales County",95.4372993481856,1.41064305866329,0.0147808358817533,0.500681000097286,36.9,1278,0.505885786555112,0.494114213444888,0.423338846191264,0.0665920809417258,0.00175114310730616,0.000681000097285728,0,0.269967895709699
"90","Gray County",77.2145283511889,1.74200853584183,0.0225606316976875,0.279243968295445,36.7,1508,0.528830241268182,0.471169758731818,0.644848009755248,0.0427227593415208,0.00705513457015939,0.00884069331939727,0,0.254812298580263
"91","Grayson County",71.2111363023798,1.78364751954085,0.0250473115885562,0.126829229622818,40.2,11483,0.48797425205714,0.51202574794286,0.763876777702028,0.0554516195519477,0.0131989916446023,0.0127946982068397,0.00172022894106829,0.237922724462131
"92","Gregg County",68.4834929741819,1.79089479911185,0.026150751390368,0.181917635046434,35.4,11233,0.489181698837944,0.510818301162056,0.583191520396752,0.200888154162817,0.0136059383154244,0.0031198846047876,0.00111829629989789,0.258715417902465
"93","Grimes County",69.0474449886688,1.90072373711529,0.0275277924827951,0.236420790993494,40.4,1703,0.550844359967834,0.449155640032166,0.586702244316105,0.155676584545654,0.00102346662767746,0.00259521894875356,0.000475180934278822,0.224248848600044
"94","Guadalupe County",60.4616638721179,0.848305708169582,0.0140304724323139,0.373247884206271,36.7,17245,0.49447607181438,0.50552392818562,0.513615969354956,0.0707009788652586,0.0165485886976519,0.00201472605690276,0.00286965915341741,0.26025754031109
"95","Hale County",164.161380948243,3.90998349118082,0.023817925194072,0.587685000144814,33,2324,0.518608625133953,0.481391374866047,0.345758391983086,0.0440814435079793,0.00240391577605932,0.000666145335534509,0.00075303385756075,0.277521939351812
"96","Hall County",113.797549967763,3.54609929078014,0.0311614730878187,0.341715022566086,43.2,167,0.500322372662798,0.499677627337202,0.567375886524823,0.074468085106383,0.00483558994197292,0.000967117988394584,0,0.235332043842682
"97","Hamilton County",66.4233576642336,2.55474452554745,0.0384615384615385,0.12007299270073,46.4,982,0.494160583941606,0.505839416058394,0.850851581508516,0.00669099756690998,0.00194647201946472,0.00705596107055961,0,0.204257907542579
"98","Hansford County",121.655820679682,3.07302964569776,0.025260029717682,0.464389009399855,34.9,426,0.498915401301518,0.501084598698482,0.533261026753435,0.000723065798987708,0,0.00108459869848156,0,0.293022415039769
"99","Hardeman County",79.9498746867168,2.25563909774436,0.0282131661442006,0.213032581453634,43.6,301,0.488721804511278,0.511278195488722,0.686215538847118,0.0694235588972431,0.00476190476190476,0.00401002506265664,0,0.225814536340852
"100","Hardin County",72.8662511385352,1.23229689425464,0.0169117647058824,0.0536317039629954,39.3,4357,0.488721804511278,0.511278195488722,0.870162341721287,0.0562748915042952,0.00471487507366992,0.00248245316378833,0.000892968763952637,0.247638097619345
"101","Harris County",63.2758364289267,0.845206925437723,0.0133574990571177,0.422169258376774,33.1,559393,0.497414771653815,0.502585228346185,0.306390493554441,0.18523510784067,0.0678616088011121,0.00178498863887214,0.00213920215559807,0.270700222449624
"102","Harrison County",53.6738431973096,1.06597003272978,0.0198601398601399,0.127120679818635,37.7,5859,0.488199261327808,0.511800738672192,0.638170735369186,0.213073897246494,0.00702639401855689,0.0031378554484581,0.000495450860282857,0.255952917154611
"103","Hartley County",54.4579969077478,0.343583576705034,0.00630914826498423,0.262326060814293,39.8,561,0.605394262154269,0.394605737845731,0.595602130218176,0.0841779762927332,0.0139151348565539,0.000171791788352517,0.0082460058409208,0.215598694382409
"104","Haskell County",61.1436445056838,2.92800551153979,0.047887323943662,0.276438167413021,43.4,377,0.559249052704099,0.440750947295901,0.658284533241474,0.0313468825353083,0.0074061315880124,0.00551153978642783,0.00189459180158457,0.168446434722701
"105","Hays County",74.2135976144896,0.667203851305923,0.00899031811894882,0.377781085284049,31.3,27823,0.497698146712995,0.502301853287005,0.552845111192088,0.0348177763635337,0.0128462403062979,0.00219664037199181,0.00210425830027253,0.234522153734032
"106","Hemphill County",108.622350674374,0.481695568400771,0.00443458980044346,0.351878612716763,35.1,482,0.475915221579961,0.524084778420039,0.61849710982659,0.00746628131021195,0.00313102119460501,0.00385356454720617,0,0.319123314065511
"107","Henderson County",55.6427020718561,1.33020442481208,0.0239061795218764,0.121324682821539,43.8,6711,0.487406979808501,0.512593020191499,0.789262991454064,0.0655564897662103,0.00662592392736582,0.00858358326954208,0.000414120245460364,0.218793529684892
"108","Hidalgo County",67.2452381604666,2.40370012590243,0.0357452838543973,0.918115775443428,28.9,59522,0.488819459250851,0.511180540749149,0.0659159371988675,0.00419515948633714,0.0094730560462349,0.000706340027086294,0.000240608238569024,0.335337607901479
"109","Hill County",68.3229813664596,1.33910764146105,0.0195996663886572,0.19992592170494,42.5,2628,0.495013960909454,0.504986039090547,0.713373981423443,0.0629665508006154,0.00290614849848994,0.00242179041540829,0.000142458259729899,0.235284061769901
"110","Hockley County",88.0419370085507,3.91011042839342,0.0444119082479258,0.469256219653676,33.4,1313,0.494349675589739,0.505650324410261,0.477463154728656,0.0364800412495166,0.00193357109096378,0.00562884028702789,0.000343745971726894,0.264641429983242
"111","Hood County",91.1256270525822,1.53379768306326,0.0168316831683168,0.119834710743802,46.8,7260,0.49079721390162,0.50920278609838,0.84808185066224,0.0069291565917211,0.00804792666642607,0.00869753509689992,0,0.213558771518279
"112","Hopkins County",70.0826630298645,2.39360961897075,0.034154090548054,0.163071613459879,39.6,2796,0.491051796598848,0.508948203401152,0.739708870271925,0.0665200812713964,0.00706949817696012,0.00205961757911436,0.000974143449581118,0.252330986111498
"113","Houston County",59.5212044290779,1.31296774475907,0.0220588235294118,0.106744277648912,44.6,1830,0.537178869972428,0.462821130027572,0.619501947568821,0.249201277955272,0.0038076064598013,0.00157556129371088,0.00153179570221892,0.192831196113615
"114","Howard County",114.987257131896,2.16491737688745,0.0188274547187798,0.411882381957195,36.7,2271,0.564193910827327,0.435806089172673,0.500452166287578,0.0518209969581541,0.00789235701953906,0.00676879230495191,0.00010961606971582,0.219177331396783
"115","Hudspeth County",125.877903835764,2.16099405726634,0.0171673819742489,0.783630470016207,38.8,169,0.497298757428417,0.502701242571583,0.184764991896272,0.0148568341437061,0.0118854673149649,0,0,0.244192328471097
"116","Hunt County",50.452824339585,1.14036447377162,0.0226025894228659,0.153196341976484,37.9,7264,0.491928876685636,0.508071123314364,0.72858218374261,0.0779876442062842,0.0119129337260025,0.00792719381767454,0.000564646487013131,0.23978654148491
"117","Hutchinson County",57.7312937707335,2.62624401032068,0.0454908220271349,0.225165868042757,36.9,1412,0.4993549576115,0.5006450423885,0.712956137117582,0.01985809067453,0.00552893475856985,0.0131772945079248,0.000276446737928492,0.259859933652783
"118","Irion County",52.7638190954774,0.628140703517588,0.0119047619047619,0.228643216080402,45.5,95,0.535804020100503,0.464195979899498,0.724246231155779,0.032035175879397,0,0,0,0.23178391959799
"119","Jack County",59.9615341101935,1.3576196402308,0.0226415094339623,0.162801221857676,40.6,415,0.562620205905645,0.437379794094355,0.779386808462496,0.044688313157597,0.00124448467021156,0.00373345401063469,0.0013576196402308,0.213485688426293
"120","Jackson County",87.0154513418271,1.55868799132556,0.0179127725856698,0.32258064516129,39.2,1301,0.488885876931418,0.511114123068582,0.593995662781241,0.0710897262130659,0.0029818378964489,0,0,0.258200054215234
"121","Jasper County",55.439566640334,1.35424895609976,0.0244274809160305,0.0647218146936012,40.4,1653,0.491479516984539,0.508520483015461,0.747150434488207,0.167277959598239,0.00507843358537411,0.00149531655569349,0.00208780047398713,0.242664484821126
"122","Jeff Davis County",51.8783542039356,0.447227191413238,0.00862068965517241,0.362254025044723,55.3,326,0.478533094812165,0.521466905187835,0.608676207513417,0.00670840787119857,0.0147584973166369,0.00134168157423971,0,0.182468694096601
"123","Jefferson County",62.6026224202,1.03309843110451,0.0165024785091297,0.195326309835254,36,21920,0.512243984067501,0.487756015932499,0.416912174848963,0.337430373879501,0.036390204812746,0.00230974097904735,0.000624572815762804,0.237726554950623
"124","Jim Hogg County",93.8806537438236,2.09045990117826,0.0222672064777328,0.93842645381984,35.4,279,0.498479665526416,0.501520334473584,0.0587229190421893,0,0,0,0,0.297795515013303
"125","Jim Wells County",82.7000338835374,1.69417687206544,0.0204858062628036,0.80233796408345,34.5,2246,0.487293673459509,0.512706326540491,0.182874292076093,0.0051793407231715,0.00559078367781596,0.000871290962776514,0.000363037901156881,0.283169562902367
"126","Johnson County",90.1213063375226,1.32981214062295,0.0147558018704538,0.202749527073851,36.9,13984,0.498754471727445,0.501245528272555,0.736434979678223,0.0281320821861362,0.00761052112403464,0.00414551765903117,0.000568135703270838,0.262228964931668
"127","Jones County",128.649406580199,1.7527167109019,0.0136239782016349,0.271621012569483,38.6,1315,0.633882517902749,0.366117482097251,0.547849166207622,0.144824477940808,0.00295457959837749,0.00140217336872152,0.00215333767339376,0.176773999699534
"128","Karnes County",92.1533452926716,1.72745996943725,0.0187454938716655,0.529200717560295,35.3,1031,0.595309281775297,0.404690718224703,0.377649325626204,0.0874360507607468,0.00106305228888446,0.000996611520829181,0,0.210417912431068
"129","Kaufman County",99.6935186152614,1.34085605823146,0.0134497816593886,0.198664368056281,35.7,10175,0.490605300734859,0.509394699265141,0.665952704349946,0.10383798279525,0.0107877964684986,0.00427506704280291,0.00144533834848327,0.277592031483997
"130","Kendall County",46.891281695033,1.09164888602193,0.0232804232804233,0.230362725152583,42.4,7464,0.485486031856299,0.514513968143701,0.735895400188557,0.00689723614350221,0.00717014836500769,0.000297722423460527,0,0.23703666947849
"131","Kenedy County",53.1914893617021,3.54609929078014,0.0666666666666667,0.884751773049645,29.8,11,0.49645390070922,0.50354609929078,0.113475177304965,0,0.00177304964539007,0,0,0.290780141843972
"132","Kent County",100,1.47058823529412,0.0147058823529412,0.216176470588235,46.7,86,0.457352941176471,0.542647058823529,0.770588235294118,0.00735294117647059,0,0.00588235294117647,0,0.225
"133","Kerr County",59.4944938042986,1.20170997419279,0.0201986754966887,0.26128326865113,47.8,6047,0.483895116329466,0.516104883670534,0.698922401055929,0.0141644175646658,0.00973188077461043,0.00198971651464707,0.000197001635113571,0.195681724158311
"134","Kimble County",51.2184115523466,1.35379061371841,0.026431718061674,0.236687725631769,52.6,388,0.482851985559567,0.517148014440433,0.743456678700361,0.000225631768953069,0,0.00473826714801444,0.00338447653429603,0.187048736462094
"135","King County",38.0622837370242,0,0,0.26643598615917,32.7,30,0.519031141868512,0.480968858131488,0.73356401384083,0,0,0,0,0.252595155709343
"136","Kinney County",71.054805838612,0.826218672541999,0.0116279069767442,0.618286973285596,41.1,237,0.615257504819609,0.384742495180391,0.380611401817681,0.00110162489672267,0,0,0,0.193610575599009
"137","Kleberg County",62.8091312618897,1.99746353836398,0.0318021201413428,0.723493975903614,27.9,2897,0.516487000634115,0.483512999365885,0.209828788839569,0.0348129359543437,0.0200380469245403,0.00126823081800888,0.00142675967025999,0.244768547875713
"138","Knox County",55.1558752997602,3.19744204636291,0.0579710144927536,0.334399147348788,40.6,383,0.500666133759659,0.499333866240341,0.593658406608047,0.0599520383693046,0.00159872102318145,0.00133226751931788,0,0.273914201971756
"139","Lamar County",100.321855832878,2.26716058379385,0.0225988700564972,0.0746746017287099,40.4,4006,0.483310054452339,0.516689945547661,0.749762150563754,0.123337584259428,0.0088459747778385,0.00307686079229165,0.000141697536487116,0.23693852351167
"140","Lamb County",134.575104727708,5.46080191502095,0.0405780989438577,0.5495960502693,35.6,945,0.511071214841412,0.488928785158588,0.397890484739677,0.0362058647516457,0.00538599640933573,0.00291741472172352,0,0.28254039497307
"141","Lampasas County",44.5953206662433,0.830361940116251,0.0186199342825849,0.192204366726909,41.8,1871,0.495481854149367,0.504518145850633,0.728569335222,0.0303326332242466,0.0110389293215454,0.00410296488057442,0.00195379280027353,0.235090118692913
"142","La Salle County",109.733081693179,2.02210838500944,0.0184275184275184,0.799137233755729,33.9,548,0.586007009975735,0.413992990024265,0.176327851172823,0.0124022647613912,0.00134807225667296,0,0,0.21286060932866
"143","Lavaca County",93.7610151568558,3.12201017171056,0.033297529538131,0.180925524950904,43.9,1742,0.483206606576363,0.516793393423637,0.742736290850496,0.066065763633617,0.00372627020494486,0.000402840022156201,0.000151065008308575,0.235560702955839
"144","Lee County",70.1483679525223,2.01780415430267,0.0287648054145516,0.232403560830861,41.3,1414,0.503026706231454,0.496973293768546,0.636854599406528,0.109970326409496,0.0085459940652819,0,0.00160237388724036,0.226409495548961
"145","Leon County",51.5737357067075,1.65035954261464,0.032,0.14175409642815,44.7,1381,0.500117882824472,0.499882117175528,0.765413179299776,0.0717906401037369,0.00742661794176588,0.00583519981138748,0.000353648473417423,0.226865495697277
"146","Liberty County",64.0428621501177,1.38951479645486,0.0216966379984363,0.218917430273897,35.8,3474,0.494354313754945,0.505645686245055,0.658154323769466,0.0997947023183616,0.00568324069901357,0.00336738270492214,0.000813679835761855,0.254794451955335
"147","Limestone County",60.4770017035775,1.44804088586031,0.023943661971831,0.212691652470187,39.5,1572,0.514097103918228,0.485902896081772,0.592206132879046,0.176320272572402,0.00664395229982964,0.00281090289608177,0.00212947189097104,0.230110732538331
"148","Lipscomb County",70.9585121602289,2.86123032904149,0.0403225806451613,0.29928469241774,35,314,0.5379113018598,0.4620886981402,0.660371959942775,0.00371959942775393,0.00715307582260372,0.00686695278969957,0.000572246065808298,0.273247496423462
"149","Live Oak County",80.2956074067923,1.32857261479698,0.0165460186142709,0.387694096155443,42.3,722,0.543718342605663,0.456281657394337,0.576351407456614,0.0243294860084696,0.00647679149713527,0,0,0.199784106950095
"150","Llano County",39.8613518197574,1.48551621688537,0.0372670807453416,0.0981926219361228,57.1,2981,0.487645456796237,0.512354543203763,0.871156226788809,0.00742758108442684,0.00381282495667244,0.00138648180242634,4.95172072295123e-05,0.144986382768012
"151","Loving County",13.5135135135135,0,0,0.162162162162162,57.5,3,0.527027027027027,0.472972972972973,0.743243243243243,0,0,0.0540540540540541,0,0.0945945945945946
"152","Lubbock County",152.998570671248,2.17419021480194,0.0142105263157895,0.344817173418511,30.7,31162,0.493487495051033,0.506512504948967,0.545054052784507,0.0686648190523483,0.020500466377222,0.00352634863542722,0.00107367418014911,0.241345179538454
"153","Lynn County",98.7035436473639,3.11149524632671,0.031523642732049,0.471564390665514,38.1,523,0.511149524632671,0.488850475367329,0.493171996542783,0.0133102852203976,0.00259291270527226,0.00466724286949006,0,0.264822817631806
"154","McCulloch County",57.3357888275015,1.47329650092081,0.0256959314775161,0.315653775322284,43.5,671,0.512093308778392,0.487906691221608,0.622099447513812,0.0197667280540209,0,0.000122774708410068,0.0248004910988336,0.237569060773481
"155","McLennan County",89.1014162461338,1.39996744261761,0.0157120672330319,0.256430083021325,33.2,21969,0.487929350480221,0.512070649519779,0.56749959303272,0.141889142112974,0.015110695100114,0.00189239785121276,0.00109474198274459,0.248282598079114
"156","McMullen County",116.666666666667,3.33333333333333,0.0285714285714286,0.505,42,49,0.535,0.465,0.486666666666667,0,0,0.00833333333333333,0,0.283333333333333
"157","Madison County",83.1246870305458,1.50225338007011,0.0180722891566265,0.224193433006653,35.2,921,0.618713784963159,0.381286215036841,0.557550611631733,0.173689105086201,0.0113742041633879,0.00121610987910437,0,0.198655125545461
"158","Marion County",39.5463510848126,1.9723865877712,0.0498753117206983,0.0388560157790927,49.8,778,0.495562130177515,0.504437869822485,0.708777120315582,0.236883629191321,0,0.00335305719921105,0,0.187179487179487
"159","Martin County",102.577970073914,3.24499729583559,0.031634446397188,0.450694068866054,31.7,448,0.51487290427258,0.48512709572742,0.536686497205697,0.00648999459167117,0,0.00468721831620696,0,0.310438074634938
"160","Mason County",82.4842309558467,0.970402717127608,0.0117647058823529,0.242843279961184,48.9,424,0.533721494420184,0.466278505579816,0.718583212032994,0.000242600679281902,0.0249878699660359,0.00291120815138282,0,0.20790878214459
"161","Matagorda County",70.8142826039626,1.95950359242325,0.0276710222905457,0.414489440452863,37.2,2547,0.496652514696277,0.503347485303723,0.449134552580013,0.101812540822992,0.0198944045286305,0.00435445242760723,0,0.259851948617461
"162","Maverick County",144.768665935863,3.88021784900211,0.0268028846153846,0.952950183570844,29.6,2808,0.496285082911381,0.503714917088619,0.0264655217414,0.0022446103252075,0.00440222025021315,0.0115884533068852,0.00111360512258356,0.320318073463138
"163","Medina County",67.0058498805306,1.27708659471039,0.0190593298493698,0.51256488423828,38.8,4251,0.516457938535058,0.483542061464942,0.445414847161572,0.0234819148059652,0.00624124577737497,0.00335750185383538,0,0.235519485869655
"164","Menard County",84.7856806406029,2.3551577955723,0.0277777777777778,0.373056994818653,49.1,170,0.54592557701366,0.45407442298634,0.589731512011305,0.00612341026848799,0,0.00565237870937353,0,0.178991992463495
"165","Midland County",83.3984851422603,1.26342387871131,0.0151492425378731,0.432341149465547,31.8,19394,0.502479938454995,0.497520061545005,0.473033405677902,0.0586303734605931,0.0182195730628022,0.0038027807834479,0.000913167753920054,0.279285477505426
"166","Milam County",64.4225662813023,0.776175497365088,0.0120481927710843,0.257608562441276,41.5,1860,0.49814126394052,0.50185873605948,0.62943747702112,0.084276318477062,0.0049838637199232,0.00138894562686384,0.000408513419665836,0.249846807467625
"167","Mills County",70.3908328217721,3.27399222426847,0.0465116279069767,0.182525066502967,47.3,502,0.465520769388173,0.534479230611827,0.81256394516063,0.00225086965418457,0.000613873542050338,0,0,0.228360957642726
"168","Mitchell County",60.9756097560976,2.39343514930476,0.0392523364485981,0.392751310690677,34.6,545,0.617392295418281,0.382607704581719,0.486665147025302,0.102803738317757,0.00376111237747891,0.00341919307043538,0,0.19101891953499
"169","Montague County",88.2716685561167,2.370400906936,0.0268534734384121,0.106771101721117,44,1461,0.490157683190766,0.509842316809234,0.863032051942698,0.00211274863444296,0.000979078635473565,0.00257652272493043,0,0.229104400700814
"170","Montgomery County",61.6719015970119,0.609132882525174,0.00987699206204933,0.229702888896778,36.7,77686,0.495217559469868,0.504782440530132,0.678622612283183,0.0446853155999679,0.0276968610971492,0.00139390530786435,0.00125750438631731,0.266521795185608
"171","Moore County",96.1119186046512,2.5890261627907,0.026937618147448,0.541424418604651,30.5,1327,0.520803052325581,0.479196947674419,0.336573401162791,0.0317950581395349,0.0788063226744186,0.00267986918604651,0,0.316860465116279
"172","Morris County",53.6312849162011,1.19712689545092,0.0223214285714286,0.0916201117318436,42.9,893,0.480606544293695,0.519393455706305,0.651157222665603,0.235674381484437,0.00103750997605746,0.00367118914604948,0,0.230167597765363
"173","Motley County",70.9156193895871,6.28366247755835,0.0886075949367089,0.163375224416517,37.6,92,0.516157989228007,0.483842010771993,0.764811490125673,0.0350089766606822,0,0,0.00987432675044883,0.240574506283662
"174","Nacogdoches County",53.5995474767241,1.69696228463103,0.0316600114090131,0.189142498968063,30.6,5756,0.478466924523398,0.521533075476602,0.599272293650915,0.171546070232835,0.0163886808029231,0.00262952714375258,0.00025989512467322,0.234654721682897
"175","Navarro County",99.4630900308879,1.47183813926491,0.0147978324301792,0.262173759820892,38.9,3170,0.49184269989013,0.50815730010987,0.572793797549701,0.131076514853127,0.00626049462053525,0.00317170753954269,0.000518252865938349,0.263168805323493
"176","Newton County",33.0584337774019,1.40974131246916,0.0426439232409382,0.0345386621554945,43.5,668,0.524141819976034,0.475858180023966,0.736025939240149,0.213152886445337,0.000845844787481497,0.00197363783745683,0,0.207866356523578
"177","Nolan County",93.3288859239493,2.53502334889927,0.0271622587562545,0.363975983989326,38.8,948,0.508939292861908,0.491060707138092,0.570246831220814,0.0488992661774516,0.00280186791194129,0.00393595730486991,0,0.251701134089393
"178","Nueces County",89.0583680164247,1.44218430948104,0.0161936979264549,0.629905379319579,35.1,31165,0.493288403387599,0.506711596612401,0.3032297117863,0.0360267124892603,0.0190329275504625,0.00224835696990661,0.000638801173832026,0.251391972863503
"179","Ochiltree County",92.0450209843571,1.81228538725677,0.0196891191709845,0.52966425028615,31.7,849,0.510587561999237,0.489412438000763,0.444677603967951,0.00171690194582221,0.00190766882869134,0.00658145745898512,0,0.316100724914155
"180","Oldham County",80.1728276524244,0.960153624579933,0.0119760479041916,0.154584733557369,29.9,227,0.579932789246279,0.420067210753721,0.758041286605857,0.0561689870379261,0.000960153624579933,0.000480076812289966,0,0.374459913586174
"181","Orange County",70.86248197452,0.96533149006662,0.0136226034308779,0.07086248197452,37.7,6754,0.494643006113766,0.505356993886234,0.813655269398992,0.0825656365824882,0.0112741183901608,0.00286024145204924,0.000929578471916004,0.248125945965272
"182","Palo Pinto County",81.753175139635,1.77878971148031,0.0217580504786771,0.197054324237789,41,2239,0.494645842968444,0.505354157031556,0.75431356505034,0.0242271158703618,0.00629691557864029,0.00622576399018108,0.00120957700380661,0.236009818919207
"183","Panola County",52.0912870111139,2.07856112666497,0.0399022801302932,0.0855603631119029,38.7,1599,0.493552218545856,0.506447781454144,0.734325952320353,0.163060999406125,0.0063629422244846,0.000509035377958768,0,0.238313396114363
"184","Parker County",89.8200265157229,0.912966506037487,0.0101643980908609,0.114803553424418,39.6,16056,0.496534696696649,0.503465303303351,0.844454323888761,0.0130355739383787,0.00486650841913895,0.00493795797178537,0.00104792677214738,0.247151941443122
"185","Parmer County",112.754533481917,3.2418194711782,0.0287511230907457,0.624151555060278,34.1,747,0.513119238172424,0.486880761827576,0.351332185188937,0.0163104042143653,0.00222875088643501,0.00141829601864046,0,0.290953297538243
"186","Pecos County",83.0802328524424,1.64515312579094,0.0198019801980198,0.684763351050367,36.2,696,0.573146038977474,0.426853961022526,0.25904834219185,0.0413819286256644,0.00417615793470008,0.00550493545937737,0.00126550240445457,0.241710959250823
"187","Polk County",53.0506237493081,1.49018606037382,0.0280898876404494,0.147869033933665,43.4,3086,0.538340358496189,0.461659641503811,0.709435006599395,0.104206582364712,0.00615233959211479,0.0147741303699919,0.000894111636224294,0.206284327500319
"188","Potter County",131.543347356265,2.4911325579477,0.018937731234715,0.375814567351316,33.6,7824,0.515276746679865,0.484723253320135,0.451678627402458,0.0932195001237317,0.0523220325002062,0.00270560092386373,0.000734141714097171,0.276342489482801
"189","Presidio County",85.5235711305799,2.64219162842442,0.0308943089430894,0.814073146989292,41.4,608,0.494785148101794,0.505214851898206,0.1361424002225,0,0.0497844527882075,0,0,0.281184814351272
"190","Rains County",56.1977592032723,1.77841010136938,0.0316455696202532,0.0865196514316201,47.6,601,0.508803130001778,0.491196869998222,0.858349635425929,0.0152943268717766,0.000800284545616219,0.0096923350524631,0,0.21020807398186
"191","Randall County",115.693363563944,1.59323487958821,0.013771186440678,0.201559531834058,35.6,17818,0.491367424474539,0.508632575525461,0.734197867516392,0.0275445799374962,0.014599546540842,0.00396010784974569,0.000689380476744899,0.242309577792757
"192","Reagan County",95.8500669344043,1.87416331994645,0.0195530726256983,0.701472556894244,33,179,0.531726907630522,0.468273092369478,0.288621151271754,0.0072289156626506,0,0,0,0.286211512717537
"193","Real County",78.3204288266826,3.57355568790947,0.0456273764258555,0.197736748064324,54.3,391,0.462477665276951,0.537522334723049,0.799583085169744,0.00208457415128052,0.000297796307325789,0,0,0.199523525908279
"194","Red River County",44.4426455112119,2.50951185946734,0.0564663023679417,0.0726139399336194,45.6,934,0.469764429693192,0.530235570306808,0.731401279041528,0.176151542135514,8.09519954666883e-05,0.00218570387760058,0,0.199627620820853
"195","Reeves County",102.900412412954,2.23108647150294,0.0216819973718791,0.750185923872625,35.4,683,0.604286390372524,0.395713609627476,0.182070177810831,0.0446893381110135,0.0113582584003786,0.00365086877155027,0.00229869515245758,0.22567777702657
"196","Refugio County",73.4951323186617,2.33100233100233,0.0317164179104478,0.49718908542438,42.3,438,0.49595502536679,0.50404497463321,0.422871246400658,0.0497737556561086,0.000685588920883039,0.00109694227341286,0,0.236665295488825
"197","Roberts County",55.1181102362205,1.12485939257593,0.0204081632653061,0.0742407199100112,37.8,152,0.454443194600675,0.545556805399325,0.905511811023622,0,0.00449943757030371,0,0,0.296962879640045
"198","Robertson County",63.908650684522,1.49458958569977,0.0233863423760524,0.202188079153464,41.4,1170,0.495665690201471,0.504334309798529,0.578824654749806,0.197226041728941,0.00269026125425958,0.00245112692054762,0.000597835834279907,0.241824594966222
"199","Rockwall County",90.9372442320879,0.862698254695069,0.00948674288494284,0.17053774857876,37.2,15356,0.491771185878293,0.508228814121707,0.722863715796226,0.0601344924458602,0.024277213705842,0.00222310704094499,0.000453469595416639,0.277180525139912
"200","Runnels County",105.688681083187,2.72744983440483,0.0258064516129032,0.338398597311514,41.1,1063,0.491915059419443,0.508084940580557,0.622832651470875,0.0130527956360803,0.0106175725696474,0.00360413013832067,0.000487044613286577,0.236801090979934
"201","Rusk County",57.8018330630257,1.22581375174443,0.0212071778140294,0.161411383095085,38.5,3855,0.524459699015577,0.475540300984423,0.646927922151397,0.170274959453853,0.00458265756421378,0.0019047259834798,0.000565760193112813,0.232131407234187
"202","Sabine County",43.3406846293988,2.68482117173267,0.0619469026548673,0.0404640905168281,52.1,749,0.501678013232333,0.498321986767667,0.860772844951577,0.0756544251606098,0.000958864704190239,0,0.00498609646178924,0.179403586153994
"203","San Augustine County",59.0265381411401,3.09413304772105,0.0524193548387097,0.0694989884565036,48.9,531,0.494347256932048,0.505652743067952,0.688206592883494,0.207782934666191,0,0.0152326550041652,0,0.202427704391289
"204","San Jacinto County",23.1083248286922,0.765417699373086,0.0331230283911672,0.125127569616562,44.2,1428,0.494350488409389,0.505649511590611,0.748542061525004,0.106866890217233,7.28969237498178e-05,0.00477474850561306,0,0.221788890508821
"205","San Patricio County",51.594957153753,1.66001166494683,0.0321739130434783,0.568352101933689,35.1,4160,0.502370377017064,0.497629622982936,0.394080787234361,0.0148354195642095,0.0100049351698147,0.0017198319051251,0.000149550600445661,0.27331867737449
"206","San Saba County",83.2336352760212,2.56366433088361,0.0308008213552361,0.297214151427106,40.9,449,0.504016407451718,0.495983592548282,0.653392582464536,0.0275166638181507,0.000170910955392241,0,0,0.205605879336865
"207","Schleicher County",60.5381165919283,1.92184497117233,0.0317460317460317,0.518257527226137,35.2,305,0.503523382447149,0.496476617552851,0.476937860345932,0.00288276745675849,0.00128122998078155,0,0,0.281870595771941
"208","Scurry County",130.865905684308,2.65190822091548,0.0202643171806167,0.397267381528883,35.6,1258,0.544563588147123,0.455436411852877,0.536492563126946,0.0451977401129944,0.00219070679119105,0.00121065375302663,0.00172950536146662,0.251354779199816
"209","Shackelford County",55.8542413381123,0.29868578255675,0.0053475935828877,0.116786140979689,42,449,0.50089605734767,0.49910394265233,0.856332138590203,0.0017921146953405,0.0017921146953405,0.0029868578255675,0,0.241338112305854
"210","Shelby County",49.7489197711083,1.7517225271517,0.0352112676056338,0.178286426096773,37.4,1754,0.495932111020281,0.504067888979719,0.621316516797073,0.188290708085173,0.00544980341780529,0.00155708669080151,0.000272490170890264,0.265016154774417
"211","Sherman County",38.4740789044669,3.58656667753505,0.0932203389830508,0.432670361917183,39.8,340,0.518421910661885,0.481578089338115,0.55820019563091,0.0026084121291164,0,0.00228236061297685,0,0.229540267362243
"212","Smith County",69.3099151059264,1.39015732621909,0.0200571206023627,0.189529281032226,36.6,25104,0.482978445813107,0.517021554186893,0.603400261835458,0.174314031591213,0.0157326219086995,0.0032841904470548,0.00110672719174723,0.248226312214039
"213","Somervell County",102.080924855491,0.92485549132948,0.00906002265005663,0.190520231213873,40.6,822,0.480346820809249,0.519653179190751,0.786589595375723,0.00589595375722543,0,0.00346820809248555,0.00069364161849711,0.234335260115607
"214","Starr County",117.628508356985,3.37432986439609,0.028686327077748,0.991847997477137,28.8,2467,0.485887732576474,0.514112267423526,0.00635446231472722,0.000378429517502365,0.000898770104068117,0.000141911069063387,0.000157678965625985,0.332655313781142
"215","Stephens County",67.1649759743727,2.02883075280299,0.0302066772655008,0.232354511478911,39.2,712,0.515323011211959,0.484676988788041,0.721409503470368,0.0217832354511479,0.00469834490122798,0.00619327282434597,0.00213561131873999,0.222210357714896
"216","Sterling County",85.1624231782265,3.51185250219491,0.0412371134020619,0.408252853380158,42.4,103,0.533801580333626,0.466198419666374,0.574187884108867,0.00263388937664618,0,0,0,0.288849868305531
"217","Stonewall County",123.616236162362,3.690036900369,0.0298507462686567,0.226937269372694,51.9,71,0.511992619926199,0.488007380073801,0.726014760147601,0.0350553505535055,0,0,0,0.238007380073801
"218","Sutton County",104.262968669748,1.54083204930663,0.0147783251231527,0.594247560349255,40.2,460,0.546224961479199,0.453775038520801,0.392398561890087,0.000770416024653313,0,0,0,0.254237288135593
"219","Swisher County",90.4389338284047,1.85651770322238,0.0205278592375367,0.431375149184458,35.6,507,0.524466251160324,0.475533748839676,0.47526853202493,0.0568890067630288,0.00185651770322238,0.00543694470229413,0.00172390929584936,0.255934226229943
"220","Tarrant County",98.5635247709428,0.906398477573191,0.00919608424799763,0.281812796955146,34.2,264881,0.489567091383417,0.510432908616583,0.483498052856441,0.155558244168021,0.0506937880449166,0.00274389705975021,0.00178406240941687,0.269237148222365
"221","Taylor County",98.0638393747553,1.94280902113451,0.0198116760828625,0.238005185748794,32.2,13250,0.489454905408101,0.510545094591899,0.64538195034387,0.0740040333601732,0.0192951222935488,0.00494936138463925,0.00141832445649364,0.2469066491346
"222","Terrell County",101.24826629681,1.3869625520111,0.0136986301369863,0.563106796116505,47.3,54,0.495145631067961,0.504854368932039,0.331484049930652,0.0319001386962552,0,0.00693481276005548,0,0.208044382801664
"223","Terry County",115.640925127401,3.60642885143081,0.0311864406779661,0.537671501372011,34.6,696,0.529439435515484,0.470560564484516,0.407918463347707,0.0464131713053704,0,0.00243041944335555,0,0.272520580164641
"224","Throckmorton County",36.340038935756,1.94678780012979,0.0535714285714286,0.158338741077223,48.2,178,0.4574951330305,0.5425048669695,0.824789097988319,0.00129785853341986,0.00324464633354964,0,0,0.207008436080467
"225","Titus County",96.0384521185403,1.83688464364438,0.0191265540325151,0.420922116091109,34,2192,0.491519715895175,0.508480284104825,0.462925544942444,0.0909257898603968,0.00774553024736713,0.00229610580455547,0.000397991672789615,0.291421748714181
"226","Tom Green County",98.7716627033685,1.74499170273553,0.0176669264744089,0.388406069833884,34,12276,0.494824902058064,0.505175097941936,0.543214206285392,0.0400492703539596,0.0114450926385301,0.00183908439258892,0.00117188168271945,0.236377944673498
"227","Travis County",52.2427637975699,0.532048710504307,0.0101841608641895,0.338605658414529,33.6,240380,0.504272538127325,0.495727461872675,0.493200655456814,0.078747458744977,0.0632696008104819,0.00159359637730923,0.00191231565277107,0.227102357332753
"228","Trinity County",34.7351702230509,0.828672053035011,0.0238568588469185,0.09301843795318,48.5,878,0.480560734755887,0.519439265244113,0.790967474621918,0.0954353981078655,0.00359091222981838,0.00303846419446171,0,0.203300877011256
"229","Tyler County",46.5604026845638,0.885533184190902,0.019019019019019,0.0728933631618195,43,1472,0.546513795674869,0.45348620432513,0.796094332587621,0.107802013422819,0.00340231170768084,0.000978747203579418,0.002889634601044,0.189923564504101
"230","Upshur County",64.0645830247371,1.03688342467783,0.0161849710982659,0.080555967017232,40.7,3255,0.49461808127191,0.50538191872809,0.8073865600158,0.0891472868217054,0.00224658075346862,0.00735693477509505,0.00335752727990915,0.239692885004691
"231","Upton County",80,1.95804195804196,0.0244755244755245,0.497342657342657,33.7,145,0.488671328671329,0.511328671328671,0.42993006993007,0.0665734265734266,0.00251748251748252,0.00111888111888112,0.000839160839160839,0.301258741258741
"232","Uvalde County",101.166018878401,1.77679067184897,0.017563117453348,0.709161576901721,33.8,1823,0.488173237090505,0.511826762909495,0.271145659818619,0.00148065889320748,0.0101795298908014,0.00399777901166019,0,0.276364982417176
"233","Val Verde County",129.267396275727,3.22606991179353,0.0249565629442426,0.813765926167919,31.7,3772,0.507105521071545,0.492894478928455,0.159486278993793,0.0109032995753022,0.00549248611564848,0.00130676249591637,0,0.289815419797452
"234","Van Zandt County",58.8355998283806,1.43637957729401,0.0244134432466709,0.102785084037532,43.3,4419,0.490738149868487,0.509261850131513,0.843285391833156,0.0262279179957841,0.00464491577592479,0.00548435838603168,0.000410394164941146,0.232786762922753
"235","Victoria County",72.9036910771651,1.46419283638191,0.020083932853717,0.460444939793265,35.7,7819,0.489411918966761,0.510588081033239,0.454446119888984,0.0582508359011342,0.010609934657663,0.00149697327301733,0.00186848488821871,0.257992963132936
"236","Walker County",98.9578920613403,1.31322545115649,0.0132705479452055,0.177694936315626,35.2,6546,0.58509136095343,0.41490863904657,0.569332655539552,0.228727159761643,0.0121296845434776,0.00345957242508967,0.000395379705724533,0.153802705526843
"237","Waller County",54.8892512850154,0.557356067956155,0.010154193305754,0.293747290630225,28.8,3477,0.499741964783354,0.500258035216646,0.430464669818137,0.248560163491113,0.00724562888343001,0.00074314142394154,0.00136242594389282,0.242222818570278
"238","Ward County",82.8839798225778,1.13063141415898,0.0136411332633788,0.521916855105236,33.6,669,0.503565837536963,0.496434162463037,0.413811097582188,0.0480953209253783,0.00278309271177596,0.00556618542355192,0.00130457470864498,0.278918072708297
"239","Washington County",48.1149219719041,1.99036547725503,0.0413669064748201,0.154960048461073,42,3876,0.496120229613177,0.503879770386823,0.644532264112845,0.169671445466871,0.0176536764069576,0.00268266651282199,0,0.215276776184844
"240","Webb County",128.660653354301,1.90264961576121,0.0147881233784952,0.954966916891671,28.4,18078,0.488298519419636,0.511701480580364,0.0347966056434145,0.00272972732397709,0.00498101059252886,0.000571165771593033,0.000649052013173901,0.338912708067531
"241","Wharton County",72.1216509775525,2.02751629254164,0.0281124497991968,0.402655080859281,37.3,2560,0.491310644460536,0.508689355539464,0.452715423606083,0.138184890176201,0.000917209751387883,0.000675838764180545,0.000796524257784214,0.261090996862177
"242","Wheeler County",76.9780317913913,1.60742989819611,0.0208816705336427,0.265225933202358,39.4,429,0.512770137524558,0.487229862475442,0.683157706733345,0.0267904983032684,0.00125022325415253,0.00107161993213074,0,0.260046436863726
"243","Wichita County",101.117030156779,1.97301522257129,0.0195121951219512,0.185334426080226,34.2,12916,0.518591874212691,0.481408125787309,0.66127881740503,0.0987873544901273,0.0202461715916162,0.00586592602710619,0.00361972408140964,0.226160664147278
"244","Wilbarger County",131.59111933395,3.16065371569534,0.0240187463386057,0.28600061671292,37.2,1011,0.494526672833796,0.505473327166204,0.594202898550725,0.0797101449275362,0.00917360468701819,0.00732346592661116,0.00115633672525439,0.229494295405489
"245","Willacy County",90.2055954942992,3.15948532441962,0.0350253807106599,0.879527450890609,33.4,930,0.541279362608178,0.458720637391822,0.110581986354687,0.0065021292183708,0.00100737213242365,9.1579284765786e-05,0,0.24643985530473
"246","Williamson County",58.6174266642797,0.52920149592869,0.00902805745737683,0.240770942313102,35.8,89380,0.49203148453807,0.50796851546193,0.609175842443534,0.0597348484103299,0.0602207694865172,0.00189253471778215,0.00176269345855801,0.267378563995019
"247","Wilson County",59.1039084842707,0.868552060163118,0.0146953405017921,0.391653426543798,40.4,4199,0.502129011757229,0.497870988242771,0.5767397521449,0.0134307806376443,0.00345302404406313,0.00180065671009427,0.00120749920559263,0.247007732231755
"248","Winkler County",82.1653593930822,1.92876430500193,0.0234741784037559,0.593930821653594,32.6,380,0.51022245081651,0.48977754918349,0.369036903690369,0.0232737559470233,0,0.00861514722900862,0,0.301015815867301
"249","Wise County",85.1265672680127,1.32812623523645,0.0156017830609212,0.187502964567489,38.5,5397,0.502253071291919,0.497746928708081,0.774930036207251,0.0118898920106883,0.00496466235552674,0.00377883535977991,0.000126488212879662,0.25107910256613
"250","Wood County",58.9403209049983,1.96236869444765,0.0332941637289463,0.0962022394089807,48.1,3719,0.496894840124668,0.503105159875332,0.831790372850052,0.0551541036592404,0.000877294239870715,0.00600253953595752,0.00113124783562276,0.19524414175228
"251","Yoakum County",94.4464096215069,2.82985496993279,0.0299625468164794,0.650395000589553,31.7,517,0.505364933380498,0.494635066619502,0.331682584600873,0,0.000353731871241599,0.0015328381087136,0,0.329796014620917
"252","Young County",92.7556974567874,1.76153253330397,0.0189910979228487,0.180722228338655,41.5,1636,0.491137289441814,0.508862710558186,0.787515138170208,0.014917978641418,0.00412859187493119,0.00517450181658042,0,0.243421776945943
"253","Zapata County",92.8199791883455,1.38744363510232,0.0149476831091181,0.940686784599376,29.4,651,0.498785986819285,0.501214013180715,0.0522372528616025,0,0.00707596253902185,0,0,0.338744363510232
"254","Zavala County",99.4075049374589,2.30414746543779,0.0231788079470199,0.935977616853193,30.8,388,0.507159315339039,0.492840684660961,0.054312047399605,0.00501974983541804,0.00032916392363397,0.000905200789993417,0,0.299786043449638
