"","county_name.x","cases_per_1000","deaths_per_1000","death_per_case","percent_employed_agriculture_forestry_fishing_hunting_mining","percent_employed_arts_entertainment_recreation_accommodation_food","percent_employed_construction","percent_employed_education_health_social","percent_employed_finance_insurance_real_estate","percent_employed_information","percent_employed_manufacturing","percent_employed_other_services_not_public_admin","percent_employed_public_administration","percent_employed_retail_trade","percent_employed_science_management_admin_waste","percent_employed_transportation_warehousing_utilities","percent_employed_wholesale_trade","percent_unemployed"
"1","Anderson County",96.5418116958457,1.29876876720869,0.0134529147982063,0.0305989921554366,0.0183039811591944,0.0166069233033751,0.075051517827766,0.0102862486362928,0.00287460820475523,0.0190139747519352,0.0134898782620742,0.0325211699309055,0.0619772455711985,0.0229449148873535,0.0203993281036244,0.00671896375569294,0.0147193793616984
"2","Andrews County",91.3694031973602,2.10502361039995,0.0230386052303861,0.1321044546851,0.0256585310348751,0.0353871536667236,0.0621835353018149,0.023610399954486,0.00273084144051886,0.0242362177846049,0.0145644876827673,0.00733913637139444,0.0424987199180748,0.0374921772771235,0.0447744211185071,0.00563236047107015,0.0217898389941401
"3","Angelina County",77.1379703534778,2.20068415051311,0.0285291943828529,0.0150627137970353,0.0345267958950969,0.0246294184720639,0.11478905359179,0.0176852907639681,0.00302166476624857,0.0506613454960091,0.0240592930444698,0.0167160775370582,0.0551653363740023,0.0293044469783352,0.0181641961231471,0.00857468643101482,0.0338768529076397
"4","Aransas County",36.0422036082474,1.04703608247423,0.0290502793296089,0.0223501932989691,0.0602851159793814,0.0585132087628866,0.0734536082474227,0.0241623711340206,0.00185244845360825,0.0186855670103093,0.0291961984536082,0.0190480025773196,0.0533182989690722,0.0336259664948454,0.0123228092783505,0.0114771262886598,0.0302029639175258
"5","Archer County",78.9264187421813,1.13726828158763,0.0144092219020173,0.0511770726714432,0.0170590242238144,0.0358239508700102,0.118162174456954,0.0253610826794041,0.00420789264187422,0.0428750142158535,0.0224041851472762,0.0246787217104515,0.067553735926305,0.0394632093710906,0.0271807119299443,0.0180825656772433,0.0151256681451154
"6","Armstrong County",66.3556246759979,3.1104199066874,0.046875,0.0746500777604977,0.0238465526179368,0.057542768273717,0.121306376360809,0.0186625194401244,0.00933125972006221,0.0259201658890617,0.0269569725246242,0.0388802488335925,0.0305857957490928,0.0305857957490928,0.0305857957490928,0.0129600829445308,0.00933125972006221
"7","Atascosa County",78.54338478157,1.86958599056898,0.0238032266596139,0.0433328486258543,0.0308066224890421,0.0491493383742911,0.0899270861463678,0.0215833316022352,0.00444546002201957,0.0269428114418663,0.0179480255094622,0.0211055485157565,0.0459918153679968,0.0286462120110513,0.031159766509483,0.00874550780032822,0.027399821350672
"8","Austin County",47.9311757476444,0.614502253174928,0.0128205128205128,0.0243752560426055,0.0262529018161955,0.047009422367882,0.0919363648777823,0.0202444353407074,0.00310665027993992,0.0571487095452683,0.0191861259046839,0.0208930766079476,0.0660931312303701,0.0432882698347672,0.0270722381537621,0.0145773590058719,0.0263894578724566
"9","Bailey County",104.536489151874,2.11327134404057,0.0202156334231806,0.077345731191885,0.0352211890673429,0.0549450549450549,0.0631163708086785,0.00986193293885602,0.00450831220061989,0.0319808396731474,0.0266272189349112,0.0140884756269372,0.0500140884756269,0.0250774866159482,0.0366300366300366,0.0153564384333615,0.0101437024513948
"10","Bandera County",38.4687558641396,0.938262338149747,0.024390243902439,0.027913304559955,0.0305873522236817,0.0458341152186151,0.0991743291424282,0.031384875211109,0.00919497091386752,0.0255207355976731,0.0291330455995496,0.022236817414149,0.0331206605366861,0.0286170013135673,0.0117282792268718,0.0128541940326515,0.0245355601426159
"11","Bastrop County",54.4542126366648,0.70978507209922,0.0130345300708896,0.0122033222922322,0.0272457848728613,0.0608173735461858,0.0816626404004682,0.0167484372276044,0.00348666351206635,0.0369337284885314,0.0175329365178193,0.0364854431798371,0.0466963863223171,0.0349662540781511,0.0332851841705477,0.0090902298707444,0.034978706447837
"12","Baylor County",76.0688506385341,2.49861188228762,0.0328467153284672,0.0519156024430872,0.0474736257634647,0.026929483620211,0.125485841199334,0.0247084952803998,0.00666296501943365,0.0124930594114381,0.0294280955024986,0.0172126596335369,0.0161021654636313,0.0158245419211549,0.0205441421432537,0.00333148250971682,0.00943920044419767
"13","Bee County",94.1672522839072,1.61935897827615,0.0171966255678131,0.0364814079256928,0.0241987228451832,0.0185462433927098,0.0677991994866938,0.00861621192214855,0.00137492743438541,0.0123743469094687,0.0177212869320786,0.0362064224388157,0.0500779125546152,0.00831067249228513,0.0203183720859177,0.00733294631672217,0.0207766812307128
"14","Bell County",49.0689616232697,0.635947055921737,0.0129602713178295,0.00360766227050929,0.0372534219300696,0.0263531705229624,0.105941647400046,0.0208406387999025,0.00587210926402501,0.0246592928506475,0.019143789412373,0.0456217719743482,0.0487539598105234,0.0373306865256489,0.017717366109371,0.00915882629135885,0.0363084164918308
"15","Bexar County",80.4601893019254,1.07822182194118,0.0134006871136628,0.00580389893467456,0.0528418544569673,0.0354333288935964,0.105352842805829,0.0415120686848442,0.00876055230327209,0.0262087183748026,0.0217864232845174,0.0217663387603832,0.0553767328187467,0.0523032720861055,0.0202578852898831,0.0111056847659942,0.0300422197838905
"16","Blanco County",28.6770673640545,0.99197402831635,0.0345911949685535,0.0243484534223104,0.0270538371359004,0.0707908738389395,0.107944810172243,0.0144287131391469,0.00523040851294075,0.0352601677337902,0.0226350437370367,0.0188475065380106,0.0366128595905853,0.0524844440436469,0.0272341960501398,0.0175849941383353,0.0277752727928578
"17","Borden County",29.9003322259136,0,0,0.129568106312292,0,0.0415282392026578,0.0847176079734219,0.00332225913621262,0,0.00830564784053156,0.026578073089701,0.0614617940199336,0.0132890365448505,0.0348837209302326,0.00664451827242525,0.0132890365448505,0.00664451827242525
"18","Bosque County",55.026455026455,1.11389585073796,0.0202429149797571,0.0272904483430799,0.029406850459482,0.0480646059593428,0.0905040378724589,0.0218880534670008,0.00651629072681704,0.0475633528265107,0.014146477304372,0.0148148148148148,0.0433305485937065,0.0319131161236424,0.028348649401281,0.012531328320802,0.0226120857699805
"19","Bowie County",52.0745447749239,1.48448763816949,0.02850697292863,0.00610882682757516,0.0353179900678165,0.0250867731083462,0.0979868638863673,0.0204197148502163,0.00571367544187537,0.03326747476905,0.0206012708922945,0.0371976290916858,0.0453676509852085,0.0333956319752229,0.0201313611363272,0.0110108399636888,0.030715010412773
"20","Brazoria County",75.2785444876371,0.80058960389601,0.0106350303309529,0.0117458344773768,0.0337548230465758,0.0477781470830503,0.115747337389269,0.0216101388748392,0.0070029913727077,0.0658506625818292,0.020919377447651,0.0224627523519126,0.0400959551438605,0.0467579011257388,0.0236997644474631,0.0115695313516091,0.0243905258746514
"21","Brazos County",77.6451587305292,0.756193081300092,0.00973908861368282,0.01253320014377,0.0579094528803021,0.0320215094920903,0.154202706424374,0.022387049493304,0.00657234480537364,0.0317134308293384,0.0221489887084502,0.0213041063151458,0.0523220262240292,0.0467019245580705,0.0135507933025566,0.0104513352409315,0.0237827391927405
"22","Brewster County",102.494577006508,0.867678958785249,0.00846560846560847,0.024295010845987,0.0603036876355748,0.0276572668112798,0.129067245119306,0.0171366594360087,0.0126898047722343,0.0151843817787419,0.0137744034707158,0.0539045553145336,0.0481561822125813,0.0231019522776573,0.0143167028199566,0.0106290672451193,0.0344902386117137
"23","Briscoe County",71.6530483972345,1.88560653676933,0.0263157894736842,0.087994971715902,0.0333123821495915,0.0377121307353865,0.0898805782526713,0.0100565681961031,0,0.0219987429289755,0.0370835952231301,0.0263984915147706,0.0402262727844123,0.0257699560025141,0.0433689503456945,0.0043997485857951,0.0301697045883092
"24","Brooks County",94.4697283133361,3.99944835195146,0.0423357664233577,0.0375120673010619,0.0249620741966625,0.0161357054199421,0.109640049648324,0.0175148255413046,0.000965384084953799,0.00220659219418011,0.0257895462694801,0.0317197627913391,0.0477175561991449,0.00841263274031168,0.0186181216383947,0.00206868018204386,0.0551648048545028
"25","Brown County",89.50168047212,2.14359435784794,0.0239503252513306,0.0209331251488607,0.0261465583401699,0.0261730224680446,0.112128509804959,0.0150051605049356,0.00436658109931987,0.0618995950988435,0.0223886521819673,0.0249556725858099,0.0436393468653241,0.0225474369492153,0.0186307460237648,0.00444597348294387,0.0181014634662715
"26","Burleson County",62.1163900886565,1.25028415548988,0.020128087831656,0.047681291202546,0.0251761764037281,0.038588315526256,0.106046828824733,0.013355308024551,0.00420550125028416,0.0531939077062969,0.0300068197317572,0.0140941122982496,0.0400090929756763,0.0267674471470789,0.0229029324846556,0.0154012275517163,0.0316549215730848
"27","Burnet County",48.7815714063576,0.755270231245974,0.0154826958105647,0.0170380078636959,0.0561121354155097,0.0525801363929182,0.0786813870315659,0.0206366483772797,0.00590887886798321,0.0321656263189462,0.019570384521403,0.0199924472976875,0.0607326121243086,0.0430726170113513,0.0177488504342804,0.0104182864251283,0.0193038185574339
"28","Caldwell County",67.5315706393054,1.35655090765588,0.0200876552227904,0.017733820047356,0.0341850828729282,0.0572957774269929,0.0964384372533544,0.0221734411996843,0.00601815311760063,0.0415104577742699,0.0291535122336227,0.0346537095501184,0.0500197316495659,0.0316692975532755,0.0184244277821626,0.0105564325177585,0.0160073007103394
"29","Calhoun County",62.3711103982402,0.595756381467394,0.00955180014695077,0.0259841437147702,0.025709179231016,0.0493102974199166,0.0772650199349251,0.0149397369506439,0.00229137069795151,0.120296961642455,0.016589523853169,0.0101736858989047,0.0359745199578388,0.0376243068603639,0.0142523257412584,0.0130149855643646,0.0298336464873287
"30","Callahan County",68.1551976573938,2.0497803806735,0.0300751879699248,0.0294289897510981,0.0175695461200586,0.0353587115666179,0.0786237188872621,0.0174231332357247,0.00534407027818448,0.0355051244509517,0.0276720351390922,0.023792093704246,0.0542459736456808,0.0180819912152269,0.0240849194729136,0.00827232796486091,0.0136896046852123
"31","Cameron County",77.8151408492602,2.67966996746795,0.0344363569637287,0.00740121989238483,0.0338123897848887,0.0256543892089738,0.118260070775653,0.0164778284678047,0.00551640762397043,0.0202450731911633,0.0178224230784791,0.0179128559903475,0.0470774700678961,0.0300927413309345,0.0176724948298552,0.0083983617364071,0.0318300051641952
"32","Camp County",76.4798737174428,2.52565114443567,0.0330237358101135,0.0217837411207577,0.0183898973954223,0.0353591160220995,0.0829518547750592,0.0152328334648777,0.000631412786108919,0.0719810576164167,0.0194948697711129,0.0229676400947119,0.0661404893449092,0.0184688239936859,0.0234411996842936,0.0194159431728493,0.0271507498026835
"33","Carson County",54.8649096635173,1.82330515498094,0.0332326283987915,0.0571854798607658,0.019724846676612,0.0502237692690204,0.10061329355213,0.0164097463948284,0.00182330515498094,0.0480689540858611,0.0208851317752362,0.0258577821979115,0.0522128294380905,0.0422675285927399,0.0371291231559755,0.0076247306481021,0.00944803580308304
"34","Cass County",49.7709011222525,1.95896141842088,0.0393595730486991,0.0166677734245302,0.0230759014542798,0.0312105717511123,0.108373729995352,0.0135135135135135,0.00132810943621754,0.0523939172587821,0.0282887309914337,0.0188923567301946,0.0547845142439737,0.0227438740952254,0.0160701241782323,0.0107908891692675,0.0312437744870177
"35","Castro County",105.436573311367,2.78798631352173,0.0264423076923077,0.105690026612597,0.0126726650614624,0.0207831707007984,0.0729945507540236,0.0127993917120771,0.00671651248257509,0.020909897351413,0.0162210112786719,0.0200228107971106,0.0580408059814979,0.0124192117602332,0.0477759472817133,0.00975795209732607,0.0182486376885059
"36","Chambers County",87.3405798946109,0.33093195529873,0.00378898280384727,0.0145864623373979,0.02084871318382,0.0604841789069063,0.0880024438052084,0.0239034696942698,0.00315658172746481,0.0819438433928162,0.0184049079754601,0.00684774584425833,0.028434691851437,0.0295802255428557,0.0337296031362167,0.0155283455947865,0.0297329633683782
"37","Cherokee County",67.6629065395201,1.78315307981548,0.0263534803781152,0.0238399813931853,0.0219986820172888,0.039209985657247,0.110729929836803,0.014090785750281,0.00589215800286855,0.0454510214366012,0.0147110129084777,0.0194014807923402,0.0468271504438501,0.0293444974221809,0.0151761832771252,0.0111640888475404,0.0256812807690817
"38","Childress County",182.899207248018,1.84031710079275,0.010061919504644,0.0239241223103058,0.00990939977349943,0.0366647791619479,0.109994337485844,0.00849377123442809,0.00297281993204983,0.0192525481313703,0.0270385050962627,0.0335503963759909,0.0390713476783692,0.0159966024915062,0.0225084937712344,0.00665345413363533,0.0195356738391846
"39","Clay County",84.2897097116405,1.25373710097406,0.0148741418764302,0.038190760921979,0.0258462725431575,0.0311505448934323,0.102131353071656,0.0177452020445559,0.00646156813578937,0.0406017938084675,0.0290288359533224,0.0162021409972032,0.0487028643070691,0.0282573054296461,0.0218921786093162,0.0155270517889864,0.0325007233098659
"40","Cochran County",73.6698499317872,4.09276944065484,0.0555555555555556,0.143246930422919,0.0180763983628922,0.0272851296043656,0.0839017735334243,0.00750341064120055,0.00102319236016371,0.0115961800818554,0.0170532060027285,0.0187585266030014,0.0320600272851296,0.00443383356070941,0.0337653478854025,0.00682128240109141,0.0351296043656207
"41","Coke County",128.783199505868,3.08832612723904,0.0239808153477218,0.0509573810994441,0.0222359481161211,0.032118591723286,0.136504014823965,0.0262507720815318,0.00185299567634342,0.0123533045089561,0.0219271155033972,0.0259419394688079,0.0395305744286597,0.0262507720815318,0.0469425571340334,0.0086473131562693,0.0203829524397776
"42","Coleman County",68.7485157919734,2.37473284255521,0.0345423143350604,0.0439325575872714,0.0232723818570411,0.0314652101638566,0.0854903823319876,0.0160294466872477,0.00474946568511043,0.0438138209451437,0.0274281643315127,0.0299216338161957,0.0360959392068392,0.0214913322251247,0.0244597482783187,0.00486820232723819,0.0210163856566136
"43","Collin County",70.8049120695785,0.528403030385909,0.00746280187265339,0.00566036703771572,0.0421847222602084,0.0258556464185105,0.103684052183902,0.0598714547493368,0.0204107978010557,0.0468167272926182,0.0229313787161885,0.0125328884391325,0.0594754259770807,0.0868178212947515,0.0169657850832809,0.0160840193638378,0.0230550009572519
"44","Collingsworth County",78.3212161269002,2.64375413086583,0.0337552742616034,0.0796430931923331,0.0327164573694646,0.0313945803040317,0.11566424322538,0.00958360872438863,0,0.023132848645076,0.0191672174487773,0.0469266358228685,0.0340383344348976,0.0208195637805684,0.0423000660938533,0.00264375413086583,0.0350297422339722
"45","Colorado County",59.8192511834744,0.812891502892937,0.0135891286970424,0.0359106775689762,0.0363410318940372,0.0406923922918759,0.10911872997657,0.0178357959164156,0.00406445751446469,0.0432745182422417,0.0162100129106298,0.0197962989528045,0.064600965906374,0.0247214651173911,0.0270166881843829,0.0142495098742409,0.013436618371348
"46","Comal County",56.6537567776917,1.47172734314485,0.0259775772491113,0.00988381099922541,0.0432455460883036,0.0445546088303641,0.0946553059643687,0.0297288923315259,0.00939581719597211,0.031727343144849,0.0271804802478699,0.0197598760650658,0.059132455460883,0.0603408210689388,0.0195739736638265,0.01428350116189,0.0182339271882262
"47","Comanche County",82.8639193596205,2.66824785057812,0.0322003577817531,0.0638897124221761,0.0166765490661133,0.0211977468129262,0.0996887044174325,0.0145271271864809,0.00244589386302994,0.0432107915801957,0.0183812629706493,0.0146753631781797,0.0598873406463089,0.0135635932404388,0.0303883782982508,0.0057070856804032,0.0150459531574266
"48","Concho County",63.5044064282011,1.03680663556247,0.0163265306122449,0.0578019699326076,0.0158113011923276,0.0212545360290306,0.0567651632970451,0.0132192846034215,0.0046656298600311,0.00518403317781234,0.0246241575946086,0.0368066355624676,0.0142560912389839,0.00959046137895283,0.00440642820114049,0.000777604976671851,0.00103680663556247
"49","Cooke County",71.8308416956789,1.22875281589187,0.0171062009978617,0.0393712881425353,0.063920745443375,0.0253174278107721,0.0936156051607618,0.0176633217284456,0.0042750358386238,0.0824032357157485,0.0234231005529388,0.0179705099324186,0.0462062256809339,0.0291316813434364,0.0267253737456482,0.00929244317018227,0.0261877943886955
"50","Coryell County",56.8730380648395,0.593526603181303,0.0104359925788497,0.00320504365717903,0.0287794455142578,0.0222110844390514,0.0698778654145454,0.0143237753567754,0.00399641246142077,0.0143633437969875,0.0157086707641985,0.0486559919807961,0.0373130391199979,0.0290696140758131,0.013994038355008,0.00589569759160094,0.0338705848215463
"51","Cottle County",117.489986648865,4.67289719626168,0.0397727272727273,0.0881174899866489,0.0180240320427236,0.0467289719626168,0.106809078771696,0.0267022696929239,0.00133511348464619,0.00267022696929239,0.0320427236315087,0.0400534045393858,0.0373831775700935,0.0166889185580774,0.0153538050734312,0.00267022696929239,0.0520694259012016
"52","Crane County",100.70306038048,2.27460711331679,0.0225872689938398,0.139578163771712,0.0281224152191894,0.0310173697270471,0.0705128205128205,0.0076509511993383,0.0033085194375517,0.0163358147229115,0.022125723738627,0.0248138957816377,0.0303970223325062,0.00971877584780811,0.0279156327543424,0.00682382133995037,0.011373035566584
"53","Crockett County",123.044838373306,3.38894681960375,0.0275423728813559,0.171793534932221,0.0234619395203337,0.0766423357664234,0.0993222106360793,0,0,0.0104275286757039,0.0151199165797706,0.0143378519290928,0.0159019812304484,0.00156412930135558,0.0232012513034411,0,0.0112095933263816
"54","Crosby County",64.9703138252757,3.73197625106022,0.0574412532637076,0.0634435962680237,0.0261238337574215,0.0374893977947413,0.110602205258694,0.0213740458015267,0.00356234096692112,0.0137404580152672,0.0232400339270568,0.0220525869380831,0.0493638676844784,0.0264631043256997,0.0111959287531807,0.0186598812553011,0.0354537743850721
"55","Culberson County",130.261408949934,1.77226406734603,0.0136054421768707,0.0731058927780239,0.0868409392999557,0.027027027027027,0.0886132033673017,0.00797518830305716,0.000886132033673017,0.00443066016836509,0.023482498892335,0.0327868852459016,0.0345591493132477,0.0314576871953921,0.0186087727071334,0.00177226406734603,0.024368630926008
"56","Dallam County",64.65935895657,2.77507978354378,0.0429184549356223,0.118773414735674,0.0656306368808103,0.032329679478285,0.0539753017899265,0.0101290412099348,0.00263632579436659,0.0377410850561954,0.0190092965172749,0.0295545996947412,0.0324684334674622,0.0252532260302484,0.0462050783960039,0.0120715970584154,0.0187317885389205
"57","Dallas County",91.9300230819293,0.961126677122952,0.0104549813532232,0.00345268988129126,0.0474580295610123,0.0472409630387432,0.0889220452995107,0.0421645842255329,0.0114547649432081,0.0425481728993622,0.0275145530565043,0.0111397442141389,0.0546404238204256,0.0697128335291764,0.0287859986607701,0.0155594380249611,0.0308128671078785
"58","Dawson County",120.274914089347,4.50553646429935,0.0374603174603175,0.0686521573119511,0.0263459335624284,0.0255822833142421,0.0753722794959908,0.0129820542191676,0.00290187094310806,0.024971363115693,0.0224513172966781,0.028102329133257,0.0398625429553265,0.018098510882016,0.0256586483390607,0.00840015273004964,0.0271095838106147
"59","Deaf Smith County",127.619148150103,3.16672824193804,0.0248138957816377,0.0643373621153745,0.026864411252441,0.0254393835435689,0.0771098326911912,0.0111363276508154,0.00749459017258669,0.0862933445928115,0.0324061856758326,0.0216920884572756,0.0463925687443923,0.0195809362959835,0.0315617248113158,0.00459175595081015,0.0238560194225999
"60","Delta County",41.1832946635731,0.966744006187162,0.0234741784037559,0.0210750193348801,0.0183681361175561,0.0348027842227378,0.103054911059551,0.0197215777262181,0.00483372003093581,0.0531709203402939,0.015661252900232,0.0212683681361176,0.0531709203402939,0.0125676720804331,0.0131477184841454,0.0119876256767208,0.0261020881670534
"61","Denton County",59.2227778339504,0.561868937350974,0.00948737897648686,0.00591562238823736,0.0486790960437515,0.0295486746164509,0.109805060916064,0.0569420251087581,0.0167997532384257,0.0422156834386891,0.0254018514797375,0.014209268661664,0.0646213272137828,0.0748079214560981,0.0280448112875502,0.0195220658346569,0.0252636240418471
"62","DeWitt County",75.8523004786559,2.44212171534629,0.0321957501609788,0.0695516264530624,0.0292077757155417,0.0280355572921754,0.0812738106867246,0.0140177786460877,0.002637491452574,0.0446419849565302,0.0194881312884634,0.0277425026863339,0.0332128553287096,0.0188531796424734,0.0104522809416821,0.00991501416430595,0.0269121813031161
"63","Dickens County",61.1510791366906,3.14748201438849,0.0514705882352941,0.0625,0.0431654676258993,0.0116906474820144,0.0804856115107914,0.00674460431654676,0.0116906474820144,0.0148381294964029,0.0202338129496403,0.0134892086330935,0.0238309352517986,0.0134892086330935,0.0260791366906475,0.00764388489208633,0.0593525179856115
"64","Dimmit County",83.5335427832194,1.20125669931621,0.0143805309734513,0.0592311957124376,0.057660321567178,0.0148771021992238,0.0742931066346331,0.0121049713546479,0,0.0101644797634448,0.0169099981519128,0.0203289595268897,0.0567362779523194,0.0060986878580669,0.0148771021992238,0.00831639253372759,0.0620033265570135
"65","Donley County",84.1829303815904,2.33032333236237,0.027681660899654,0.0515584037285173,0.0393242062336149,0.038450334983979,0.0853480920477716,0.020681619574716,0.00262161374890766,0.0329158170696184,0.0221380716574425,0.0323332362365278,0.036411302068162,0.0244683949898048,0.0233032333236237,0.00436935624817943,0.0200990387416254
"66","Duval County",92.5310477523176,2.79867063145006,0.0302457466918715,0.0774007346510408,0.0213398635648067,0.0205527374497114,0.0939303830680427,0.0134686024138534,0.00209900297358755,0.0184537344761238,0.00585971663459857,0.030610460031485,0.032971838376771,0.0141682700717159,0.012244184012594,0.00236137834528599,0.0543991603988106
"67","Eastland County",53.1786847576321,1.25834336360652,0.0236625514403292,0.0247291826239195,0.0215012583433636,0.0310208994419521,0.106630922420396,0.0221030747346537,0.00875369296421928,0.0368202210307473,0.0144983039719882,0.0143341722289091,0.0634642739905898,0.0115986431775905,0.0182186234817814,0.00437684648210964,0.0229237334500492
"68","Ector County",78.4749332237518,1.72719334292172,0.022009491081656,0.066724881857407,0.0411059174029176,0.0468332648448736,0.0769532052599137,0.0216573351140333,0.00365985206492706,0.0284954797616602,0.0311215841380727,0.0126040168481611,0.060291247174851,0.0300685740702692,0.0282707520032874,0.0182093692212862,0.0343448222724471
"69","Edwards County",98.0577925153955,1.42112742775936,0.0144927536231884,0.0601610611084794,0.00568450971103742,0.0487920416864045,0.0918995736617717,0.04405495026054,0.01468498342018,0.00284225485551871,0.034580767408811,0,0.0511605873993368,0.0113690194220748,0.0554239696826149,0,0.0227380388441497
"70","Ellis County",99.9622163176754,1.22492260439266,0.0122538560019509,0.00844648124222997,0.035937157204495,0.0386612388172489,0.0969882748701948,0.0300867805865003,0.00978109840821003,0.0664505277527241,0.0251322428881359,0.0178070838310216,0.0542439607049704,0.0451332179509056,0.0351205421348999,0.0151926967798552,0.0233344709065646
"71","El Paso County",128.831791093942,2.32384032581679,0.0180377863731032,0.00466325277752822,0.0416398646422903,0.0244254783936753,0.102903003623514,0.0202904800407271,0.00782319647830384,0.028235857814512,0.0176935285838349,0.0292085167550085,0.0480052705656874,0.0441817147306322,0.0281819543017998,0.0116359716108166,0.0306998472733807
"72","Erath County",84.6011312658475,1.02399063779988,0.0121037463976945,0.0410083869709382,0.0542715038033938,0.0244782523893115,0.106519407060659,0.0185049736688122,0.00465671932904232,0.059147649697679,0.030061439438268,0.0146771991417983,0.0465184318314804,0.0414716208308953,0.0163107080163838,0.00746050321825629,0.0210405695338405
"73","Falls County",75.6550407773729,1.27248539533808,0.0168195718654434,0.0234252993232691,0.0186823992133727,0.0277054774712245,0.0772745676441668,0.0144022210654173,0.00219792931922031,0.0520562207183758,0.0172942333275493,0.0167736711203656,0.0370755972005321,0.0126091734628955,0.0236566603042397,0.0108161258603736,0.021516571230262
"74","Fannin County",72.1875277473585,1.95341403498387,0.027060270602706,0.0131411489626188,0.0153017432740403,0.0345103146180484,0.104685233965726,0.0207180276437683,0.00438038298753959,0.0554355225382544,0.0191197797969633,0.0283245035072661,0.045668452363335,0.024003314884423,0.0213987628377778,0.0101222363630982,0.0216355402965638
"75","Fayette County",57.965789368265,1.72254937307215,0.0297166551485833,0.034731402475664,0.048271441733766,0.042663141449345,0.077114128910788,0.0282017385730882,0.00236349797700597,0.0554821135280215,0.0252373512798942,0.0183471537876057,0.0524376076593358,0.0280415014221047,0.0408204142130353,0.0120177863237592,0.00729079036974723
"76","Fisher County",68.6451612903226,2.58064516129032,0.037593984962406,0.0758709677419355,0.0185806451612903,0.0260645161290323,0.120774193548387,0.0126451612903226,0.00619354838709677,0.0348387096774194,0.0332903225806452,0.016258064516129,0.0438709677419355,0.0209032258064516,0.0350967741935484,0.00154838709677419,0.0263225806451613
"77","Floyd County",105.996976314463,4.19956324542248,0.0396196513470681,0.104149168486477,0.0196539559885772,0.0218377288761969,0.0920544263396607,0.0171342180413237,0.00117587770871829,0.0137745674449857,0.0146144800940702,0.0225096589954645,0.0339324710230136,0.0223416764656476,0.0431715101629431,0.00419956324542248,0.0278850999496052
"78","Foard County",64.3564356435644,3.53606789250354,0.0549450549450549,0.0502121640735502,0.016973125884017,0.0403111739745403,0.0954738330975955,0.0226308345120226,0,0.0247524752475248,0.0254596888260255,0.0219236209335219,0.0601131541725601,0.0183875530410184,0.0254596888260255,0.0162659123055163,0.053041018387553
"79","Fort Bend County",61.9422254895484,0.617074840354727,0.0099621031610956,0.0259269827570454,0.0315481269178166,0.0285386571383189,0.117421329986042,0.0327794653236269,0.00813723519547497,0.0418795621720472,0.019917882660197,0.0132607836991036,0.0513619924067465,0.065090853376552,0.023216913754303,0.0176548063664131,0.0268097230753661
"80","Franklin County",53.1064949713319,1.50390074255099,0.0283185840707965,0.0376915123601842,0.0291380768869255,0.0391014193063258,0.0791427765767459,0.0296080458689726,0.00206786352100761,0.0500046996898205,0.0171068709465175,0.0128771501080929,0.0670175768399286,0.014193063257825,0.0279161575336028,0.00742550991634552,0.0341197480966256
"81","Freestone County",50.2901353965184,1.52702840272829,0.0303643724696356,0.0467270691234857,0.0331365163392039,0.027130204621806,0.0862771047541484,0.0186297465132851,0.00407207574060878,0.0256031762190777,0.0210729919576504,0.0283518273439886,0.0324239030845974,0.026468492313957,0.0226509213071363,0.0052427975160338,0.0165937086429808
"82","Frio County",112.401883830455,1.25588697017268,0.0111731843575419,0.0595499738356881,0.0242804814233386,0.0326007326007326,0.0745682888540031,0.0106227106227106,0,0.0274201988487703,0.0124542124542125,0.0307692307692308,0.0365777080062794,0.0197278911564626,0.0252747252747253,0.00507587650444793,0.0284667713239142
"83","Gaines County",65.4633214339585,1.81004575393434,0.0276497695852535,0.0919101010608879,0.021217758560008,0.0638041128261853,0.0720498768163306,0.0083463220875861,0.00497762582331942,0.0131228317160239,0.0317260797425713,0.0130725526673035,0.027150686309015,0.0116647393031324,0.0365528684197295,0.0133742269596259,0.0191563175624717
"84","Galveston County",83.7463883630567,0.781483511009266,0.00933154881403822,0.010707258144864,0.0459861014247285,0.0366736823752117,0.115678240510113,0.0263618362060377,0.00603703795954967,0.0477452176945302,0.0217725665039354,0.0210689199960147,0.0425830676496961,0.0564224867988443,0.0219624887914716,0.0111462588422836,0.0323521719637342
"85","Garza County",41.2524113369936,2.67101943908592,0.0647482014388489,0.0491170796854133,0.0326457931443834,0.0255230746401543,0.0761240540139487,0.00786466834841965,0.00697432853539101,0.0117228075382104,0.0255230746401543,0.0302715536429737,0.0234456150764208,0.0504525894049562,0.0179551862294109,0.00519364890933373,0.00727110847306722
"86","Gillespie County",70.5501368595551,1.23366359535834,0.0174863387978142,0.0283357107058869,0.0601025482863642,0.0487682640040094,0.0926789776012953,0.025290103704846,0.00990786075022167,0.0266008712749142,0.0307644859092486,0.00956089286402714,0.0553992058290605,0.0396314430008867,0.020047033424573,0.00782605343305447,0.0239022321600679
"87","Glasscock County",66.1971830985915,0.704225352112676,0.0106382978723404,0.201408450704225,0,0.0732394366197183,0.0528169014084507,0.0119718309859155,0,0.0154929577464789,0.00774647887323944,0.0176056338028169,0.0295774647887324,0.028169014084507,0.0253521126760563,0.00774647887323944,0
"88","Goliad County",39.8135818908123,1.19840213049268,0.0301003344481605,0.0695073235685752,0.0187749667110519,0.0121171770972037,0.0980026631158455,0.0114513981358189,0.0114513981358189,0.0387483355525965,0.00918774966711052,0.0279627163781625,0.0527296937416778,0.0210386151797603,0.0233022636484687,0.00439414114513981,0.0274300932090546
"89","Gonzales County",95.4372993481856,1.41064305866329,0.0147808358817533,0.0507345072477867,0.026364432337776,0.0356065765152252,0.0717968673995525,0.0168790738398677,0.00583714369102053,0.0764665823523689,0.0162467166066738,0.0191166455880922,0.0500048642864092,0.0295262185037455,0.0223757174822454,0.0138632162661738,0.0233485747640821
"90","Gray County",77.2145283511889,1.74200853584183,0.0225606316976875,0.0573556310425921,0.0399790958975699,0.0413727027262434,0.0642365647591673,0.0201637488023691,0.00561797752808989,0.0385854890688964,0.0216880062712307,0.0196846964550126,0.0455099729988677,0.020991202856894,0.0283511889208257,0.0101036495078826,0.0214267049908545
"91","Grayson County",71.2111363023798,1.78364751954085,0.0250473115885562,0.0109397047865172,0.0410873115279121,0.0386377689344093,0.103522902034151,0.0297591679482504,0.00485152125315111,0.0583847288063038,0.0225770139362326,0.0197945238057489,0.0563315523282546,0.0368144848033231,0.0203494363673838,0.0117641463066605,0.0318202717486088
"92","Gregg County",68.4834929741819,1.79089479911185,0.026150751390368,0.0249023516636683,0.0430382003533168,0.0306640086870553,0.0995931994619212,0.0200239866452732,0.00476491466913016,0.0551449733391679,0.0251616667477026,0.0126172995575436,0.0581757183838187,0.0367011879872287,0.0219364353900261,0.0148944101392198,0.0224631691544708
"93","Grimes County",69.0474449886688,1.90072373711529,0.0275277924827951,0.0374296366693472,0.0249652752394181,0.0315447035602018,0.0618831785949265,0.0159368374881205,0.00190072373711529,0.0530740551209884,0.0180203231230353,0.0202500182761898,0.0521602456319906,0.0286570655749689,0.0267928942174136,0.00763944732802105,0.022187294392865
"94","Guadalupe County",60.4616638721179,0.848305708169582,0.0140304724323139,0.0103320984299717,0.039313667662984,0.0300883430866398,0.0961236405569657,0.0268608049625884,0.00760824182014594,0.0551199888659876,0.0235007190716354,0.0395522536434067,0.06153530078402,0.0388298683137936,0.0230699388292056,0.013102346758213,0.0216583051117046
"95","Hale County",164.161380948243,3.90998349118082,0.023817925194072,0.0382888753728966,0.0263851478553016,0.0323804558751122,0.100761722709763,0.0177831841747039,0.00370724360645292,0.0347264459698207,0.0211428736930518,0.0290497291974397,0.053870883656269,0.0190865120050975,0.0229964954962783,0.0130332783039361,0.0281229182958265
"96","Hall County",113.797549967763,3.54609929078014,0.0311614730878187,0.0673758865248227,0.0344938749194068,0.0293359123146357,0.0883301096067054,0.0122501611863314,0.00257898130238556,0.00838168923275306,0.00967117988394584,0.038039974210187,0.0228884590586718,0.0122501611863314,0.0199871050934881,0.0170857511283043,0.0541586073500967
"97","Hamilton County",66.4233576642336,2.55474452554745,0.0384615384615385,0.0527980535279805,0.0328467153284672,0.0434306569343066,0.115328467153285,0.0155717761557178,0,0.0373479318734793,0.0268856447688564,0.0248175182481752,0.0354014598540146,0.0220194647201946,0.0156934306569343,0.0138686131386861,0.0138686131386861
"98","Hansford County",121.655820679682,3.07302964569776,0.025260029717682,0.11822125813449,0.0274765003615329,0.0267534345625452,0.101409978308026,0.0110267534345625,0,0.00903832248734635,0.0242227042660882,0.00994215473608098,0.0403109182935647,0.0242227042660882,0.0245842371655821,0.0155459146782357,0.0169920462762111
"99","Hardeman County",79.9498746867168,2.25563909774436,0.0282131661442006,0.081453634085213,0.0280701754385965,0.0167919799498747,0.12781954887218,0.0288220551378446,0.0012531328320802,0.0290726817042607,0.0230576441102757,0.0275689223057644,0.0230576441102757,0.0100250626566416,0.0215538847117795,0.006265664160401,0.0303258145363409
"100","Hardin County",72.8662511385352,1.23229689425464,0.0169117647058824,0.0128944689514761,0.0330577036415266,0.0517028914328577,0.0831353919239905,0.023699390995303,0.00316110942439233,0.0557212508706445,0.0251460003929063,0.0200560784383762,0.0510956726733699,0.0322540317539692,0.0256996410265569,0.0120015001875234,0.0195917346811209
"101","Harris County",63.2758364289267,0.845206925437723,0.0133574990571177,0.0163698351503993,0.0426680343182738,0.0469793630299641,0.090305001481598,0.0286700818182401,0.00626734745782749,0.0478550636954568,0.027823991016279,0.0120688919878582,0.051675840936697,0.0633664337725684,0.0299921401280163,0.0177573003229022,0.0329668265672954
"102","Harrison County",53.6738431973096,1.06597003272978,0.0198601398601399,0.0293667237185839,0.0293366963937183,0.0318740053448638,0.105576074227547,0.0164850013512296,0.00376842927063628,0.0542743896946221,0.0243221331411585,0.0134222142149356,0.0405969432183287,0.0244122151157553,0.0242170375041288,0.0167702609374531,0.0319490736570279
"103","Hartley County",54.4579969077478,0.343583576705034,0.00630914826498423,0.0723243428964096,0.0247380175227624,0.0123690087613812,0.092080398556949,0.0200996392372445,0.00171791788352517,0.0300635629616904,0.00944854835938842,0.0109946744545611,0.0329840233636832,0.0182099295653668,0.0218175571207696,0.0051537536505755,0.00429479470881292
"104","Haskell County",61.1436445056838,2.92800551153979,0.047887323943662,0.0599379951774027,0.0294522907337237,0.0322080606269377,0.066138477437134,0.0153289700310024,0.00034447123665174,0.0105063727178781,0.0466758525663107,0.0280744057871168,0.0399586634516018,0.0146400275576989,0.029107819497072,0.00310024112986566,0.0396141922149501
"105","Hays County",74.2135976144896,0.667203851305923,0.00899031811894882,0.00532223379849417,0.0640618344000041,0.0415103442258639,0.117653700671823,0.0276632981426071,0.0113270684602475,0.0332883398428478,0.0201444239721211,0.0278377976114102,0.0702257715186073,0.0558808887155299,0.0201649533213921,0.0133748710500249,0.028566589510529
"106","Hemphill County",108.622350674374,0.481695568400771,0.00443458980044346,0.0963391136801541,0.0267341040462428,0.0272157996146435,0.0775529865125241,0.0322736030828516,0.0130057803468208,0.0221579961464355,0.0197495183044316,0.00891136801541426,0.0638246628131021,0.0303468208092486,0.0329961464354528,0.00602119460500963,0.0339595375722543
"107","Henderson County",55.6427020718561,1.33020442481208,0.0239061795218764,0.0192879641597751,0.0301554833285228,0.0416253592179402,0.0901401734285392,0.0155357837539373,0.0055592505678467,0.0356143411095913,0.0236550503846299,0.0170667737523059,0.0481257921618332,0.0381367098773953,0.0170416755556113,0.00816946302408172,0.0256378079235007
"108","Hidalgo County",67.2452381604666,2.40370012590243,0.0357452838543973,0.012134040229221,0.0315744712276618,0.0317340826334453,0.109684005150446,0.0148081268410401,0.00529219011862463,0.0158193961209664,0.0217786189801784,0.0159801986566437,0.0525740912572257,0.0322462684878249,0.018753149049657,0.0112526041077306,0.0328346866554145
"109","Hill County",68.3229813664596,1.33910764146105,0.0195996663886572,0.0255855034474899,0.0434212775656733,0.0401732292438316,0.0910023363154596,0.018291640549319,0.0038178813607613,0.045187759986324,0.0173514160351017,0.0182346572454271,0.052253689668927,0.0244743290215967,0.0283207020343039,0.00726537124622486,0.0368397059661519
"110","Hockley County",88.0419370085507,3.91011042839342,0.0444119082479258,0.0690070038241739,0.0412495166072273,0.0378120568899583,0.104670648390839,0.0193357109096378,0.00829287156791131,0.018347441240923,0.0296051218149787,0.0113865853134534,0.0454604047608817,0.0231169165986336,0.022386456408714,0.0134920293902806,0.0355347398272676
"111","Hood County",91.1256270525822,1.53379768306326,0.0168316831683168,0.0209137825255332,0.0228806524955791,0.0373705294308708,0.0846114980692194,0.0231513226749432,0.00913060738388249,0.0267241690425494,0.0197047890577069,0.0165289256198347,0.0670540257678011,0.0389223717925584,0.0345555595654841,0.0117651304630265,0.0128478111804829
"112","Hopkins County",70.0826630298645,2.39360961897075,0.034154090548054,0.0285284867377328,0.031339586406524,0.0307551003367753,0.0978040023379443,0.0172840880625678,0.00392440646831251,0.0480391883993432,0.0185087255420412,0.0162821119429987,0.0597289097943166,0.0271925185783072,0.0289738094575413,0.0204848451111915,0.0269141918784269
"113","Houston County",59.5212044290779,1.31296774475907,0.0220588235294118,0.0293667118911112,0.0193443914394503,0.0289290559761915,0.0799159700643354,0.0142238172348899,0.0012692021532671,0.0275723226399405,0.0173749398223117,0.0317738194231695,0.0412271871854348,0.0166309247669482,0.0214451398310648,0.00538316775351219,0.0157118473456169
"114","Howard County",114.987257131896,2.16491737688745,0.0188274547187798,0.046395001507221,0.0326929927927434,0.0297607629278452,0.0993669671973911,0.0216217697514456,0.0062207119563728,0.0221150420651668,0.0231015866926091,0.0231289907100381,0.0450248006357732,0.0205256090542874,0.0178126113288208,0.00665917623523609,0.0282535419692527
"115","Hudspeth County",125.877903835764,2.16099405726634,0.0171673819742489,0.0464613722312264,0.0494327390599676,0.020259319286872,0.0399783900594273,0.00432198811453269,0.00999459751485683,0.0108049702863317,0.00459211237169098,0.0526742301458671,0.0148568341437061,0.0194489465153971,0.0145867098865478,0.00513236088600756,0.0178282009724473
"116","Hunt County",50.452824339585,1.14036447377162,0.0226025894228659,0.00710790283651824,0.0361041606696043,0.0390491796018689,0.094893824317442,0.0203826310311995,0.00618896835765373,0.061911826576028,0.0229069329731405,0.0138615176811851,0.0563871482030956,0.033291999734284,0.0252098049201745,0.0117579327295675,0.0297823343150063
"117","Hutchinson County",57.7312937707335,2.62624401032068,0.0454908220271349,0.0379653520088463,0.0340029487652046,0.0524327312937707,0.0590213785477331,0.0164485809067453,0.00308698857353483,0.0725211942499079,0.0207795798009583,0.0210099520825654,0.0545982307408773,0.0287965352008846,0.0122097309251751,0.0086619977884261,0.0230833026170291
"118","Irion County",52.7638190954774,0.628140703517588,0.0119047619047619,0.131281407035176,0.0489949748743719,0.0345477386934673,0.0879396984924623,0.00251256281407035,0.00251256281407035,0.00816582914572864,0.0232412060301508,0.0175879396984925,0.0358040201005025,0.0131909547738693,0.0276381909547739,0.0175879396984925,0.0332914572864322
"119","Jack County",59.9615341101935,1.3576196402308,0.0226415094339623,0.0872270618848286,0.019911754723385,0.0286231474148659,0.046611607647924,0.00814571784138477,0.00214956443036543,0.0214956443036543,0.0123317117320964,0.0217219142436927,0.0449145830976355,0.0228532639438851,0.0328091413055776,0.00871139269148094,0.0132367914922503
"120","Jackson County",87.0154513418271,1.55868799132556,0.0179127725856698,0.0524532393602602,0.0344266738953646,0.0437110328002169,0.094266738953646,0.0142992680943345,0.00338845215505557,0.0916237462727026,0.0130794253185145,0.015180265654649,0.0371374356194091,0.0240580103008946,0.0309704526972079,0.00352399024125779,0.022499322309569
"121","Jasper County",55.439566640334,1.35424895609976,0.0244274809160305,0.015827784674416,0.0269156980024828,0.0462701726667419,0.080239250648911,0.0175488093894594,0.00157995711544972,0.0429691908362487,0.0191851935447466,0.0211319264191401,0.0482169055411353,0.0177180905089719,0.0105236429296919,0.0056991310235865,0.0406556822029116
"122","Jeff Davis County",51.8783542039356,0.447227191413238,0.00862068965517241,0.0872093023255814,0.0576923076923077,0.0322003577817531,0.115384615384615,0.0174418604651163,0,0.00268336314847943,0.00447227191413238,0.0272808586762075,0.0290697674418605,0.0245974955277281,0.00313059033989267,0.00626118067978533,0.0219141323792487
"123","Jefferson County",62.6026224202,1.03309843110451,0.0165024785091297,0.00655997863096781,0.037509722124019,0.0488895173898356,0.0941651543362637,0.0164117309701698,0.00374743689457682,0.0471336428700496,0.0218993298608656,0.0195738763581513,0.0484220698107427,0.0366651739769183,0.0222764304288733,0.0104527563694643,0.0285810805502526
"124","Jim Hogg County",93.8806537438236,2.09045990117826,0.0222672064777328,0.0608133789433675,0.0117825921702775,0.0359179019384265,0.102052451539339,0.0121626757886735,0.00171037628278221,0.0072215887495249,0.00874192322310908,0.0340174838464462,0.0106423413150893,0.0167236792094261,0.00836183960471304,0.00266058532877233,0.0640440896997339
"125","Jim Wells County",82.7000338835374,1.69417687206544,0.0204858062628036,0.0819255530277361,0.0281959436565177,0.0296722977878891,0.0925020572147732,0.0116172128370202,0.000968101069751682,0.0206205527857108,0.026066121303064,0.0169175661939106,0.0370540684447456,0.026646981944915,0.0194104264485212,0.00246865772786679,0.0222421220775449
"126","Johnson County",90.1213063375226,1.32981214062295,0.0147558018704538,0.0151149070067989,0.0271831082641893,0.0361234415288469,0.0980627196843413,0.0219138056975895,0.00588114101627615,0.0496900226629956,0.0251977549274847,0.0190294244348298,0.0711605576470441,0.0324336810823297,0.0319591941213563,0.0174686120632067,0.0233247800815368
"127","Jones County",128.649406580199,1.7527167109019,0.0136239782016349,0.0234864039260854,0.00686063398267314,0.0158245280184286,0.0783714757874706,0.0142220441684611,0.0011517852671641,0.0102158345435425,0.0184786418949372,0.0214332214933146,0.0203815914667735,0.0152235965746908,0.0216836095948721,0.00590915919675497,0.0110170764685262
"128","Karnes County",92.1533452926716,1.72745996943725,0.0187454938716655,0.048634642216464,0.0199322304165836,0.0263769849179457,0.0767390871038469,0.0125573051624477,0.00245830841804531,0.0235200318915687,0.0172745996943725,0.0306291940734835,0.0455119261178659,0.0165437512457644,0.0304963125373729,0.0102983190485682,0.0154142581888247
"129","Kaufman County",99.6935186152614,1.34085605823146,0.0134497816593886,0.0060251454045206,0.033321143732804,0.0423588618395849,0.112213979730436,0.0272872914707624,0.00754013861317173,0.0476874586424268,0.019546895134608,0.0221067112457772,0.0549315640998851,0.0437693727579842,0.0278271166370634,0.0181189705011667,0.0319889945320935
"130","Kendall County",46.891281695033,1.09164888602193,0.0232804232804233,0.0148613109710713,0.0459236838187863,0.0330719992060735,0.101697017813725,0.0409368332258225,0.0040688731206272,0.0361236540465439,0.0290527464893564,0.0235448816553367,0.0511586364313006,0.0530690219818389,0.0159777700590483,0.012975735622488,0.0212871532774277
"131","Kenedy County",53.1914893617021,3.54609929078014,0.0666666666666667,0.134751773049645,0,0.0124113475177305,0.076241134751773,0,0,0,0.00354609929078014,0.0319148936170213,0.0407801418439716,0,0.024822695035461,0,0
"132","Kent County",100,1.47058823529412,0.0147058823529412,0.0617647058823529,0.00735294117647059,0.0338235294117647,0.129411764705882,0.0426470588235294,0.00147058823529412,0.00294117647058824,0.0147058823529412,0.0735294117647059,0.0514705882352941,0.00882352941176471,0.00882352941176471,0.0102941176470588,0.00735294117647059
"133","Kerr County",59.4944938042986,1.20170997419279,0.0201986754966887,0.0162329347333583,0.0487776048541203,0.0477925966785524,0.098461417229763,0.0253541104391166,0.00630405232363429,0.0248616063513327,0.035578495301511,0.0192076594235732,0.0479698981501546,0.032820472409921,0.014341719036268,0.00535844447508914,0.0270680246646047
"134","Kimble County",51.2184115523466,1.35379061371841,0.026431718061674,0.0282039711191336,0.0548285198555957,0.0516696750902527,0.0990523465703971,0.0126353790613718,0.00857400722021661,0.0309115523465704,0.032942238267148,0.0178249097472924,0.0661101083032491,0.0166967509025271,0.0239169675090253,0.0139891696750903,0.0311371841155235
"135","King County",38.0622837370242,0,0,0.259515570934256,0,0.0449826989619377,0.117647058823529,0.0242214532871972,0.0069204152249135,0.013840830449827,0.0069204152249135,0.0519031141868512,0.0069204152249135,0.0449826989619377,0.0207612456747405,0,0.0380622837370242
"136","Kinney County",71.054805838612,0.826218672541999,0.0116279069767442,0.0253373726246213,0.035527402919306,0.0476452767832553,0.0691269622693473,0.004957312035252,0,0.00220324979344533,0.0151473423299367,0.0939135224456073,0.013219498760672,0.005783530707794,0.0592123381988433,0,0.0327733406774993
"137","Kleberg County",62.8091312618897,1.99746353836398,0.0318021201413428,0.0414077362079899,0.0444514901712112,0.0309765377298668,0.135573874445149,0.0188332276474318,0.00399492707672796,0.0202282815472416,0.0184527584020292,0.0260621433100824,0.0527901077996195,0.0194990488268865,0.0186429930247305,0.00291693088142042,0.0464806594800254
"138","Knox County",55.1558752997602,3.19744204636291,0.0579710144927536,0.104449773514522,0.0170530242472689,0.0221156408206768,0.11324273914202,0.0205169197974953,0,0.0159872102318145,0.0154543032240874,0.019451105782041,0.0418332001065814,0.00692779110045297,0.0199840127897682,0.00373034905409006,0.0213162803090861
"139","Lamar County",100.321855832878,2.26716058379385,0.0225988700564972,0.0119835630857675,0.0343110463350944,0.0399789477945791,0.106374364891399,0.0161535191595312,0.00297564826622943,0.0716179834416307,0.0159713366126192,0.0179955871338637,0.061577700856258,0.0197566850873464,0.0218011781138034,0.00730754438169268,0.0254853140624684
"140","Lamb County",134.575104727708,5.46080191502095,0.0405780989438577,0.0816128067025733,0.0336624775583483,0.0283512866546978,0.0927588270496709,0.0173548773189707,0.00336624775583483,0.0232645122681029,0.0172052663076002,0.0231149012567325,0.0447336923997606,0.0221424296828247,0.0275284260921604,0.00912627169359665,0.0157091561938959
"141","Lampasas County",44.5953206662433,0.830361940116251,0.0186199342825849,0.0160699457822498,0.0304303228642602,0.0533873882674742,0.0974942607336492,0.0163630147022908,0.00268646510037611,0.0264250476236995,0.0373174424852244,0.0328725638646022,0.052557026327358,0.0307722366043081,0.0122600498217164,0.0120158257216822,0.0336540809847116
"142","La Salle County",109.733081693179,2.02210838500944,0.0184275184275184,0.080210299272041,0.0594499865192774,0.00930169857104341,0.075222431922351,0.00148287948234025,0,0.0215691561067673,0.00674036128336479,0.0145591803720679,0.0341062280938258,0.0179293610137503,0.0421946616338636,0.00337018064168239,0.0208951199784308
"143","Lavaca County",93.7610151568558,3.12201017171056,0.033297529538131,0.048139382647666,0.023012236265673,0.03499672692482,0.0915957500377663,0.0274434765093912,0.00327307518001913,0.0643536935394531,0.0294073216174027,0.0141497557782366,0.0522684928747671,0.0190341910468805,0.0234654312905987,0.0141497557782366,0.0132433657283851
"144","Lee County",70.1483679525223,2.01780415430267,0.0287648054145516,0.0362611275964392,0.0350148367952522,0.0632047477744807,0.0953115727002967,0.0249258160237389,0.00652818991097923,0.0414836795252225,0.0325222551928783,0.027893175074184,0.0360830860534125,0.0290207715133531,0.0320474777448071,0.00818991097922849,0.0220771513353116
"145","Leon County",51.5737357067075,1.65035954261464,0.032,0.0380761523046092,0.0297654131792998,0.0591182364729459,0.0545208063185194,0.0180360721442886,0.0041258988565366,0.0401391017328775,0.0192149003890133,0.0232229164210775,0.0475067782624072,0.0214546740539903,0.0241659790168572,0.00813391488860073,0.0294707061181186
"146","Liberty County",64.0428621501177,1.38951479645486,0.0216966379984363,0.0199914876571028,0.0188272995843974,0.0494466977116819,0.067234990736568,0.00972660357518402,0.00383055430374042,0.0597866907015172,0.0238595964148015,0.0149842271293375,0.0345751339442191,0.0197411246307145,0.0229332532171649,0.0141455109909369,0.0302062991337439
"147","Limestone County",60.4770017035775,1.44804088586031,0.023943661971831,0.036541737649063,0.020442930153322,0.0264054514480409,0.105579216354344,0.0103918228279387,0.00183134582623509,0.0401192504258944,0.0166950596252129,0.0273850085178876,0.0370954003407155,0.0221039182282794,0.022870528109029,0.00834752981260647,0.0429727427597956
"148","Lipscomb County",70.9585121602289,2.86123032904149,0.0403225806451613,0.119027181688126,0.0194563662374821,0.0532188841201717,0.0832618025751073,0.0148783977110157,0.00829756795422031,0.021173104434907,0.0231759656652361,0.0203147353361946,0.0391988555078684,0.0163090128755365,0.0446351931330472,0.0100143061516452,0.0260371959942775
"149","Live Oak County",80.2956074067923,1.32857261479698,0.0165460186142709,0.0677572033546459,0.0313875280245786,0.0275678817570373,0.0392759279249356,0.0178526945113344,0,0.0256580586232666,0.0225857344515486,0.0279830606991613,0.0473303994021423,0.0249107365274433,0.0194303744914058,0.00539732624761272,0.0140330482437931
"150","Llano County",39.8613518197574,1.48551621688537,0.0372670807453416,0.0158950235206734,0.0395147313691508,0.0527358256994306,0.0611042337212181,0.0281752909135925,0.00495172072295123,0.0196583312701164,0.030255013617232,0.0188660559544442,0.0370388710076752,0.0507056202030206,0.0128744738796732,0.00752661549888586,0.0341173557811339
"151","Loving County",13.5135135135135,0,0,0.189189189189189,0,0,0.027027027027027,0.0675675675675676,0,0,0,0.0405405405405405,0.0675675675675676,0,0.0405405405405405,0.0945945945945946,0
"152","Lubbock County",152.998570671248,2.17419021480194,0.0142105263157895,0.0126794210211984,0.0540527845068816,0.0330054153441461,0.141946437079338,0.0271606015259594,0.0088511015226042,0.0258554163507157,0.0272478375530965,0.0178968064903604,0.0626287570208226,0.0369343917971293,0.0216311794981915,0.0171351688688171,0.0245535864072849
"153","Lynn County",98.7035436473639,3.11149524632671,0.031523642732049,0.0691443388072602,0.0222990492653414,0.0273120138288678,0.103025064822818,0.0164217804667243,0.00414866032843561,0.0114088159031979,0.0122731201382887,0.0243733794295592,0.062057044079516,0.0115816767502161,0.0285220397579948,0.0255834053586863,0.0369922212618842
"154","McCulloch County",57.3357888275015,1.47329650092081,0.0256959314775161,0.0739103744628607,0.0325352977286679,0.0209944751381215,0.0794352363413137,0.016329036218539,0.00208717004297115,0.0262737875997545,0.0445672191528545,0.023572744014733,0.0470227133210559,0.0283609576427256,0.0492326580724371,0.00478821362799263,0.0149785144260282
"155","McLennan County",89.1014162461338,1.39996744261761,0.0157120672330319,0.00555510336968908,0.042165879863259,0.0333468989093277,0.120751261598567,0.0291876933094579,0.00590102555754517,0.0515342666449617,0.023713983395735,0.0209181181832981,0.057834120136741,0.0362160182321341,0.0197460524173856,0.0113421780888817,0.0246500081393456
"156","McMullen County",116.666666666667,3.33333333333333,0.0285714285714286,0.03,0.0666666666666667,0.0133333333333333,0.0466666666666667,0.0166666666666667,0,0.0366666666666667,0.0366666666666667,0.03,0.05,0.00333333333333333,0.00666666666666667,0,0.12
"157","Madison County",83.1246870305458,1.50225338007011,0.0180722891566265,0.0370555833750626,0.0221761213248444,0.02045926031905,0.0711781958652264,0.00414908076400315,0.00250375563345018,0.0283282065956077,0.0130910651691823,0.0250375563345018,0.0313327133557479,0.026396737964089,0.0152371414264254,0.00701051577366049,0.00987195078331783
"158","Marion County",39.5463510848126,1.9723865877712,0.0498753117206983,0.0189349112426036,0.0209072978303748,0.0245562130177515,0.100986193293886,0.00828402366863905,0.00266272189349112,0.0261341222879684,0.0241617357001972,0.0159763313609467,0.050887573964497,0.0291913214990138,0.019723865877712,0.0160749506903353,0.0428007889546351
"159","Martin County",102.577970073914,3.24499729583559,0.031634446397188,0.111772129078781,0.0319091400757166,0.0403821885703984,0.0942851992067784,0.0187488732648278,0.00594916170903191,0.0158644312240851,0.0250585902289526,0.010275824770146,0.0524607896160087,0.0158644312240851,0.0243374797187669,0.00865332612222823,0.00901388137732108
"160","Mason County",82.4842309558467,0.970402717127608,0.0117647058823529,0.117903930131004,0.0349344978165939,0.0521591460456089,0.0972828723920427,0.0220766618146531,0.00194080543425522,0.0169820475497331,0.0441533236293062,0.0184376516254246,0.0502183406113537,0.0308102862688016,0.0291120815138282,0.0111596312469675,0.0152838427947598
"161","Matagorda County",70.8142826039626,1.95950359242325,0.0276710222905457,0.0314337034617897,0.0366590463749184,0.0486882212061833,0.0903004572175049,0.00723927716089702,0.00277596342259961,0.0473546701502286,0.0265621598084041,0.00778358371434792,0.05121924667973,0.0306716742869584,0.0436261702590899,0.0113760069671239,0.0297463531460919
"162","Maverick County",144.768665935863,3.88021784900211,0.0268028846153846,0.0380017748081641,0.0388891788902229,0.0263959214212385,0.0993544570305023,0.0140070644324964,0.000713403281655096,0.0174000800403682,0.0130848601903569,0.0327469506359729,0.0440744027422526,0.00894364114074925,0.0274747263837414,0.00628142889457292,0.0541838492457065
"163","Medina County",67.0058498805306,1.27708659471039,0.0190593298493698,0.0343989453736508,0.0351610776963006,0.0449246106945703,0.10377358490566,0.0245942160336162,0.00189503172118316,0.0255829282359726,0.0191357007497734,0.0235849056603774,0.0386627667463129,0.0391159265057263,0.0291258136277499,0.0117409574029826,0.0242234489577326
"164","Menard County",84.7856806406029,2.3551577955723,0.0277777777777778,0.0701837023080546,0.0216674517192652,0.10880829015544,0.125765426283561,0.0169571361281206,0,0.0141309467734338,0.00423928403203015,0.0343853038153556,0.0202543570419218,0.0103626943005181,0.0442769665567593,0.00659444182760245,0.0259067357512953
"165","Midland County",83.3984851422603,1.26342387871131,0.0151492425378731,0.0960139602084024,0.0396289786906676,0.0408798934220649,0.0919234690367331,0.023010576484054,0.0047847488475948,0.0224539194285822,0.0301220267320478,0.0120400542896993,0.0517753607325357,0.0437069607150229,0.0275889244009682,0.0193829237630017,0.0183947011251978
"166","Milam County",64.4225662813023,0.776175497365088,0.0120481927710843,0.041300706728216,0.0317414927080355,0.0327219249152335,0.0889742228032191,0.018342252542996,0.00563748519138854,0.0360308836145267,0.0200988602475591,0.0237346296825851,0.0362351403243597,0.0136851995588055,0.0337432084643981,0.00694472813431921,0.0225090894235876
"167","Mills County",70.3908328217721,3.27399222426847,0.0465116279069767,0.0425618989154901,0.0255780642520974,0.0167792101493759,0.0931041538776345,0.0270104358502149,0.00532023736443626,0.0202578268876611,0.0335584202987518,0.0225086965418457,0.0857376713730305,0.0280335584202988,0.0133005934110906,0.00675260896255371,0.0124820953550235
"168","Mitchell County",60.9756097560976,2.39343514930476,0.0392523364485981,0.0501481650330522,0.00752222475495783,0.0266697059493959,0.07989514474584,0.0165260998404377,0.00056986551173923,0.014018691588785,0.0180077501709597,0.0338500113973102,0.0325963072714839,0.0100296330066104,0.0245042170047869,0.00490084340095737,0.0219968087531343
"169","Montague County",88.2716685561167,2.370400906936,0.0268534734384121,0.0677625476656704,0.0309698031536638,0.0400391631454189,0.0709574358445842,0.0176234154385242,0.00623518499433165,0.0288055240647223,0.0261774708852932,0.0160775018035659,0.0550860558590127,0.0184994331650005,0.0237555395238586,0.00705967226630939,0.0287539936102236
"170","Montgomery County",61.6719015970119,0.609132882525174,0.00987699206204933,0.0274072427020836,0.0387658893059809,0.042030168894237,0.0861792233368897,0.026999908443217,0.00556814720835895,0.0442480852487075,0.0251127176108538,0.015230190568904,0.0515576798390095,0.0538895750457317,0.0300287563038714,0.019436197067567,0.0238701612707334
"171","Moore County",96.1119186046512,2.5890261627907,0.026937618147448,0.0402888808139535,0.0403343023255814,0.0282067587209302,0.0659974563953488,0.0064952761627907,0.00358829941860465,0.143986191860465,0.0193949854651163,0.0250726744186047,0.041015625,0.0300236191860465,0.0217569040697674,0.0148982558139535,0.0207122093023256
"172","Morris County",53.6312849162011,1.19712689545092,0.0223214285714286,0.0150039904229848,0.0119712689545092,0.0159616919393456,0.0881085395051875,0.0174780526735834,0.00183559457302474,0.0782122905027933,0.0338387869114126,0.0403032721468476,0.0473264166001596,0.0135674381484437,0.0272944932162809,0.0116520351157223,0.0441340782122905
"173","Motley County",70.9156193895871,6.28366247755835,0.0886075949367089,0.122082585278276,0.0368043087971275,0.0368043087971275,0.0565529622980251,0.0107719928186715,0,0.00269299820466786,0.0152603231597846,0.0385996409335727,0.066427289048474,0.0296229802513465,0.040394973070018,0.00448833034111311,0.040394973070018
"174","Nacogdoches County",53.5995474767241,1.69696228463103,0.0316600114090131,0.0224885722584886,0.0363700295057406,0.0363700295057406,0.126461910076287,0.0195379981960221,0.00614575530109615,0.0471938970509547,0.024047943006528,0.0130406200791916,0.0468575621837306,0.0305300331748483,0.0138661692987418,0.00819434040146153,0.0408188225222057
"175","Navarro County",99.4630900308879,1.47183813926491,0.0147978324301792,0.0197143390202948,0.0357801778643836,0.0396567093016024,0.0985509649868364,0.0177864383590041,0.00437405418851966,0.0610087273782624,0.0205850038350712,0.025352930201704,0.0434295901656336,0.022906776674475,0.0245651858454777,0.00762868218661249,0.0438649225730218
"176","Newton County",33.0584337774019,1.40974131246916,0.0426439232409382,0.0317896665961796,0.0102911115810249,0.0288996969056178,0.0835271727637978,0.011700852893494,0.00239656023119758,0.0576584196799887,0.013533516599704,0.0166349474871361,0.051244096708254,0.0138154648621978,0.0268555720025375,0.00204412490308028,0.0458165926552478
"177","Nolan County",93.3288859239493,2.53502334889927,0.0271622587562545,0.0406937958639093,0.0416277518345564,0.0302868579052702,0.108805870580387,0.0133422281521014,0.00500333555703803,0.0527018012008005,0.0181454302868579,0.0222148098732488,0.0244162775183456,0.0149432955303536,0.0417611741160774,0.00740493662441628,0.0322214809873249
"178","Nueces County",89.0583680164247,1.44218430948104,0.0161936979264549,0.0146701107999241,0.0545826313029312,0.0399794690976445,0.108183349884514,0.024603608529251,0.00633222124278908,0.0306150344227357,0.0253205163968266,0.0291840082123609,0.0535895604824762,0.0408693275013669,0.0210888073107865,0.0115765278227201,0.0291282177168298
"179","Ochiltree County",92.0450209843571,1.81228538725677,0.0196891191709845,0.119896985883251,0.0378672262495231,0.0346241892407478,0.0672453262113697,0.0196489889355208,0.00448302174742465,0.0176459366653949,0.0182182373140023,0.0165013353681801,0.0399656619610836,0.0274704311331553,0.0271842808088516,0.0155475009538344,0.0368180083937428
"180","Oldham County",80.1728276524244,0.960153624579933,0.0119760479041916,0.0508881421027364,0.0312049927988478,0.014402304368699,0.102256361017763,0.0153624579932789,0,0.0235237638022084,0.0240038406144983,0.0230436869899184,0.0268843014882381,0.0201632261161786,0.0340854536725876,0.00672107537205953,0.014882381180989
"181","Orange County",70.86248197452,0.96533149006662,0.0136226034308779,0.00704334457567126,0.0377432694943331,0.0391257195294903,0.0933868834094078,0.0220000238353454,0.00421885614177263,0.0715537069920986,0.0174951435483679,0.0153499624593309,0.0516988642457901,0.0385298358936467,0.0279826955392151,0.0117627429715525,0.027994613211932
"182","Palo Pinto County",81.753175139635,1.77878971148031,0.0217580504786771,0.0318759116297271,0.0522608417232915,0.0396670105660109,0.0726101960226262,0.0210608701839269,0.0069017040805436,0.0525810238713579,0.0238357821338361,0.0160091074033228,0.0446120459639261,0.0236934789569177,0.0202782027108755,0.0117044363015404,0.0356113700238358
"183","Panola County",52.0912870111139,2.07856112666497,0.0399022801302932,0.0915415288029185,0.0182828539916858,0.0319419699669127,0.0832697039110885,0.0173072028505981,0.00258759650462374,0.0299058284550776,0.0166709086281497,0.0182404343768559,0.0489098158988716,0.0338084330194282,0.0178586578433868,0.00772036989904132,0.0165860693984899
"184","Parker County",89.8200265157229,0.912966506037487,0.0101643980908609,0.0241023157593897,0.0338909044719481,0.0421155418654684,0.101585386184832,0.0270714416138072,0.00721640481728762,0.0541190667100657,0.0248723831601343,0.0223398934607782,0.0498479712296468,0.0336765558140089,0.0342481522351802,0.0103363686161809,0.0271270134880878
"185","Parmer County",112.754533481917,3.2418194711782,0.0287511230907457,0.0711174146489717,0.0290750683821295,0.0271502380711174,0.0796271907608145,0.0120555161584439,0.00699017323472799,0.0966467429845,0.0225914294397731,0.018133927666903,0.0287711478067065,0.0153986424880964,0.0286698409482322,0.0106372201398035,0.0127646641677642
"186","Pecos County",83.0802328524424,1.64515312579094,0.0198019801980198,0.0658061250316376,0.0331561629967097,0.0413819286256644,0.0609972158947102,0.0135408757276639,0.00170842824601367,0.00613768666160466,0.0171475575803594,0.0400531511009871,0.0439762085547963,0.017717033662364,0.0388509238167552,0.00569476082004556,0.0147431030118957
"187","Polk County",53.0506237493081,1.49018606037382,0.0280898876404494,0.0187763443607102,0.0380210329118236,0.0464086515944991,0.080661642610806,0.0162856048026568,0.00534338144505471,0.0289308979435432,0.0228424234683016,0.029228935155618,0.0451100608847448,0.0232256141695406,0.0230978839357943,0.00500276748839784,0.0354238514923149
"188","Potter County",131.543347356265,2.4911325579477,0.018937731234715,0.00952734471665429,0.0489565289119855,0.0397343891775963,0.0909180895817867,0.0199290604635816,0.00348923533778768,0.0537490720118783,0.0260909015920152,0.0179163573372928,0.0538068134950095,0.0338860018147323,0.0242101789985977,0.0138084632516704,0.0192774065825291
"189","Presidio County",85.5235711305799,2.64219162842442,0.0308943089430894,0.0463078848560701,0.0577110276734807,0.0422750660547907,0.0849673202614379,0.00417188151856487,0,0.00097343902099847,0.0200250312891114,0.0241969128076763,0.0269781671533862,0.0139062717285496,0.0132109581421221,0.00264219162842442,0.0367125573633709
"190","Rains County",56.1977592032723,1.77841010136938,0.0316455696202532,0.0156500088920505,0.0350346789969767,0.0543304285968344,0.0657122532455984,0.0139605192957496,0.00515738929397119,0.0524630979903966,0.0183176240441046,0.0147608038413658,0.0574426462742308,0.0363684865730037,0.029966210208074,0.0099590965676685,0.0248088209141028
"191","Randall County",115.693363563944,1.59323487958821,0.013771186440678,0.0142854954347693,0.048111097493719,0.0338639009743244,0.132001041730498,0.0382682762424168,0.00880109075310987,0.035135424964765,0.0322476867455114,0.0261811385501563,0.0638979104111772,0.0419602916845395,0.0319872541209633,0.0190269011581592,0.0203290642808996
"192","Reagan County",95.8500669344043,1.87416331994645,0.0195530726256983,0.18768406961178,0.0329317269076305,0.0163319946452477,0.0481927710843374,0.0176706827309237,0,0.00508701472556894,0.0294511378848728,0.0107095046854083,0.0299866131191432,0.0227576974564926,0.0639892904953146,0.00428380187416332,0.0190093708165997
"193","Real County",78.3204288266826,3.57355568790947,0.0456273764258555,0.0530077427039905,0.0768314472900536,0.032459797498511,0.0774270399047052,0.0196545562835021,0.00923168552709946,0.00446694460988684,0.01697438951757,0.0053603335318642,0.0631328171530673,0.00863609291244789,0.0142942227516379,0,0.0247170935080405
"194","Red River County",44.4426455112119,2.50951185946734,0.0564663023679417,0.0254189265765401,0.0218570387760058,0.0271189184813406,0.100137618392293,0.0162713510888043,0.00169999190480045,0.0757710677568202,0.0169999190480045,0.0292236703634745,0.0360236379826763,0.0117380393426698,0.0170808710434712,0.00679996761920181,0.0380474378693435
"195","Reeves County",102.900412412954,2.23108647150294,0.0216819973718791,0.0617267257115814,0.0359678182678656,0.0265702116151714,0.0705158542356839,0.0116286931241971,0.00236630383341221,0.0144682577242918,0.00838347643837469,0.0403623825299168,0.0342776012439997,0.00696369413832736,0.0289365154485836,0.00534108579541613,0.0302886890676763
"196","Refugio County",73.4951323186617,2.33100233100233,0.0317164179104478,0.0689702454408337,0.0272864390511449,0.0412724530371589,0.0780200191964898,0.0182366652954888,0.00246812011517894,0.0294803235979707,0.0311257370080899,0.0226244343891403,0.034965034965035,0.0231729055258467,0.0165912518853695,0.0117921294391883,0.0348279171808584
"197","Roberts County",55.1181102362205,1.12485939257593,0.0204081632653061,0.12710911136108,0.0134983127109111,0.0438695163104612,0.0989876265466817,0.0134983127109111,0.00224971878515186,0.0258717660292463,0.0112485939257593,0.0202474690663667,0.0371203599550056,0.0281214848143982,0.0258717660292463,0.0123734533183352,0.0112485939257593
"198","Robertson County",63.908650684522,1.49458958569977,0.0233863423760524,0.0471094637412567,0.0222992766186405,0.0406528367310337,0.106295211334967,0.00825013451306271,0.00526095534166318,0.0414300233155975,0.0199079332815209,0.0210438213666527,0.051294314581216,0.0250493214563281,0.0362886351407903,0.00436420159024332,0.0360495008070784
"199","Rockwall County",90.9372442320879,0.862698254695069,0.00948674288494284,0.00726657376070078,0.0318866547216139,0.0434335390536864,0.116585926958214,0.0392306501205565,0.0122436790762493,0.0460769349879443,0.0205277943681288,0.0209038423253036,0.0586524210852302,0.0571150485544274,0.0230827084301104,0.0133497024797045,0.0255048996836773
"200","Runnels County",105.688681083187,2.72744983440483,0.0258064516129032,0.0615624391194233,0.010812390414962,0.0325345801675433,0.0987726475745178,0.0170465614650302,0.000292226767971946,0.0501655951685174,0.0236703682057276,0.0205532826806936,0.04354178842782,0.0243522306643289,0.018215468536918,0.00603935320475356,0.0135398402493668
"201","Rusk County",57.8018330630257,1.22581375174443,0.0212071778140294,0.0444310338324595,0.0289857805604798,0.030852789197752,0.0794138724399351,0.0131256364802173,0.00418662542903481,0.038019084977181,0.021253724587938,0.0181609021989213,0.0403575604420473,0.0310225172556859,0.0231773092445216,0.0105985742843134,0.022988722513484
"202","Sabine County",43.3406846293988,2.68482117173267,0.0619469026548673,0.0247387093681082,0.0204238181992521,0.0291494870073833,0.0771886086873142,0.0123693546840541,0.000575318822514143,0.0253140281906223,0.0338479240579154,0.0126570140953112,0.048039121679931,0.0133282193882443,0.0176431105571004,0.00872566880813117,0.0248345958385272
"203","San Augustine County",59.0265381411401,3.09413304772105,0.0524193548387097,0.0247530643817684,0.0182077829346662,0.0193978341068666,0.0754492443175057,0.0132095680114245,0.00238010234440081,0.0399857193859336,0.0179697727002261,0.0107104605498036,0.0358205402832322,0.0105914554325836,0.0276091871950494,0.000595025586100202,0.0458169701297156
"204","San Jacinto County",23.1083248286922,0.765417699373086,0.0331230283911672,0.0243475725324391,0.0144335909024639,0.0672474121592069,0.0475287942848812,0.0160373232249599,0.0090392185449774,0.0310540895174224,0.0242746756086893,0.0338606210817903,0.0530689604898673,0.0209943140399475,0.0242017786849395,0.00645137775185887,0.0258055110074355
"205","San Patricio County",51.594957153753,1.66001166494683,0.0321739130434783,0.0352341214649977,0.0387336055154261,0.0588032960952338,0.0933195746780923,0.0192022970972228,0.00198902298592729,0.0369988185502565,0.0178712967532565,0.0261264898978569,0.0404983026006849,0.0281902881840071,0.0255282874960743,0.00924222710754184,0.0221633989860469
"206","San Saba County",83.2336352760212,2.56366433088361,0.0308008213552361,0.0943428473765168,0.0268330199965818,0.0516151085284567,0.0627243206289523,0.0174329174500085,0.00222184242009913,0.0300803281490344,0.0189711160485387,0.0268330199965818,0.0480259784652196,0.0138437873867715,0.0160656298068706,0.0140146983421637,0.0138437873867715
"207","Schleicher County",60.5381165919283,1.92184497117233,0.0317460317460317,0.121076233183857,0.0166559897501602,0.0461242793081358,0.109545163356823,0.0272261370916079,0.00608584240871236,0.00960922485586163,0.0227418321588725,0.011531069827034,0.0240230621396541,0.0221012171684817,0.0400384368994234,0.015695067264574,0.0317104420243434
"208","Scurry County",130.865905684308,2.65190822091548,0.0202643171806167,0.0906837311195665,0.0329182520465813,0.0298051423959414,0.0735039778623314,0.0153349475383374,0.00265190822091548,0.00922402859448864,0.0170068027210884,0.0130865905684308,0.0623774933702295,0.0111264844921019,0.0247319266689727,0.00795572466274645,0.0188516084399862
"209","Shackelford County",55.8542413381123,0.29868578255675,0.0053475935828877,0.0842293906810036,0.046594982078853,0.0319593787335723,0.0797491039426523,0.0116487455197133,0.00268817204301075,0.0161290322580645,0.0439068100358423,0.031063321385902,0.0525686977299881,0.025089605734767,0.0200119474313023,0.004778972520908,0.0337514934289128
"210","Shelby County",49.7489197711083,1.7517225271517,0.0352112676056338,0.0454280042041341,0.025730857565495,0.0367472459029156,0.0908170812409981,0.0171279535988166,0.00253026587255245,0.0514617151309899,0.018607185955078,0.00910895714118884,0.0312585153178403,0.0131573825372728,0.0190353847950485,0.00615049242866597,0.0293900112888785
"211","Sherman County",38.4740789044669,3.58656667753505,0.0932203389830508,0.135963482230192,0.0153244212585589,0.0352135637430714,0.0939028366481904,0.0182588849038148,0.00489077274209325,0.0661884577763287,0.0238017606781872,0.0107597000326052,0.0564069122921422,0.0133681121617216,0.0358656667753505,0.013042060645582,0.0078252363873492
"212","Smith County",69.3099151059264,1.39015732621909,0.0200571206023627,0.0139105710442376,0.0426629835745489,0.0317036850416372,0.118500789555375,0.0211132955726413,0.0104689194113651,0.0392078352686063,0.0245729427696073,0.0142884778902001,0.0605280798283223,0.0336292103996365,0.0201550317846651,0.0123449569681074,0.0306059556319367
"213","Somervell County",102.080924855491,0.92485549132948,0.00906002265005663,0.0563005780346821,0.0522543352601156,0.0272832369942197,0.0728323699421965,0.0235838150289017,0.000809248554913295,0.0358381502890173,0.0203468208092486,0.0112138728323699,0.0247398843930636,0.0330635838150289,0.0595375722543353,0.00658959537572254,0.0121387283236994
"214","Starr County",117.628508356985,3.37432986439609,0.028686327077748,0.0253547776726585,0.0189057079785557,0.035115105644907,0.129154840744245,0.0086723431094292,0.000630715862503942,0.00673289183222958,0.0210186061179439,0.0149952696310312,0.0350835698517818,0.0177073478397982,0.0201829076001261,0.00424156417533901,0.0594765058341217
"215","Stephens County",67.1649759743727,2.02883075280299,0.0302066772655008,0.0726107848371596,0.0259476775226909,0.0363053924185798,0.0697277095568607,0.0164442071542979,0.00192205018686599,0.0302189001601708,0.0199679658302189,0.0214628937533369,0.0469834490122798,0.0293646556326749,0.0238120662039509,0.00352375867592098,0.0194340630005339
"216","Sterling County",85.1624231782265,3.51185250219491,0.0412371134020619,0.123792800702371,0.0201931518876207,0.0184372256365233,0.0904302019315189,0.00702370500438982,0,0.0245829675153644,0.00614574187884109,0.0342405618964004,0.0491659350307287,0.0158033362598771,0.0359964881474978,0.0263388937664618,0.0122914837576822
"217","Stonewall County",123.616236162362,3.690036900369,0.0298507462686567,0.105166051660517,0.00830258302583026,0.0424354243542435,0.103321033210332,0.025830258302583,0,0.00276752767527675,0.00830258302583026,0.040590405904059,0.0193726937269373,0.00276752767527675,0.0387453874538745,0.0101476014760148,0.0101476014760148
"218","Sutton County",104.262968669748,1.54083204930663,0.0147783251231527,0.135336414997432,0.0364663585002568,0.0377503852080123,0.0744735490498202,0.0159219311761685,0.00462249614791988,0.0297894196199281,0.0166923472008218,0.00847457627118644,0.0336414997431947,0.0362095531587057,0.0241397021058038,0.0156651258346174,0.0292758089368259
"219","Swisher County",90.4389338284047,1.85651770322238,0.0205278592375367,0.0513194536533616,0.0283781991778279,0.019360827476462,0.0702824559077045,0.0118021482561994,0.00596737833178624,0.0202890863280732,0.0204216947354462,0.0184325686248508,0.0525129293197189,0.0204216947354462,0.0271847235114706,0.0121999734783185,0.0225434292534147
"220","Tarrant County",98.5635247709428,0.906398477573191,0.00919608424799763,0.00608819489079612,0.0457257363227343,0.0346926789922744,0.0982348418969841,0.0386887973080268,0.00931100104603829,0.0515129746556265,0.0262885805386467,0.0175114371053726,0.0566065509723115,0.0527072227053323,0.0371966173894413,0.0169206145159867,0.0278457912712516
"221","Taylor County",98.0638393747553,1.94280902113451,0.0198116760828625,0.0111397566687104,0.0483190639058587,0.0304127176426266,0.130050010711304,0.031919687377651,0.00568807203906302,0.0240302575884052,0.0265935835592557,0.0333306247276004,0.0615641459396769,0.0271919391893389,0.0242666449978208,0.00993565830199969,0.0215481897895413
"222","Terrell County",101.24826629681,1.3869625520111,0.0136986301369863,0.0388349514563107,0.00554785020804438,0.0249653259361997,0.0693481276005548,0.00970873786407767,0.00554785020804438,0.0208044382801664,0.0388349514563107,0.0527045769764216,0.00970873786407767,0.0527045769764216,0.0319001386962552,0,0.0263522884882108
"223","Terry County",115.640925127401,3.60642885143081,0.0311864406779661,0.0758134065072521,0.0227361818894551,0.035358682869463,0.0868678949431596,0.00744805958447668,0.00674245393963152,0.0105056840454724,0.0103488827910623,0.0262642101136809,0.0235985887887103,0.0104272834182673,0.0193649549196394,0.0217169737357899,0.0371618972951784
"224","Throckmorton County",36.340038935756,1.94678780012979,0.0535714285714286,0.128487994808566,0.00584036340038936,0.0188189487345879,0.121349772874757,0.0259571706683971,0,0.00778715120051914,0.0155743024010383,0.0123296560674886,0.0343932511356262,0.0168721609344581,0.0376378974691759,0.00389357560025957,0.0233614536015574
"225","Titus County",96.0384521185403,1.83688464364438,0.0191265540325151,0.0157665931912809,0.0393705608621112,0.023634582414891,0.0728324761204996,0.013990938035758,0.00137766348273328,0.106325006122949,0.0222569189321577,0.00958241489101151,0.0611988733774186,0.0260531471956894,0.0298799902032819,0.0157359784472202,0.0286247856967916
"226","Tom Green County",98.7716627033685,1.74499170273553,0.0176669264744089,0.0343866012009649,0.039459052572152,0.0324192085949395,0.116846013036114,0.0237370194857407,0.0103587497647683,0.0291430722118625,0.0228046464681026,0.0255504422356423,0.0557285340358921,0.04190546250834,0.0137033171950114,0.0108548748567225,0.0180829042136417
"227","Travis County",52.2427637975699,0.532048710504307,0.0101841608641895,0.0040881059065906,0.0565263508597771,0.0410433934168746,0.109715923384986,0.0403541098638091,0.0170306582445452,0.042000401161328,0.02796740394226,0.0309718643122803,0.0537607174668362,0.094368102914879,0.0191486540697477,0.0119073521312545,0.0255714849088548
"228","Trinity County",34.7351702230509,0.828672053035011,0.0238568588469185,0.0203024652993578,0.0347351702230509,0.0298321939092604,0.0653960361853463,0.0100821766452593,0.00255507216352462,0.0263103376838616,0.0134659208618189,0.0402596505766176,0.038878530488226,0.0292797458739037,0.0226503694496236,0.00780332849941302,0.0388094744838064
"229","Tyler County",46.5604026845638,0.885533184190902,0.019019019019019,0.0269854586129754,0.0130499627143922,0.0286167039522744,0.061055182699478,0.0159862043251305,0.00251677852348993,0.0255406413124534,0.0297818791946309,0.0281040268456376,0.0431114839671887,0.0206935123042506,0.0147744220730798,0.00419463087248322,0.0330443698732289
"230","Upshur County",64.0645830247371,1.03688342467783,0.0161849710982659,0.0259714610181208,0.0239470695699403,0.0374759294919271,0.0942576408433319,0.0176763936206982,0.00474003851281292,0.0475731990322421,0.0238236310670024,0.0129363551078853,0.0518194835333037,0.0361921690613736,0.0251814545993186,0.011183528366168,0.0374018663901644
"231","Upton County",80,1.95804195804196,0.0244755244755245,0.116363636363636,0.0184615384615385,0.0215384615384615,0.0925874125874126,0.00531468531468531,0.00671328671328671,0.0137062937062937,0.00727272727272727,0.0176223776223776,0.0293706293706294,0.0165034965034965,0.0391608391608392,0.00643356643356643,0.00447552447552448
"232","Uvalde County",101.166018878401,1.77679067184897,0.017563117453348,0.0512307977049787,0.0345733851563946,0.0400518230612623,0.0988339811215991,0.0218027022024801,0.00133259300388673,0.0250231352952064,0.0207662409772349,0.0294651119748288,0.053858967240422,0.0258004812141403,0.0212474551175273,0.00558948732185823,0.0268739589117157
"233","Val Verde County",129.267396275727,3.22606991179353,0.0249565629442426,0.0183150931068278,0.0378348578895786,0.0285650114341718,0.0840615811826201,0.0204181639986932,0.00204181639986932,0.0230521071545247,0.0135168245671349,0.0549248611564848,0.049187357072852,0.0186826200588043,0.0254206141783731,0.005124959163672,0.0270132309702712
"234","Van Zandt County",58.8355998283806,1.43637957729401,0.0244134432466709,0.0277948775346503,0.037495103251441,0.0357602551905535,0.0890928423526778,0.0179081090156136,0.00850635178241648,0.0423452161098364,0.0274591004906076,0.0191392915104371,0.0560561120749156,0.028597011584308,0.0187475516257205,0.00865558602421326,0.0262465722760087
"235","Victoria County",72.9036910771651,1.46419283638191,0.020083932853717,0.0289779059857077,0.0388120369763325,0.0400686203806901,0.109355536615748,0.0237767433728884,0.00335453134902424,0.0503398238597871,0.0217989903625516,0.0178325575296663,0.0665661399943181,0.0350969208243187,0.0196027011079788,0.0151117812889268,0.0251207412749404
"236","Walker County",98.9578920613403,1.31322545115649,0.0132705479452055,0.00845830156174984,0.033875568358327,0.0139653760343416,0.0917845745431952,0.0170013273461549,0.00488576350645316,0.0169872066423791,0.0138241689965828,0.0615380270552684,0.0383377107515039,0.0199525544353131,0.0121296845434776,0.00677793781242057,0.0118049083566325
"237","Waller County",54.8892512850154,0.557356067956155,0.010154193305754,0.0251635943273538,0.0373222137357306,0.037157071197077,0.0960303862271123,0.0182895361558946,0.00602770266085915,0.0495427615961026,0.0277026608591541,0.0187643209545239,0.0636624486509919,0.0351134322812377,0.0207873170530314,0.0152137563734699,0.0379002126210185
"238","Ward County",82.8839798225778,1.13063141415898,0.0136411332633788,0.0986258479735606,0.0238302313445817,0.0252217777004696,0.0841015828839798,0.0300052182988346,0.00417463906766394,0.00974082449121586,0.0226126282831797,0.0164376413289268,0.0315707079492086,0.0170464428596278,0.0389632979648635,0.0171334145068708,0.0271351539398156
"239","Washington County",48.1149219719041,1.99036547725503,0.0413669064748201,0.0184325150719705,0.0380765569561831,0.0319900770184902,0.101652868722416,0.0245766867626273,0.00574032941990942,0.0700377880981914,0.0197594253901405,0.0132402573052182,0.0557302333631407,0.0266535898693282,0.0128652609109528,0.0109614330631436,0.0282401130758358
"240","Webb County",128.660653354301,1.90264961576121,0.0147881233784952,0.0145906892561493,0.0337061982612824,0.0224423641812302,0.0958445835682284,0.0163338575201021,0.00383126131204937,0.0077366999970329,0.0184775835978993,0.0253797881494229,0.0475699492626769,0.0274530457229327,0.0549913954247396,0.0125916090555737,0.0228317953891345
"241","Wharton County",72.1216509775525,2.02751629254164,0.0281124497991968,0.0510499637943519,0.0233647115616703,0.0413951243060584,0.104755008447985,0.0154718802799903,0.00352401641322713,0.042795076031861,0.0189717595944967,0.0158097996620806,0.0625392227854212,0.0296162201303403,0.0261887521119961,0.017499396572532,0.0251991310644461
"242","Wheeler County",76.9780317913913,1.60742989819611,0.0208816705336427,0.0962671905697446,0.041614574031077,0.0394713341668155,0.100910876942311,0.0116092159314163,0.00428647972852295,0.0166101089480264,0.0275049115913556,0.0171459189140918,0.0430434006072513,0.0157170923379175,0.0375066976245758,0.00392927308447937,0.0267904983032684
"243","Wichita County",101.117030156779,1.97301522257129,0.0195121951219512,0.0129156611877552,0.048976308640289,0.023979723474328,0.109221569609495,0.0171955865167175,0.00905310446356752,0.0394906585317731,0.0245260969205785,0.0289502041311903,0.0562461108834555,0.0272883182321784,0.0155261120976187,0.00818801317367087,0.0211567940020337
"244","Wilbarger County",131.59111933395,3.16065371569534,0.0240187463386057,0.0357693493678693,0.0403176071538699,0.0187326549491212,0.144002466851681,0.0295251310514955,0.00300647548566142,0.0654486586493987,0.0287542399013259,0.0253623188405797,0.0466389145852606,0.022972556275054,0.0182701202590194,0.00909651557200123,0.0299105766265803
"245","Willacy County",90.2055954942992,3.15948532441962,0.0350253807106599,0.0390127753102248,0.0268327304363753,0.0193690187279637,0.0871834790970283,0.0084710838408352,0.00728055313887999,0.0102110902513851,0.0104400384632996,0.020559549429919,0.0218874490590228,0.0172169055359678,0.0172169055359678,0.00805897705938917,0.0497733412702047
"246","Williamson County",58.6174266642797,0.52920149592869,0.00902805745737683,0.00480215929948673,0.0399596311721321,0.0341915315956901,0.105533401663935,0.036636875311078,0.0126713265251922,0.0530854021046088,0.023975385244918,0.0277761930149337,0.0575924676331316,0.0756659774587705,0.0165114801313364,0.012942812794479,0.0251813351222573
"247","Wilson County",59.1039084842707,0.868552060163118,0.0146953405017921,0.0284503760194895,0.027009850651414,0.0453765490943756,0.087850863256011,0.0278360343183985,0.00366486600995657,0.0314161635419977,0.0162482787840271,0.0341701090986124,0.0587437771422519,0.0358860290223493,0.0318610316703739,0.0163965681601525,0.028174981463828
"248","Winkler County",82.1653593930822,1.92876430500193,0.0234741784037559,0.0896232480390896,0.0315031503150315,0.0381895332390382,0.0711071107110711,0.00848656294200849,0.00372894432300373,0.00784364150700784,0.0141442715700141,0.0131155972740131,0.0405040504050405,0.0181303844670181,0.051948051948052,0.0317603188890318,0.018001800180018
"249","Wise County",85.1265672680127,1.32812623523645,0.0156017830609212,0.0421047638623176,0.0303097380112891,0.040065141429633,0.0876721425522159,0.0201748699543061,0.0085379543693772,0.0364760383891726,0.0225149018925799,0.0207440669122646,0.053172482489288,0.0266415798377789,0.0367764478947618,0.0133445064588044,0.0277957847803058
"250","Wood County",58.9403209049983,1.96236869444765,0.0332941637289463,0.017084150986956,0.0222093962830428,0.0332448343529955,0.0782177074916311,0.022440263188272,0.00999653699642156,0.0356227634768556,0.0149140020778021,0.0187463927046058,0.057947593212513,0.0271499480549463,0.0226249567124553,0.00826503520720305,0.0310054253722729
"251","Yoakum County",94.4464096215069,2.82985496993279,0.0299625468164794,0.126518099280745,0.0325433321542271,0.0281806390755807,0.0674448767833982,0.00436269307864639,0.0109656880084896,0.00613135243485438,0.0222851078882207,0.0235821247494399,0.0435090201627167,0.0189836104232991,0.0488149982313406,0.00943284989977597,0.0360806508666431
"252","Young County",92.7556974567874,1.76153253330397,0.0189910979228487,0.0516899702741385,0.0301662446328306,0.0415611582076406,0.0989761092150171,0.0167345590663878,0.0036882087416052,0.049157767257514,0.0373775184410437,0.0201475283496642,0.051579874490807,0.0246064075745899,0.0179456126830342,0.0104040515248266,0.0215237256413079
"253","Zapata County",92.8199791883455,1.38744363510232,0.0149476831091181,0.0559139784946237,0.017343045438779,0.0378772112382934,0.0906694415539369,0.0121401318071453,0.00652098508498092,0.00568851890391953,0.0389177939646202,0.0264308012486993,0.0312868539715574,0.0183142559833507,0.0158862296219216,0,0.0507110648629899
"254","Zavala County",99.4075049374589,2.30414746543779,0.0231788079470199,0.0298716260697828,0.0389236339697169,0.0254279131007242,0.129772876892693,0.00938117182356814,0.00181040157998683,0.0174456879526004,0.016211323238973,0.016046741277156,0.0396642527978934,0.0157998683344305,0.0191737985516787,0.00230414746543779,0.0407340355497037
