"","county_name.x","median_income","cases_per_1000","deaths_per_1000","death_per_case","hispanic_ratio","pop_density","party","median_age","poverty","bachelors_degree","commuters_by_public_transportation"
"1","Anderson County",-0.624869475157792,0.704121240563909,-0.562571114180505,-0.835765362051329,-0.741797775755242,-0.177377080172555,0,0.0135282027180196,-0.1544557396495,-0.191294000703882,-0.149392251407258
"2","Andrews County",1.71921365471241,0.507814686710787,0.252582547170577,-0.12306615484215,0.898610414584349,-0.304105121723834,0,-1.24360478156621,-0.229712537344515,-0.241600675389514,-0.157734066138749
"3","Angelina County",-0.282076165132118,-0.0323057501790498,0.349298914431597,0.285160937797708,-0.559574720748592,-0.012176132959315,0,-0.371992579129146,-0.0104396918041254,-0.128263159277982,-0.130783587775468
"4","Aransas County",-0.436287822515632,-1.59199856061157,-0.817082229835723,0.323903773388864,-0.321984785229068,-0.046081232677895,0,1.77351438071595,-0.194635084967403,-0.210370417609693,-0.157734066138749
"5","Archer County",1.09602052725289,0.0355705863541836,-0.725854117409242,-0.764663617262391,-1.12790518303502,-0.309984795120063,0,0.968949270774036,-0.250073587287552,-0.232573793575322,-0.154739568542829
"6","Armstrong County",1.55412228659954,-0.44152422606295,1.26907563114838,1.64917756356529,-1.05732088049739,-0.332614154454773,0,1.15332877513572,-0.259827662241222,-0.249978565700726,-0.157734066138749
"7","Atascosa County",0.436808963515135,0.0210334366224248,0.0145463487579661,-0.0662163024208374,1.24890401218533,-0.221583187321237,0,-0.606657402862203,-0.154052550541717,-0.19709559141235,-0.154525675857406
"8","Austin County",1.04838058178647,-1.14078068982194,-1.2543900334279,-0.88278465516626,-0.369281820066666,-0.20423544016219,0,0.315240118946235,-0.201659879806852,-0.194165296444344,-0.156022924655366
"9","Bailey County",-0.525138793472034,1.00754035005993,0.260921312924081,-0.332955028596618,1.21088490110182,-0.313407179230397,0,-0.640180949109782,-0.23828805952159,-0.245238961088045,-0.157734066138749
"10","Bandera County",0.537281443659713,-1.49990449819593,-0.927056534726728,-0.0225713791323563,-0.711158384765127,-0.258814238995721,0,2.1757969356869,-0.208234963718388,-0.203742837715612,-0.155595139284521
"11","Bastrop County",0.765755368976175,-0.893214223887298,-1.15805555635045,-0.866872402861456,0.0623106801717472,-0.0701626605096766,0,-0.0367571166533505,-0.10193260472409,-0.106610442769428,-0.141264329361189
"12","Baylor County",-1.13225962099046,-0.0728816650470392,0.650514942372279,0.606170027004083,-1.0495770425899,-0.326578462907373,0,1.5220877838591,-0.25489634930757,-0.244511303948339,-0.157734066138749
"13","Bee County",-0.369196273017941,0.614000443798994,-0.238442476006283,-0.557419246411903,1.02056628006215,-0.228393805245846,0,-0.640180949109782,-0.185609851862417,-0.229800829880766,-0.157734066138749
"14","Bell County",0.221604988406447,-1.09759871292817,-1.23270853951361,-0.872393565349304,-0.451650090028844,0.610286247075619,0,-1.41122251280411,0.461741275229774,0.382099825384584,-0.0157093230179667
"15","Bexar County",0.338314612594077,0.0937812271171657,-0.785552286266259,-0.839648507415961,1.08708633024463,4.1955416511974,1,-0.958654638461788,4.46449418638472,3.85135273700263,4.70105217592706
"16","Blanco County",0.709296264054899,-1.87152491959493,-0.87275201641418,0.735872656697638,-0.66324650610387,-0.292445267234096,0,1.75675260759216,-0.243700097929907,-0.226064212136329,-0.157734066138749
"17","Borden County",2.29245901927806,-1.82509878957223,-1.87567468779518,-1.83599396104167,-1.15683919361484,-0.336927515377728,0,0.516381396431713,-0.261735056866503,-0.252358201211657,-0.157734066138749
"18","Bosque County",-0.100335542721295,-0.871496114897782,-0.749484515096372,-0.330926635975235,-0.729654785712287,-0.284624044333053,0,1.25389941387846,-0.219555273283062,-0.22325191562341,-0.156878495397058
"19","Bowie County",-0.297653932767331,-0.983528899804746,-0.374802421782371,0.283508765435191,-1.16708227105243,-0.0243900875698376,0,-0.137327755396088,-0.0177591248377225,-0.0906216521050737,-0.130997480460891
"20","Brazoria County",2.18679394992175,-0.102875869297718,-1.06624879427453,-1.04527599042261,-0.207961304675688,0.415491631699697,0,-0.573133856614623,0.250408153658032,0.587161473917457,-0.105116465524724
"21","Brazos County",-0.493488725895728,-0.0130566126674862,-1.11113533139234,-1.11188954905167,-0.406912565201752,0.747558101336632,0,-2.21578762274602,0.539789382132517,0.214188023795089,0.369083618057768
"22","Brewster County",-0.905681402846532,0.930044395004361,-0.998418958909839,-1.20657321303505,0.418461972722762,-0.33448935289881,0,0.683999127669611,-0.246786045331783,-0.22529722217826,-0.157734066138749
"23","Briscoe County",-0.609456551624538,-0.240473014558635,0.0307437173720503,0.120593561544694,-0.0979030352781788,-0.333666606824647,0,1.23713764075467,-0.258587080371121,-0.250765222067976,-0.157734066138749
"24","Brooks County",-2.0688213862758,0.625480207428982,2.16791648565266,1.31168406799508,2.56495794984536,-0.316072792999342,1,-1.21008123531863,-0.218872953254506,-0.246536944094008,-0.157520173453327
"25","Brown County",-0.563135358973798,0.436929679880331,0.291579008734544,-0.0552794741934055,-0.560928310047221,-0.219988724761815,0,0.332001892070025,-0.170304173040043,-0.19204132425277,-0.14661164649676
"26","Burleson County",0.21558817868491,-0.602414367098722,-0.611590861591053,-0.339464071853928,-0.620543636203541,-0.259559369698714,0,0.65047558142203,-0.221369624268085,-0.232436128711053,-0.152172856317755
"27","Burnet County",0.599922202404486,-1.10850593015775,-1.11206836715249,-0.68485048236153,-0.543283568921336,-0.204403935275903,0,0.834855085783718,-0.1771273733256,-0.156346791588804,-0.149392251407258
"28","Caldwell County",0.119648911344231,-0.396893973127208,-0.504151219101427,-0.342470249498389,0.694479817638415,-0.117593964823814,0,-0.539610310367044,-0.156254583361147,-0.204981821494031,-0.150247822148949
"29","Calhoun County",0.733033814737129,-0.592747059076662,-1.27334280758691,-1.12581450758269,0.585968829282179,-0.210965737736098,0,-0.221136621015037,-0.209134385574211,-0.223428913306041,-0.148322787980143
"30","Callahan County",-0.737622840898384,-0.373225681876338,0.196729585347567,0.400106064771317,-1.09217843280543,-0.293772282747514,0,0.717522673917189,-0.229293840963356,-0.233399782760934,-0.157734066138749
"31","Cameron County",-1.13736978815121,-0.00660534263448109,0.833571406836767,0.724360400583668,2.35804759727096,1.06186018392285,1,-1.27712832781379,1.75258221834347,0.330278837191996,0.0208663261893432
"32","Camp County",-0.666245344749734,-0.0572822544053086,0.677852643009187,0.61933155749808,-0.455041713628874,-0.146613175086291,0,-0.371992579129146,-0.228022244546502,-0.235681086225959,-0.152814534374023
"33","Carson County",1.4107079178944,-0.877627187781631,-0.0322452989432161,0.634862789535671,-1.06765514017276,-0.319433233067372,0,0.348763665193815,-0.256090409357542,-0.239830698563202,-0.156878495397058
"34","Cass County",-0.697483302071141,-1.07095825634029,0.104908233543584,1.09040312077196,-1.29908786402093,-0.243367272557939,0,0.65047558142203,-0.177158387872353,-0.210429416837236,-0.152386749003178
"35","Castro County",-0.432826096374474,1.04170091946966,0.943083265048286,0.13000023232636,1.26279760863482,-0.312696383176797,0,-0.7742751341001,-0.242893719714341,-0.246497611275645,-0.157734066138749
"36","Chambers County",2.01716936900498,0.354910209255567,-1.54109016120544,-1.5542818549042,-0.565796836531238,-0.143352678806859,0,-0.606657402862203,-0.183981588157909,-0.185964403815764,-0.151317285576063
"37","Cherokee County",-0.461591392166481,-0.391909429084353,-0.0728405416984902,0.123395892571028,-0.517598423496351,-0.193265474536927,0,-0.170851301643668,-0.121037565523649,-0.171470260249184,-0.157734066138749
"38","Childress County",-0.779905353051106,3.98161232146783,-0.0150455884145731,-1.08788696711159,-0.549830964845746,-0.308773280673842,0,-1.04246350408074,-0.244568505238977,-0.243213320942377,-0.157734066138749
"39","Clay County",-0.249849143198952,0.239121633769402,-0.608099805161887,-0.730096665666767,-1.2420652787962,-0.310611227129036,0,1.17009054825951,-0.238132986787827,-0.235897416726953,-0.157734066138749
"40","Cochran County",-1.02156680652436,-0.163930073456892,2.26226758044638,2.29457969775176,0.96875362084606,-0.327676636637639,0,-0.925131092214208,-0.250879965503117,-0.252181203529026,-0.156236817340789
"41","Coke County",-0.609456551624538,1.92776700138901,1.24673799762901,-0.0530125255912656,-0.579171074046015,-0.328363336641963,0,1.689705515097,-0.253996927451747,-0.248031591191783,-0.157734066138749
"42","Coleman County",-0.749244350086559,-0.35070769274768,0.525268621490866,0.732238365669273,-0.737024330203404,-0.319098020069962,0,1.27066118700225,-0.235620808500872,-0.242072669209864,-0.157092388082481
"43","Collin County",3.31581120424531,-0.27266202664624,-1.34143955292989,-1.28113220999409,-0.836527732518543,2.89100312604634,0,-0.422277898500515,0.706259961826724,3.57128340385248,0.974827703175323
"44","Collingsworth County",-0.292296499453634,0.012601549816657,0.797259158973766,0.673721679744214,-0.140147375024232,-0.329127598585574,0,0.130860614584547,-0.255097943861462,-0.250293228247626,-0.157734066138749
"45","Colorado County",0.0285725450113696,-0.689596851299317,-1.05381111641919,-0.825637814286439,-0.241593061256183,-0.274184514494227,0,0.734284447040979,-0.22375774436803,-0.212612388256355,-0.13613090491104
"46","Comal County",1.95840244665627,-0.809735718564438,-0.38770355508668,0.0954473724384436,-0.333342342795504,0.346951381704296,0,0.533143169555503,-0.0785941582928109,0.164156678837994,-0.133564192685966
"47","Comanche County",-0.616132737753916,0.185009126877493,0.822023221443832,0.558113132784936,-0.312709609135904,-0.296152720107133,0,0.901902178278877,-0.224672673497229,-0.230961148022459,-0.157734066138749
"48","Concho County",-0.263613625712606,-0.549735483675726,-0.827424581480659,-0.622111089886046,0.796877643031991,-0.327263788994605,0,0.482857850184133,-0.258571573097745,-0.249978565700726,-0.157734066138749
"49","Cooke County",0.835154735901306,-0.233725289639765,-0.63335984748346,-0.564142342653383,-0.739354767544379,-0.206183878292259,0,0.248193026451076,-0.179608537065802,-0.174046559851928,-0.153242319744869
"50","Coryell County",0.0800039048228676,-0.801413414976649,-1.27559719644331,-1.06007451214958,-0.72166698589266,-0.124734239722977,0,-1.31065187406137,-0.135242227936308,-0.153180499710624,-0.133564192685966
"51","Cottle County",-1.3484526607109,1.49915976773044,2.84879833809432,1.12112127195817,-0.0778281080388203,-0.333976869341245,0,1.43827891824015,-0.256354033004939,-0.25239753403002,-0.157306280767904
"52","Crane County",1.15726011113101,0.862051610766791,0.424037781796197,-0.156623151101012,1.21638152555797,-0.3206102959134,0,-1.15979591594726,-0.253454172883577,-0.250450559521076,-0.150461714834372
"53","Crockett County",0.199103768488917,1.709981051376,1.5506767089787,0.211790437597448,1.36089097651203,-0.334859668995958,0,-0.589895629738413,-0.249794456366779,-0.251374880752595,-0.157734066138749
"54","Crosby County",-0.924803318673884,-0.494100429044647,1.89749223432319,2.43478193682308,0.898895664759668,-0.319455170329943,0,-0.221136621015037,-0.243250387001995,-0.247028604323539,-0.157734066138749
"55","Culberson County",-1.38216327956171,1.98386895117172,-0.0838497386762531,-0.824424901745316,1.98696068150922,-0.337161583885709,1,0.365525438317605,-0.251763880085564,-0.252594198121832,-0.157734066138749
"56","Dallam County",-0.355596634606247,-0.505901987003058,0.930034282762206,1.35500714875583,0.399689570360962,-0.324668851861783,0,-1.15979591594726,-0.244335896138333,-0.247421932507164,-0.154525675857406
"57","Dallas County",0.307571187578551,0.529091690952336,-0.903939836841716,-1.05866269058726,0.219892331499785,8.35097803350159,1,-0.958654638461788,6.66372018933328,5.86804466649371,7.31075683077144
"58","Dawson County",-0.551678693887583,1.60485511424688,2.679590407652,0.949192848887616,0.943265839859597,-0.295684617865725,0,-0.992178184709367,-0.22977456643802,-0.23947670319794,-0.155167353913675
"59","Deaf Smith County",0.135886055387284,1.88358818020248,1.32600545430759,0.00892727613653998,1.59784943106779,-0.301293661105873,0,-1.21008123531863,-0.209692647415757,-0.231315143387722,-0.148964466036412
"60","Delta County",-0.597752620385383,-1.39688058638127,-0.898260508038456,-0.0906811474669784,-1.18863153380813,-0.279059909658965,0,0.784569766412349,-0.243886185210422,-0.245710954908395,-0.155381246599098
"61","Denton County",2.50527275490833,-0.71223458916255,-1.3076042751348,-1.13060424259886,-0.663339277594907,2.30450217349127,0,-0.690466268481152,0.738266974075335,2.66000100162099,0.639016187061424
"62","DeWitt County",0.0878339996659643,-0.0811003151467935,0.59340128060463,0.55777055467893,-0.00111752877484306,-0.27196554823597,0,0.365525438317605,-0.21586454221951,-0.226654204411766,-0.155381246599098
"63","Dickens County",-0.560992385648319,-0.639050465433295,1.30654680176529,1.99086104636989,-0.297441643098081,-0.331589905474434,0,0.700760900793401,-0.256648671199088,-0.251532212026045,-0.157306280767904
"64","Dimmit County",-1.52566007031783,0.210423103114,-0.661159444954243,-0.766796797150447,2.23774809525788,-0.314713501467395,1,-0.925131092214208,-0.211801636594929,-0.246772941004183,-0.154525675857406
"65","Donley County",-0.450464415284186,0.235069076375491,0.480368953429065,0.222146547146063,-1.02810618002907,-0.32791333227164,0,0.482857850184133,-0.254741276573807,-0.24893624601412,-0.157734066138749
"66","Duval County",-1.19110896539015,0.551902163454496,0.953885508224702,0.412787161326022,2.35804339307724,-0.319970119277202,1,-0.371992579129146,-0.219648316923319,-0.24689093945927,-0.157734066138749
"67","Eastland County",-1.46376111003187,-0.941623873347466,-0.603442702160638,-0.0766755508148358,-0.797412215654164,-0.280278182517249,0,0.66723735454582,-0.21512019309745,-0.234343770401634,-0.157734066138749
"68","Ector County",0.794026132462303,0.018435519341701,-0.12941791894145,-0.199581127145595,1.04228073179889,0.176713996206774,0,-1.46150783217548,0.0308096553767401,-0.0563234344929772,-0.0914273336576611
"69","Edwards County",-0.118056283681988,0.761656713734755,-0.438861953251805,-0.758453006573815,0.963009609582912,-0.335958559275481,0,1.689705515097,-0.259719111327589,-0.248582250648858,-0.157734066138749
"70","Ellis County",1.44046227829817,0.833934623302587,-0.637232333898516,-0.924915774276158,-0.389545448242691,0.182354639763114,0,-0.506086764119464,0.00184206870987668,0.0703675734526222,-0.0882189433763181
"71","El Paso County",-0.548134545695445,1.9296111804023,0.473814392465098,-0.494878666439367,2.05200981083894,2.11028217799696,1,-1.19331946219484,2.49798583499378,1.24573051816991,0.953652327318459
"72","Erath County",-0.237485835551957,0.250940903674295,-0.840382032326706,-0.936076472267075,-0.600153229744187,-0.226359345998691,0,-1.51179315154685,-0.125426123889132,-0.170309942107491,-0.145542183069646
"73","Falls County",-0.91161579051709,-0.0885868414303024,-0.589144581606979,-0.58545331204916,-0.505101449153027,-0.271783784252382,0,0.0302899758418096,-0.201256690699069,-0.232062466936609,-0.144044934271686
"74","Fannin County",-0.166438027607227,-0.22018811259097,0.0992996223733283,0.175945976082808,-1.02966897068032,-0.226177947713462,0,0.482857850184133,-0.190975368450605,-0.203447841577893,-0.157734066138749
"75","Fayette County",0.580800286577134,-0.759940618955842,-0.134113145342941,0.373449032673685,-0.606724492664284,-0.260805030801089,0,1.37123182574499,-0.227572533618591,-0.207204125731512,-0.153028427059446
"76","Fisher County",-0.379169341186517,-0.354630268864825,0.733453641341217,0.959131071224563,-0.201702515720595,-0.326107818897966,0,0.834855085783718,-0.251670836445307,-0.247402266097983,-0.157734066138749
"77","Floyd County",-0.0929175581330986,1.06296969248689,2.37024009273713,1.10974002700436,1.00146814999393,-0.321085382971536,0,-0.321707259757776,-0.245312854361038,-0.245022630587052,-0.153670105115715
"78","Foard County",0.00870883072519802,-0.517398726225284,1.69942159063606,2.24918877842436,-0.554277963848307,-0.332954320771435,0,1.60589664947805,-0.260789113190551,-0.252023872255576,-0.157734066138749
"79","Fort Bend County",3.60601924574576,-0.609024373300695,-1.25178905201803,-1.09530834478039,-0.445423423868576,2.11513163683605,1,-0.539610310367044,0.62128010372479,2.29094116692569,0.953224541947614
"80","Franklin County",-0.48854340283693,-0.944363666265241,-0.355175050550545,0.269501992467196,-0.887378442229151,-0.227716643436449,0,0.65047558142203,-0.237466174032648,-0.234363436810815,-0.153883997801138
"81","Freestone County",-0.330045798802458,-1.05125194523717,-0.331792125125393,0.42160702655798,-0.85235207494947,-0.272386223294678,0,0.264954799574866,-0.2135849730332,-0.231039813659184,-0.156236817340789
"82","Frio County",-1.03129260854,1.30605283694087,-0.605926207367733,-1.00526406318377,1.89407759632921,-0.288805329889273,0,-1.29389010093758,-0.211956709328692,-0.241895671527233,-0.154953461228252
"83","Gaines County",0.681849721078571,-0.47538948911942,-0.0456510470162188,0.219775417528335,0.259823893607235,-0.299568578684092,0,-1.83026684089886,-0.228192824553641,-0.238945710150046,-0.157734066138749
"84","Galveston County",1.30289987521261,0.218501154623847,-1.08556576545587,-1.14219026595546,-0.456459263010066,2.1783284150918,0,-0.237898394138827,0.415994818769791,0.556875203778335,0.133587771407193
"85","Garza County",0.324550130080423,-1.39425742620802,0.824825400604638,2.97805591467442,0.838475115028535,-0.31649919151746,0,0.181145933955917,-0.251980981912832,-0.246536944094008,-0.157734066138749
"86","Gillespie County",0.525247824216638,-0.282331418284883,-0.628394866626617,-0.535878973355866,-0.51518242341274,-0.266055717346012,0,1.87408501945869,-0.212763087544257,-0.163761027850135,-0.1451143976988
"87","Glasscock County",1.23564348161295,-0.447537502094186,-1.16367664023155,-1.04503304765569,0.260181120174243,-0.334232534375563,0,-0.120565982272299,-0.259439980406816,-0.250961886159788,-0.157734066138749
"88","Goliad County",0.563986188177221,-1.44886480113693,-0.66404552030341,0.401975713622332,0.0473750662232105,-0.312719561166978,0,1.23713764075467,-0.243157343361737,-0.242780659940389,-0.157734066138749
"89","Gonzales County",-0.196027543909035,0.662202081873938,-0.449462040715197,-0.737033996775525,0.66927854887764,-0.281630924975648,0,-0.355230806005356,-0.208203949171635,-0.229505833743047,-0.13313640731512
"90","Gray County",-0.130254747227023,-0.0294001721093799,-0.114439207366028,-0.158603642749919,-0.283819731996564,-0.265207494264157,0,-0.388754352252935,-0.212856131184515,-0.22498255963136,-0.157734066138749
"91","Grayson County",0.229847193504444,-0.257244744879691,-0.0723406447293693,0.0262818174413999,-0.939835684824033,0.0630641785845599,0,0.197907707079707,0.0110068672752494,-0.0288101280484113,-0.114313850997908
"92","Gregg County",-0.158607932764131,-0.360766008147231,-0.0650133752846993,0.108322926271108,-0.702726904607297,1.0028977089225,0,-0.606657402862203,0.0640882640422052,-0.0337267303437233,-0.140194865934074
"93","Grimes County",-0.012308792274693,-0.339362540780945,0.0460277696980002,0.210706380213309,-0.468137126137688,-0.23564737499363,0,0.231431253327286,-0.193084357629777,-0.221147609841017,-0.157734066138749
"94","Guadalupe County",1.34287456993789,-0.665215594270593,-1.01800603650075,-0.792823763753487,0.120787256821043,0.291706017861564,0,-0.388754352252935,-0.0173869502766922,0.0845077216539396,-0.12714741212328
"95","Hale County",-0.319990308582902,3.27046235937876,2.07746418085682,-0.0651234615942367,1.04375684728928,-0.236764010587664,0,-1.00893995783316,-0.163403436387605,-0.208934769739462,-0.147039431867606
"96","Hall County",-1.53060539337663,1.35902205037878,1.70956370773799,0.480871717261729,-0.0149349210629092,-0.328484465588283,0,0.700760900793401,-0.251562285531673,-0.251355214343413,-0.157734066138749
"97","Hamilton County",-0.270619500045903,-0.438953580394379,0.707267134388206,1.02363395658455,-0.968915544426665,-0.309690159387927,0,1.23713764075467,-0.242257921505914,-0.235327090860696,-0.157734066138749
"98","Hansford County",-0.759629528510034,1.65726416392287,1.2312726853404,0.0420974796578717,0.513072363933032,-0.321043349472561,0,-0.690466268481152,-0.246227783490238,-0.24626161436547,-0.155809031969944
"99","Hardeman County",-0.98076789128928,0.0744134406165811,0.404860411919905,0.261664135273492,-0.568803496725214,-0.321858506937389,0,0.767807993288559,-0.253500694703706,-0.248719915513126,-0.157734066138749
"100","Hardin County",0.514038425283363,-0.194428768567693,-0.62977665232138,-0.578598744320726,-1.25488884148418,-0.152027178141927,0,0.0470517489655984,-0.158580674367587,-0.168952959873984,-0.149820036778103
"101","Harris County",0.650859029910104,-0.558410318404056,-1.02113902120272,-0.842859553493273,0.331352207229318,7.54202272183218,1,-0.992178184709367,11.3992382893369,10.7466121264492,12.2337108784641
"102","Harrison County",-0.103055470403634,-0.92283130370939,-0.797939301262957,-0.359386090849218,-0.938581239357829,-0.118942206153722,0,-0.221136621015037,-0.0820367729823418,-0.13941401328375,-0.156236817340789
"103","Hartley County",1.19781176021315,-0.893070600812017,-1.52829890097492,-1.36690673165188,-0.356636949627551,-0.327085556554215,0,0.130860614584547,-0.256617656652335,-0.243606649126002,-0.157734066138749
"104","Haskell County",-0.524644261166155,-0.639332629301936,1.08464788681488,1.7244441786507,-0.295896320883947,-0.319811361055529,0,0.734284447040979,-0.247142712619437,-0.247225268415351,-0.157734066138749
"105","Hays County",1.06494741403345,-0.143293413806327,-1.20110675576659,-1.16756087932821,0.140298835886798,0.516798464448535,1,-1.29389010093758,0.183633834499834,0.292538997973181,0.0133800821995429
"106","Hemphill County",1.54827032097996,1.16260957849343,-1.38866253580079,-1.50628076433088,0.0288106991763852,-0.325302967905723,0,-0.656942722233572,-0.256369540278315,-0.24516029545132,-0.157734066138749
"107","Henderson County",-0.412632693884382,-0.848107913088068,-0.530788494071265,-0.058561723563574,-0.963528081938465,-0.0678248681373798,0,0.801331539536138,-0.0445401859585326,-0.122658232661327,-0.14960614409268
"108","Hidalgo County",-1.05478289306929,-0.407761046405262,0.554555623335613,0.821679541429549,2.4659805888307,1.24968370011516,1,-1.69617265590854,3.8302311980221,0.91594450260956,0.0476029118672014
"109","Hill County",-0.32345203472406,-0.366857847292306,-0.521787010594294,-0.378752378331391,-0.62521653104398,-0.230111536875378,0,0.583428488926872,-0.169466780277725,-0.202956181348362,-0.156664602711635
"110","Hockley County",-0.0585475628744533,0.381528562794001,2.07759251910433,1.46604588917973,0.534021568715188,-0.26276301997153,0,-0.941892865337998,-0.209987285609906,-0.228817509421703,-0.155167353913675
"111","Hood County",0.855595404544337,0.498562738627611,-0.324948130703077,-0.584552832733954,-0.969941145798141,0.0526651231320625,0,1.30418473324983,-0.157758788878645,-0.111861374020822,-0.147467217238452
"112","Hopkins County",-0.169982175799366,-0.300073283907051,0.544353745182929,0.703373800599408,-0.783843015265504,-0.19975162641359,0,0.0973370683369685,-0.164116770962914,-0.199652224605913,-0.148750573350989
"113","Houston County",-1.34696906379326,-0.700908512251815,-0.548215419284057,-0.19591324357957,-1.02628433815904,-0.283745820079238,0,0.935425724526457,-0.18705202828641,-0.218649975874998,-0.157734066138749
"114","Howard County",0.079179684313068,1.40417457720524,0.313137374787045,-0.436166567618345,0.287075944350939,-0.218500928785972,0,-0.388754352252935,-0.194635084967403,-0.209977089426068,-0.145542183069646
"115","Hudspeth County",-1.94090236315489,1.81750336287527,0.309170752594564,-0.559593517122667,1.8871356126199,-0.33651379297626,0,-0.0367571166533505,-0.244801114339621,-0.251315881525051,-0.157734066138749
"116","Hunt County",-0.047420585992158,-1.04507747046922,-0.722723751847608,-0.155484072210633,-0.826347668608278,-0.0194452227774125,0,-0.187613074767458,-0.0072141789418622,-0.111782708384097,-0.153883997801138
"117","Hutchinson County",0.0115936025094968,-0.768840345777229,0.7795557752439,1.54626348023691,-0.516580006844823,-0.266218975395797,0,-0.355230806005356,-0.207087425488544,-0.22687053491276,-0.157734066138749
"118","Irion County",1.08192635653532,-0.957369120164966,-1.24060105240551,-0.95087103415736,-0.501612978025333,-0.334421093117811,0,1.08628168264057,-0.258664616738003,-0.252771195804463,-0.156236817340789
"119","Jack County",0.241880812947519,-0.68419683870856,-0.503070690681903,-0.152590356703213,-0.785006821378355,-0.310078722612182,0,0.264954799574866,-0.24036603415401,-0.246477944866464,-0.157734066138749
"120","Jackson County",0.709625952258819,0.342570722578338,-0.299783102444939,-0.504173482271823,-0.0972921585209562,-0.286037866686733,0,0.0302899758418096,-0.231573410149667,-0.229053506331878,-0.131853051202583
"121","Jasper County",-0.65396445915372,-0.855817438841737,-0.506478577820656,-0.0198027950378383,-1.20715533735419,-0.226674205493611,0,0.231431253327286,-0.172490698586097,-0.222130930300079,-0.152600641688601
"122","Jeff Davis County",-0.27696599797136,-0.990974849771858,-1.42351134810808,-1.19504287605648,0.0734680339169838,-0.335986398086611,0,2.72893544877196,-0.259750125874341,-0.248228255283595,-0.157734066138749
"123","Jefferson County",-0.295016427135973,-0.583960566822656,-0.831173714234983,-0.609029306418582,-0.645013952143851,0.52419975095899,0,-0.506086764119464,0.454778509483831,0.176448184576274,-0.0390236257290591
"124","Jim Hogg County",-1.52409405134921,0.603123272794495,0.237858094976371,-0.180419903468592,2.55340080254305,-0.325154332352447,1,-0.606657402862203,-0.241017339635813,-0.249152576515114,-0.153670105115715
"125","Jim Wells County",-0.724600156843549,0.178789240523609,-0.162798800099144,-0.312867589932588,1.96765548000554,-0.196958864491923,0,-0.75751336097631,-0.116509441697779,-0.210468749655599,-0.157734066138749
"126","Johnson County",0.87067863987367,0.460446116826686,-0.531185107990247,-0.738895283673186,-0.613063308969614,0.318005515847541,0,-0.355230806005356,0.00474192883123827,0.0203755613138899,-0.134847548798503
"127","Jones County",-0.106599618595773,1.92268920674545,-0.103612843741276,-0.823046742263986,-0.316630079653753,-0.274997460925807,0,-0.0702806629009293,-0.230658481020468,-0.228778176603341,-0.157520173453327
"128","Karnes County",0.260178508265071,0.537567358255588,-0.129148349608401,-0.442260383308916,0.792031701156779,-0.279087694546575,0,-0.623419175985993,-0.225137891698517,-0.234363436810815,-0.156450710026212
"129","Kaufman County",1.15651831267219,0.823736836332629,-0.520019296150153,-0.835998311943379,-0.630646447639158,0.0983454293914936,0,-0.556372083490833,-0.0437648222897193,-0.0545337912574837,-0.124580699898205
"130","Kendall County",2.56568811827665,-1.18024741367028,-0.771977024624048,-0.105086904023468,-0.494211952427637,-0.158057021077896,0,0.566666715803082,-0.227029779050421,-0.107849426547847,-0.153670105115715
"131","Kenedy County",-2.06832685396992,-0.941137904828318,1.70956370773799,3.12069442951045,2.32237690580692,-0.337772073993805,0,-1.54531669779443,-0.259827662241222,-0.254423174175688,-0.157734066138749
"132","Kent County",0.194158445430119,0.8353686137678,-0.388855235529952,-0.742606816066935,-0.555271725164399,-0.336681792702555,0,1.28742296012604,-0.260246358622382,-0.252948193487095,-0.157734066138749
"133","Kerr County",-0.0986046796507162,-0.701922250958497,-0.660701167179714,-0.334215855957168,-0.361125283895458,-0.202160264893986,0,1.47180246448773,-0.157169512490347,-0.135716728357675,-0.156236817340789
"134","Kimble County",-0.725259533251389,-1.01602141516051,-0.506941979031162,0.129212889838026,-0.466988199317383,-0.32839007316749,0,2.27636757442964,-0.247034161705804,-0.247008937914358,-0.157734066138749
"135","King County",0.582695993749673,-1.51533118820596,-1.87567468779518,-1.83599396104167,-0.338947212961335,-0.337978386466608,0,-1.05922527720453,-0.261843607780137,-0.254049512401244,-0.157734066138749
"136","Kinney County",-1.23372116574679,-0.263177898576563,-1.04033685176624,-0.971455288270949,1.17547234110036,-0.330988188107674,0,0.348763665193815,-0.256509105738702,-0.249978565700726,-0.154311783171984
"137","Kleberg County",-0.67539419240851,-0.576123011249819,0.143835310145287,0.528504034451391,1.62829909963862,-0.232538055829286,0,-1.86379038714644,-0.153401245059914,-0.197665917278606,-0.157734066138749
"138","Knox County",-0.294686738932053,-0.866584273951982,1.35705825398053,2.47416985682974,-0.0464235480371788,-0.325806128634609,0,0.264954799574866,-0.253795332897855,-0.247107269960264,-0.157734066138749
"139","Lamar County",-0.634348011020488,0.847583892087036,0.416509063232525,-0.155760608312136,-1.16431704542135,-0.177072817721553,0,0.231431253327286,-0.127953809449463,-0.175855869496602,-0.153670105115715
"140","Lamb County",-0.509561025836821,2.14758509090693,3.64539934051465,1.18100091814375,0.87981627984552,-0.299816332963442,0,-0.573133856614623,-0.220346144225251,-0.236054748000403,-0.156022924655366
"141","Lampasas County",0.376888132452701,-1.26738519435305,-1.03614785400501,-0.451595779671689,-0.658451264707786,-0.253509588506808,0,0.466096077060343,-0.224331513482951,-0.217843653098567,-0.153456212430292
"142","La Salle County",-0.436287822515632,1.20476475216605,0.168752167570864,-0.46590196119618,1.95387905540271,-0.324089468691826,0,-0.858083999719049,-0.253702289257598,-0.243862312445358,-0.157734066138749
"143","Lavaca County",0.149485693798978,0.598582672661621,1.28079382056385,0.639688210394137,-0.706997095635388,-0.278044264204471,0,0.818093312659928,-0.230518915560081,-0.220380619882948,-0.153242319744869
"144","Lee County",0.481893825401176,-0.297579608679753,0.164400430090401,0.302678694780312,-0.485427888801577,-0.259294359907668,0,0.382287211441394,-0.227091808143927,-0.226831202094397,-0.157734066138749
"145","Leon County",-0.413704180547122,-1.00253592570936,-0.207099751385306,0.543216466423348,-0.875596813941911,-0.291926086605807,0,0.952187497650247,-0.219493244189557,-0.227480193597378,-0.157734066138749
"146","Liberty County",-0.127782085697624,-0.529299667903851,-0.470823500361158,-0.222841855828752,-0.543474222537613,-0.133919566035985,0,-0.539610310367044,-0.0793074928681191,-0.186318399181026,-0.141050436675766
"147","Limestone County",-0.786169428925583,-0.664633483086162,-0.411651445189896,-0.0557748911954846,-0.57027090633317,-0.261834299735543,0,0.0805752952131784,-0.189564206573365,-0.22372390944376,-0.157092388082481
"148","Lipscomb County",0.798559345266201,-0.266832497815342,1.0171356914333,1.16200304937292,-0.197561441985133,-0.327776767334094,0,-0.673704495357362,-0.256400554825068,-0.24846425219377,-0.157734066138749
"149","Live Oak County",0.130693466175546,0.0875349098223034,-0.532438314744804,-0.605792085413427,0.182965925230136,-0.304489065428143,0,0.549904942679292,-0.23558979395412,-0.240440357247821,-0.157734066138749
"150","Llano County",0.0518979854386996,-1.44705180625616,-0.373762490409161,0.934825636161379,-1.06309195020192,-0.274651794031771,0,3.03064736500018,-0.223308033440118,-0.196013938907382,-0.157734066138749
"151","Loving County",2.55868224394335,-2.447021808798,-1.87567468779518,-1.83599396104167,-0.787757430398961,-0.338592633658151,0,3.09769445749534,-0.261812593233384,-0.254580505449138,-0.157734066138749
"152","Lubbock County",-0.0672843002783296,2.84680424779788,0.322512559123542,-0.779436698845031,-0.00158279734448504,0.65031888722101,0,-1.39446073968032,0.569408274281183,0.358205138229368,0.11390964434829
"153","Lynn County",-0.409830344151064,0.786164673498677,1.27016283955596,0.507799148326233,0.543956283814311,-0.319639955061585,0,-0.154089528519878,-0.245995174389594,-0.244353972674889,-0.157306280767904
"154","McCulloch County",-0.620418684404874,-0.783850802213622,-0.386117078159298,0.0745069175437309,-0.127106447854931,-0.316200094675623,0,0.751046220164769,-0.24190125421826,-0.241443344116064,-0.157306280767904
"155","McLennan County",-0.299384795837911,0.421738596102425,-0.460255485964307,-0.667796642358515,-0.382014124587062,0.365683096370286,0,-0.975416411585577,0.446544147321034,0.177411838626155,-0.0546377917649283
"156","McMullen County",1.77163407913567,1.46791260144975,1.494449404006,0.288301063480668,0.687868173877926,-0.337356721161702,0,0.499619623307923,-0.261347375032096,-0.253675850626801,-0.157734066138749
"157","Madison County",-0.485493786950671,0.19490594822303,-0.356840595345974,-0.492313373241394,-0.520765513458741,-0.249761817642371,0,-0.640180949109782,-0.238489654075481,-0.236526741820753,-0.157734066138749
"158","Marion County",-1.0678879991751,-1.45900691551644,0.118481579542797,1.87225171767563,-1.31848562514868,-0.259787266626017,0,1.80703792696353,-0.227494997251709,-0.239339038333671,-0.157734066138749
"159","Martin County",1.74905043716716,0.933209382008491,1.40513838156238,0.516037436935611,0.45412728065933,-0.320899766864114,0,-1.22684300844242,-0.256074902084166,-0.245828953363483,-0.157734066138749
"160","Mason County",-0.737293152694464,0.170598949857511,-0.894561415072855,-0.961284245061881,-0.440493767914224,-0.325729605609251,0,1.65618196884942,-0.253965912904994,-0.246300947183833,-0.157734066138749
"161","Matagorda County",-0.411973317476543,-0.272306390135081,0.10545639164379,0.221355563092186,0.29829711612217,-0.238981837945747,0,-0.304945486633986,-0.146252392033456,-0.204549160492043,-0.126933519437857
"162","Maverick County",-1.00228004659505,2.53445764222413,2.0473700085125,0.156809244054105,2.61591311922706,-0.205398230456891,1,-1.57884024404201,-0.0453155496273458,-0.199416227695738,-0.1451143976988
"163","Medina County",0.775646015093771,-0.416846463436965,-0.584492597750235,-0.418926576100545,0.720428573120311,-0.230034401431567,0,-0.0367571166533505,-0.171281131262748,-0.171037599247197,-0.145756075755069
"164","Menard County",-0.987196811265717,0.257945039520216,0.505477520260294,0.229292868355048,0.11996564019398,-0.331925208132731,0,1.689705515097,-0.25888171856527,-0.25129621511587,-0.157734066138749
"165","Midland County",2.13643407677299,0.20529730918725,-0.598306112254618,-0.709642841844658,0.375133555954334,0.188947966127699,0,-1.21008123531863,-0.0493319334317985,0.126770834984441,-0.116238885166714
"166","Milam County",-0.669789492941873,-0.514888893987119,-1.09093236485442,-0.940206902508152,-0.376941771963558,-0.267325790984875,0,0.415810757688974,-0.20237321438216,-0.218059983599561,-0.151958963632332
"167","Mills County",-0.294769160983033,-0.288377426963671,1.43445333361789,1.6221607300412,-0.700112428282989,-0.3195059851453,0,1.38799359886878,-0.251097067330385,-0.244766967267695,-0.157734066138749
"168","Mitchell County",0.189542810575241,-0.64570999153628,0.544177349855542,1.08243004461051,0.204732937009163,-0.310294529760873,0,-0.74075158785252,-0.254307072919272,-0.243921311672902,-0.156236817340789
"169","Montague County",-0.272185519014522,0.390247481345626,0.520888873312534,0.160570539530989,-1.02616888331892,-0.27695322417275,0,0.834855085783718,-0.21628323860067,-0.225906880862879,-0.147895002609298
"170","Montgomery County",2.01346037671088,-0.619283878477739,-1.25981866704326,-1.10163638272864,-0.497051986887766,1.18759522819492,0,-0.388754352252935,0.589536715123575,1.27316515897775,0.470682643633629
"171","Moore County",0.212208874594731,0.687805663153043,0.741927145862168,0.166826726067056,0.844644348447508,-0.266180252754955,0,-1.4279842859279,-0.204978436309372,-0.228542179693166,-0.148750573350989
"172","Morris County",-0.796801873501998,-0.924446502799863,-0.665334830404491,-0.176388473133592,-1.09138102238534,-0.191109959161765,0,0.65047558142203,-0.231837033797064,-0.237077401277827,-0.154953461228252
"173","Motley County",-0.766223292588432,-0.268460391666413,4.47734200231476,4.75200959602127,-0.782536228056195,-0.335575118417302,0,-0.237898394138827,-0.259889691334727,-0.252830195032007,-0.156878495397058
"174","Nacogdoches County",-0.693362199522143,-0.925651022391399,-0.159982644301282,0.517938203895376,-0.671630003934343,-0.133450597987149,0,-1.41122251280411,-0.0310333508478056,-0.141439653429418,-0.148964466036412
"175","Navarro County",-0.39491195292369,0.814991463394498,-0.387591536084631,-0.735770297861591,-0.357292476003627,-0.196903219769663,0,-0.0199953435295605,-0.123782352911248,-0.192296987572126,-0.141264329361189
"176","Newton County",-0.800675709898057,-1.70524050063926,-0.450373739687258,1.33459562779764,-1.33706816431611,-0.293753293865032,0,0.751046220164769,-0.227851664539364,-0.241502343343608,-0.152600641688601
"177","Nolan County",-0.649101558145902,0.582182227771022,0.687328290625998,0.183528828532819,0.0808796041339575,-0.29006220956866,0,-0.0367571166533505,-0.224083397108931,-0.235995748772859,-0.157734066138749
"178","Nueces County",0.282102773825741,0.420104802169455,-0.417572661935272,-0.631987243359162,1.22547970765229,0.931106420313966,0,-0.656942722233572,0.643765650120375,0.358264137456911,0.312188163735286
"179","Ochiltree County",0.0185994768427938,0.533456164858941,-0.0433866943511952,-0.37210153481643,0.794026815707163,-0.304961126140567,0,-1.22684300844242,-0.241048354182565,-0.237942723281802,-0.157734066138749
"180","Oldham County",1.03288523620224,0.082875094096233,-0.904923629187061,-0.945570896870628,-0.820371822481032,-0.334794995025015,0,-1.52855492467064,-0.259362444039934,-0.250175229792539,-0.157734066138749
"181","Orange County",0.310950491668729,-0.27047709681171,-0.899688614420824,-0.823148956917748,-1.18072498204622,0.408352835256768,0,-0.221136621015037,-0.079648652882397,-0.121812577066533,-0.143403256215417
"182","Palo Pinto County",-0.397879146758969,0.142853452185234,-0.0772520695228217,-0.218275817911081,-0.637576318325424,-0.251201791634995,0,0.332001892070025,-0.183717964510513,-0.210606414519868,-0.146397753811338
"183","Panola County",-0.0156880963648716,-0.982893487754205,0.225827990981326,1.13075356913407,-1.11746309160927,-0.252551829763361,0,-0.0535188897771393,-0.207568150963209,-0.223192916395866,-0.147467217238452
"184","Parker County",1.70726245732031,0.449011752433329,-0.952631562693833,-1.08026765083286,-0.991596003402099,0.0754103942606382,0,0.0973370683369685,-0.0861617077004284,0.0611243611374357,-0.135703119540194
"185","Parmer County",0.0425018716269836,1.31943682194827,1.40192548253116,0.301661409546846,1.20071438287635,-0.305608551820783,0,-0.824560453471469,-0.236008490335279,-0.23994869701829,-0.149178358721835
"186","Pecos County",0.0534640044073189,0.193218794837832,-0.212363632616161,-0.363710280679652,1.46159666660633,-0.32905988189769,0,-0.472563217871884,-0.2374971885794,-0.240951683886533,-0.150033929463526
"187","Polk County",-0.546238838522905,-0.946484126599776,-0.369041104795545,0.252498338348269,-0.849277203456096,-0.206821332471132,0,0.734284447040979,-0.136079620698626,-0.193948965943351,-0.124794592583628
"188","Potter County",-0.662866040659556,2.03252189706193,0.642953067027776,-0.427967472724047,0.13183464701222,0.057792129105346,0,-0.908369319090418,0.121341117347376,-0.100769519242598,-0.0563489332483112
"189","Presidio County",-1.9293632760177,0.285949931100373,0.795679410837378,0.46100797604346,2.01816547177291,-0.333376862132625,1,0.399048984565184,-0.232643412012629,-0.242682327894483,-0.151745070946909
"190","Rains County",-0.130749279532903,-0.827042030010232,-0.0776358694769255,0.516864452195097,-1.11333417043946,-0.193227141389433,0,1.43827891824015,-0.2393270468378,-0.242819992758752,-0.157734066138749
"191","Randall County",1.29152563217737,1.43097317990058,-0.264854912315725,-0.812101761722109,-0.618185227413274,0.086275070763226,0,-0.573133856614623,-0.0720811034747795,0.0957765741147946,-0.113030494885371
"192","Reagan County",0.813148048289655,0.677867701172294,0.0191741991613075,-0.382216639790348,1.53351560100942,-0.329474922569748,0,-1.00893995783316,-0.251655329171931,-0.251119217433239,-0.157734066138749
"193","Real County",-1.10456581186119,0.0125716696955069,1.73732314736987,1.55641634427917,-0.634639063564529,-0.324644295788629,0,2.56131771753406,-0.251810401905693,-0.246949938686814,-0.157734066138749
"194","Red River County",-1.19827968382541,-1.27317961943607,0.661535225080314,2.36229402002706,-1.17318644363529,-0.303744868515816,0,1.10304345576436,-0.23106167012825,-0.236271078501396,-0.157520173453327
"195","Reeves County",-0.0415686203725806,0.945446919784523,0.380036792755945,-0.223930391184047,1.74318525718616,-0.322237619051255,0,-0.606657402862203,-0.236923419464479,-0.24120734720589,-0.157734066138749
"196","Refugio County",0.0365674839564261,-0.17056106800037,0.48105544633152,0.522132045657567,0.654248823069697,-0.310784284437085,0,0.549904942679292,-0.24368459065653,-0.246025617455295,-0.157734066138749
"197","Roberts County",2.41271279165783,-0.868017557785171,-0.738399966152486,-0.318640372097142,-1.16618453800892,-0.33606169164696,0,-0.204374847891248,-0.261548969585988,-0.251650210481132,-0.157734066138749
"198","Robertson County",0.189130700320341,-0.534393347242281,-0.3645889767586,-0.0972117847488294,-0.615479865240112,-0.280776490155568,0,0.399048984565184,-0.223152960706355,-0.231629805934622,-0.157734066138749
"199","Rockwall County",3.5750285545773,0.491413113398439,-1.00345463616437,-1.13065153621243,-0.751707647081254,1.77390783408172,0,-0.304945486633986,-0.181019698943043,0.0473578747105621,-0.0877911580054724
"200","Runnels County",-0.714462244573014,1.05126907478841,0.881878631036878,0.0827241256236681,-0.029209314027179,-0.309887402358771,0,0.348763665193815,-0.236814868550845,-0.233734111717015,-0.157734066138749
"201","Rusk County",-0.0514592664901763,-0.766163193463144,-0.636331350750653,-0.259233380034061,-0.790988896393265,-0.168367150155057,0,-0.0870424360247193,-0.144515577415314,-0.178825497282971,-0.157734066138749
"202","Sabine County",-1.34622726533444,-1.31500194326316,0.838779466115062,2.76977843725897,-1.31156422968207,-0.275873318075924,0,2.19255870881069,-0.230100219178922,-0.239909364199927,-0.156022924655366
"203","San Augustine County",-1.44241379882806,-0.719682403432455,1.2526090104137,2.06140215249729,-1.18659366316713,-0.291850019358622,0,1.65618196884942,-0.231263264682142,-0.244196641401439,-0.157734066138749
"204","San Jacinto County",-0.533545842671991,-2.08287339617646,-1.1018088991107,0.626713993254731,-0.947159885358143,-0.195649149649814,0,0.868378632031298,-0.189440148386355,-0.22655587236586,-0.157734066138749
"205","San Patricio County",0.283339104590441,-1.00173051578505,-0.197341096382684,0.556146957876962,0.960545146430557,-0.0522762761512425,0,-0.656942722233572,-0.105980003075295,-0.17282724248269,-0.144258826957109
"206","San Saba County",-0.790702641729481,0.199040821681667,0.716285389645482,0.454057143422862,-0.206473361742159,-0.323601708979365,0,0.315240118946235,-0.24808865629539,-0.245809286954302,-0.157734066138749
"207","Schleicher County",1.11580181948809,-0.662314011775116,0.0673821236212603,0.52433384398315,0.744930564504538,-0.331840636523887,0,-0.640180949109782,-0.257036353033495,-0.248641249876401,-0.155595139284521
"208","Scurry County",0.384965493448738,2.00681119766582,0.805503247570684,-0.329335375367235,0.224170784948038,-0.281973752657567,0,-0.573133856614623,-0.231170221041884,-0.229899161926672,-0.153028427059446
"209","Shackelford County",-0.264520268273386,-0.840079439626328,-1.57369224229328,-1.43839863559631,-0.983062648455839,-0.328036173448317,0,0.499619623307923,-0.252911418315408,-0.245809286954302,-0.157734066138749
"210","Shelby County",-0.970382712865805,-1.07179250663073,-0.104618000523743,0.781975259320366,-0.718356173927135,-0.242937800739735,0,-0.271421940386407,-0.171250116715996,-0.220144622972773,-0.148536680665566
"211","Sherman County",0.417604625636804,-1.49970247476661,1.75047774224848,5.09496861896764,0.376550535847641,-0.32904243285184,0,0.130860614584547,-0.255051422041333,-0.247952925555058,-0.156236817340789
"212","Smith County",0.069865992552332,-0.329401107103896,-0.470173878849721,-0.344740508477143,-0.669965235772369,0.378131319109724,0,-0.405516125376725,0.287548073394187,0.239066031409367,-0.115383314425022
"213","Somervell County",0.202070962324196,0.914345204137339,-0.940611355965949,-1.16237832472654,-0.665700037188036,-0.200958464796732,0,0.264954799574866,-0.234008052069741,-0.238473716329696,-0.155167353913675
"214","Starr County",-1.87603620903366,1.50441703214852,1.53589842311046,0.296843804866147,2.78333515908274,-0.18479568100539,1,-1.71293442903233,0.0786651010158945,-0.206122473226543,-0.140194865934074
"215","Stephens County",-0.332353616229897,-0.410807208200379,0.175548731667365,0.409882336744268,-0.48563900458759,-0.307876677872972,0,0.0302899758418096,-0.233000079300284,-0.240637021339633,-0.153456212430292
"216","Sterling County",0.00870883072519802,0.272243413144887,1.67493892955461,1.22999885785655,0.27145390760754,-0.335255047852639,0,0.566666715803082,-0.25912983493929,-0.252613864531013,-0.157734066138749
"217","Stonewall County",-0.256195641124409,1.73166710553854,1.8550899894755,0.383418751145847,-0.508955629167057,-0.335404917355318,0,2.15903516256311,-0.259781140421094,-0.253243189624813,-0.157734066138749
"218","Sutton County",0.915021703300892,0.99715952587135,-0.317836124558886,-0.737220672495631,1.0720030931773,-0.330960119291378,0,0.197907707079707,-0.258106354896457,-0.245592956453308,-0.157734066138749
"219","Swisher County",-0.989999160999036,0.472500918407487,0.00133382375036595,-0.309740937557878,0.370975745493556,-0.313738944733408,0,-0.573133856614623,-0.238350088615095,-0.244668635221789,-0.156450710026212
"220","Tarrant County",1.04162197360612,0.78085058759215,-0.959272083982781,-1.15226210058283,-0.272763107187697,6.47584315692107,1,-0.807798680347679,3.84083817301147,4.95461862566146,1.05482356752347
"221","Taylor County",-0.0604432700469925,0.761886208006696,0.0885775585730467,-0.362989388482112,-0.461317652876079,0.100609290476277,0,-1.14303414282347,0.0602889820650202,0.00594041697485387,-0.0683269236319917
"222","Terrell County",-1.96422780358222,0.882743614232191,-0.473403914507586,-0.817496346544657,0.937968561491992,-0.338012586094401,0,1.38799359886878,-0.260091285888619,-0.253577518580895,-0.157734066138749
"223","Terry County",-0.614319452632356,1.42898300283506,1.77055913947697,0.482728065725085,0.828491228377269,-0.296264477878023,0,-0.74075158785252,-0.237342115845638,-0.240951683886533,-0.155167353913675
"224","Throckmorton County",-1.03978207979093,-1.58069492386748,0.0926002522574244,2.14705920993771,-0.804214009650688,-0.333901758784525,0,1.53884955698289,-0.257982296709447,-0.25113888384242,-0.157520173453327
"225","Titus County",-0.240205763234296,0.68501741610791,-0.018515930373515,-0.413928436178134,0.325984319307409,-0.0998023348082767,0,-0.841322226595259,-0.165962136494689,-0.211530735751386,-0.145542183069646
"226","Tom Green County",-0.0191498225060301,0.788749971458015,-0.111423114580526,-0.522452220755058,0.186030366996844,-0.110592543436847,0,-0.841322226595259,-0.0396398875716327,-0.0132146655676817,-0.139553187877806
"227","Travis County",1.52115346620755,-0.977144543921438,-1.33775363461048,-1.07879828219602,-0.0283180919054148,3.17948390574341,1,-0.908369319090418,2.21835868147297,4.47277193431171,4.2009710774084
"228","Trinity County",-1.02997385572432,-1.64160392718191,-1.03785639275449,-0.0622287318182459,-1.08536241607179,-0.276876546073245,0,1.58913487635426,-0.221012956980431,-0.237372397415546,-0.152172856317755
"229","Tyler County",-0.453184342966525,-1.19280514539362,-0.980367672355827,-0.421923699472745,-1.17198376404612,-0.269924106818708,0,0.66723735454582,-0.216298745874046,-0.225690550361885,-0.157092388082481
"230","Upshur County",-0.0905273186546797,-0.528475303384989,-0.827346944826362,-0.632636085878725,-1.13900276487816,-0.132381082650283,0,0.281716572698656,-0.176507082390549,-0.19062534279172,-0.149178358721835
"231","Upton County",0.235369470920101,0.076315828549459,0.103978624871248,-0.016230740734072,0.654909819697543,-0.330360410876406,0,-0.891607545966628,-0.252229098286852,-0.251787875345401,-0.156664602711635
"232","Uvalde County",-0.751140057259098,0.879622107631169,-0.0792731730094308,-0.53017045529797,1.5666102992679,-0.287175810013733,0,-0.874845772842839,-0.188571741077284,-0.218787640739267,-0.157734066138749
"233","Val Verde County",-0.435628446107793,1.94614354672677,1.38600209167591,0.0195346261654906,2.01684314716299,-0.292626271829645,0,-1.22684300844242,-0.109267545031063,-0.180457809245015,-0.142547685473726
"234","Van Zandt County",0.0137365758349759,-0.726929016337703,-0.423441462272257,-0.0208465003290183,-1.04332530277977,-0.149794331119398,0,0.717522673917189,-0.145864710199049,-0.167733642504747,-0.155167353913675
"235","Victoria County",0.481811403350196,-0.19300782408292,-0.395321221915161,-0.342747008851956,0.496096495303011,-0.0305140700889475,0,-0.556372083490833,-0.0553177409550369,-0.100867851288504,-0.0779520944760206
"236","Walker County",-0.695505172847622,0.795817867100913,-0.547954868522495,-0.849324396997688,-0.720902034883537,-0.0704836623578804,0,-0.640180949109782,-0.0657851504840159,-0.125903190176233,-0.151317285576063
"237","Waller County",0.297680541460955,-0.87670335900189,-1.31216695409599,-1.08102637993087,-0.221395251900508,-0.0583768078998767,0,-1.71293442903233,-0.140220062690089,-0.186259399953483,-0.118163919335519
"238","Ward County",1.10764203644107,0.185770474391519,-0.73256423745385,-0.821771257833206,0.760680861924732,-0.298017911603006,0,-0.908369319090418,-0.241637630570863,-0.241482676934427,-0.157734066138749
"239","Washington County",0.486179772052134,-1.13380703565706,0.136658906120776,1.23964901511027,-0.818756410701912,-0.16836078736596,0,0.499619623307923,-0.195348419542712,-0.178412502690165,-0.153883997801138
"240","Webb County",-0.779081132541306,1.92311605150577,0.0479749047047526,-0.736492169018071,2.62459344268255,-0.100487851168289,1,-1.77998152152749,1.03599111562625,0.100889840501919,0.0818257415348599
"241","Wharton County",0.0206600281172929,-0.22268830987109,0.174219763409014,0.254175842203201,0.24736025297823,-0.225533405225922,0,-0.288183713510197,-0.151555879528139,-0.204293497172687,-0.142975470844572
"242","Wheeler County",0.083712897116966,-0.0383758407298262,-0.250503220057514,-0.283434952400053,-0.344155462834988,-0.320722410768408,0,0.0638135220893884,-0.245622999828563,-0.246202615137927,-0.157734066138749
"243","Wichita County",-0.339441912614174,0.877762856351593,0.119117152728216,-0.385255895514218,-0.688020522237938,0.2852496256698,0,-0.807798680347679,0.0795800301450941,-0.000628163691682954,-0.0554933625066197
"244","Wilbarger County",-0.492994193589848,2.03433496969779,1.31986388213656,-0.0501923440589188,-0.254738101255911,-0.299206837281218,0,-0.304945486633986,-0.229572971884129,-0.23475676499444,-0.157734066138749
"245","Willacy County",-1.71358234655215,0.463645112787437,1.31868259506046,0.768154508106272,2.2998906376882,-0.229001433980337,1,-0.941892865337998,-0.151013124959969,-0.236349744138121,-0.157734066138749
"246","Williamson County",2.40908622141471,-0.735209263731239,-1.34063227454123,-1.16475494721841,-0.449413420755059,1.01523931121055,1,-0.539610310367044,0.281794874971592,1.50314414794326,0.284596007315736
"247","Wilson County",1.81721347332759,-0.716745994710124,-0.997536220913396,-0.743390606135017,0.200007478559533,-0.164333402528222,0,0.231431253327286,-0.189036959278572,-0.172060252524622,-0.157734066138749
"248","Winkler County",0.420819085625022,0.158496932465345,0.0743778277127685,-0.0906811474669784,1.0706398022053,-0.311441540411847,0,-1.07598705032832,-0.240629657801406,-0.247166269187808,-0.157734066138749
"249","Wise County",0.757183475674259,0.27088258671917,-0.532889621098106,-0.675996306491952,-0.67868680652019,-0.1310375278368,0,-0.0870424360247193,-0.137289188021975,-0.148499894325487,-0.149392251407258
"250","Wood County",-0.153003233297493,-0.722954575093818,0.108353116451158,0.639437961384477,-1.07165885587919,-0.13937040343754,0,1.5220877838591,-0.17546809507434,-0.181500128931621,-0.14661164649676
"251","Yoakum County",1.03898446797476,0.624595201529952,0.985414035346961,0.391731158307598,1.31367011848498,-0.307396824264302,0,-1.22684300844242,-0.245824594382455,-0.244471971129977,-0.157734066138749
"252","Young County",-0.292049233300694,0.560428212648309,-0.0946997191013925,-0.423999642071331,-0.707872114822855,-0.279872105327302,0,0.415810757688974,-0.216422804061056,-0.22246525925616,-0.157734066138749
"253","Zapata County",-1.26471185691526,0.562867874017199,-0.472917521592814,-0.724628851052403,2.56312960608893,-0.296003085318891,0,-1.61236379028959,-0.186431737351359,-0.241836672299689,-0.157734066138749
"254","Zavala County",-1.97040945740572,0.812881862395302,0.453904177505175,-0.112642037174209,2.54286064002344,-0.311078868666078,1,-1.37769896655653,-0.195038274075186,-0.247008937914358,-0.154311783171984
