"","county_name.x","cases_per_1000","deaths_per_1000","death_per_case","median_income","poverty","median_rent","percent_employed_agriculture_forestry_fishing_hunting_mining","percent_employed_arts_entertainment_recreation_accommodation_food","percent_employed_construction","percent_employed_education_health_social","percent_employed_finance_insurance_real_estate","percent_employed_information","percent_employed_manufacturing","percent_employed_other_services_not_public_admin","percent_employed_public_administration","percent_employed_retail_trade","percent_employed_science_management_admin_waste","percent_employed_transportation_warehousing_utilities","percent_employed_wholesale_trade","percent_unemployed"
"1","Anderson County",96.5418116958457,1.29876876720869,0.0134529147982063,-0.624869475157791,-0.1544557396495,0.134316888716563,-0.481083318470512,-0.956705730319389,-1.44503289050131,-0.821813585761254,-0.904178099347848,-0.459263641590512,-0.666102378519239,-1.07582176923304,0.802806780338241,1.2675993908182,-0.264910100731651,-0.490396848289518,-0.440368918233658,-0.931714392252773
"2","Andrews County",91.3694031973602,2.10502361039995,0.0230386052303861,1.71921365471241,-0.229712537344515,1.18522379089604,2.00416335534524,-0.428422428134664,0.0159222627141185,-1.45766918086537,0.540259083117129,-0.501125557822981,-0.42812587986085,-0.932757809060533,-1.41544824906854,-0.220548381374539,0.751621675642361,1.92958281866219,-0.586007282381319,-0.372960144402055
"3","Angelina County",77.1379703534778,2.20068415051311,0.0285291943828529,-0.282076165132118,-0.0104396918041254,0.336901351787305,-0.861471557206027,0.208592253144266,-0.820945462840383,1.1417680712893,-0.102066857242244,-0.416443804256284,0.776061541142023,0.331296302093917,-0.589444787035632,0.74717358053306,0.179480484943035,-0.71230262491183,-0.19164482677334,0.582235234553302
"4","Aransas County",36.0422036082474,1.04703608247423,0.0290502793296089,-0.436287822515632,-0.194635084967404,0.735739513457829,-0.683045847482389,2.0588333451047,1.81494861716291,-0.900772330466002,0.600096867628046,-0.756895476778554,-0.681067849102573,1.01517829373789,-0.384028316736083,0.606061021592409,0.481459083599661,-1.29224040740874,0.197371660555912,0.291900350249714
"5","Archer County",78.9264187421813,1.13726828158763,0.0144092219020173,1.09602052725289,-0.250073587287552,-0.669690199095444,0.0227477550638086,-1.04613200004599,0.0499016715235631,1.30844670725664,0.730046121869681,-0.0710387154944735,0.421240089161751,0.110949927191868,0.111974955069951,1.69363993651398,0.889353209046171,0.182864622485966,1.0827043303939,-0.899606778973048
"6","Armstrong County",66.3556246759979,3.1104199066874,0.046875,1.55412228659954,-0.259827662241222,-0.163229041418589,0.597457789067989,-0.558578312283733,1.73945593117817,1.46381359314344,0.00387200534661617,1.42078009669413,-0.351388724712366,0.717067628641704,1.3629703876555,-1.13068870092837,0.269018413605737,0.520924198364279,0.39613360479016,-1.35751906326431
"7","Atascosa County",78.54338478157,1.86958599056898,0.0238032266596139,0.436808963515136,-0.154052550541717,0.222947591310013,-0.169309216375224,-0.0586308298276898,1.08651268035149,-0.0867555977152716,0.320509785059315,-0.00186399475817583,-0.304786985478374,-0.482303614672139,-0.202781571298035,0.0463220329693973,0.133484424472225,0.577908496587097,-0.168749493085017,0.070377578324938
"8","Austin County",47.9311757476444,0.614502253174928,0.0128205128205128,1.04838058178647,-0.201659879806852,0.495170463561323,-0.633464472032572,-0.385728291255347,0.920043938673388,0.0125304497220039,0.175363464109516,-0.391697775686905,1.07168933408596,-0.317473917276288,-0.221497965944675,1.58205060665311,1.15664030428778,0.172095255058404,0.612898493394975,-0.00946799249704142
"9","Bailey County",104.536489151874,2.11327134404057,0.0202156334231806,-0.525138793472034,-0.23828805952159,0.159639946600406,0.663457820565384,0.258471079754941,1.53737413555271,-1.41157425688215,-0.950177079383775,0.0164372631825618,-0.0752051159403187,0.673167162558869,-0.820907076950788,0.353621305556313,-0.115890521003865,1.12100149961238,0.717319172925748,-1.29331449229347
"10","Bandera County",38.4687558641396,0.938262338149747,0.024390243902439,0.537281443659713,-0.208234963718388,0.786385629225515,-0.546839347724883,-0.0743811914152228,0.828614227582973,0.370185588401061,1.38307007097246,1.38109560759368,-0.369590677706147,1.00677068328535,-0.103129455533027,-0.937026539138328,0.131443243017804,-1.35126584928466,0.381941223701571,-0.155975190823498
"11","Bastrop County",54.4542126366648,0.70978507209922,0.0130345300708896,0.765755368976175,-0.10193260472409,1.10292385277355,-0.93148053060854,-0.31440869335676,1.99419463006529,-0.495133061499264,-0.203628754141429,-0.281045761120089,0.150496968615256,-0.53756487874159,1.15201483979077,0.100150834732703,0.575115531211954,0.788921743610038,-0.122546100244698,0.66931095213038
"12","Baylor County",76.0688506385341,2.49861188228762,0.0328467153284672,-1.13225962099045,-0.25489634930757,-1.25845129489479,0.0408298228929733,1.1385735778072,-0.642018369513844,1.67033672889976,0.659300790221967,0.643827719456174,-0.963259096632749,1.04605100853801,-0.545701467798757,-2.23722943847727,-0.76246662964016,-0.476019589044676,-0.894395916151399,-1.34898887693101
"13","Bee County",94.1672522839072,1.61935897827615,0.0171966255678131,-0.369196273017941,-0.185609851862417,0.824370216051279,-0.337059008224566,-0.533281638289302,-1.29416894349791,-1.18017801354525,-1.08522251023635,-0.895939747630225,-0.968668799970745,-0.51248957636179,1.12743623851868,0.358497427222295,-1.28751985500459,-0.498434229588866,-0.358076312395888,-0.453026538029483
"14","Bell County",49.0689616232697,0.635947055921737,0.0129602713178295,0.221604988406447,0.461741275229774,1.09026232383163,-1.14193556372555,0.404448019972537,-0.686851024545275,0.704584331116066,0.239996356982766,0.413546836661512,-0.408846439540542,-0.323110222089153,1.95682304762844,0.257348225188485,0.740337045169213,-0.756664283235006,-0.113352063537786,0.774393390064431
"15","Bexar County",80.4601893019254,1.07822182194118,0.0134006871136628,0.338314612594078,4.46449418638472,1.49543124997311,-1.08816318804741,1.52417781314783,0.0195143345016113,0.675489273293214,2.48093322624195,1.2546018690501,-0.338239449619995,0.0287065959610353,-0.144573353917095,0.763324143152537,1.7865895007093,-0.504439409402267,0.147587036762583,0.279197291020909
"16","Blanco County",28.6770673640545,0.99197402831635,0.0345911949685535,0.709296264054899,-0.243700097929907,0.583801166154773,-0.634120703936529,-0.328196455496205,2.7700550091121,0.803568165919744,-0.455104112414535,0.226696814468368,0.0742331627728498,0.141684390760661,-0.40168977153965,-0.670224608917276,1.79924941203105,0.188174570772067,1.01601439304648,0.100048221973113
"17","Borden County",29.9003322259136,0,0,2.29245901927806,-0.261735056866503,-0.789974724043698,1.94206372838855,-2.27149559147473,0.493650724318579,-0.344175580774781,-1.65912639826701,-1.29629025554968,-1.15407854679084,0.66662432093994,3.3521515259857,-2.4521508143517,0.569348290255172,-1.85598589830733,0.44022353614691,-1.56984305276219
"18","Bosque County",55.026455026455,1.11389585073796,0.0202429149797571,-0.100335542721295,-0.219555273283062,-0.593721025443916,-0.562089279134257,-0.15917759374686,1.00212897574202,-0.0582462348528215,0.353543903425756,0.601119190933698,0.634886677439885,-0.988408000632332,-0.756924732047737,-0.156997165408208,0.361768740231261,0.298818433664455,0.338667257224046,-0.307980793317952
"19","Bowie County",52.0745447749239,1.48448763816949,0.02850697292863,-0.297653932767331,-0.0177591248377226,0.184963004484249,-1.0806973727829,0.265424374388795,-0.785366846401911,0.311508447245844,0.194365067649787,0.367414175705785,-0.0165734296594547,-0.129074074275385,1.21475043964205,-0.00136375456244976,0.465363796932068,-0.517000833426231,0.13487490709103,0.332365633864898
"20","Brazoria County",75.2785444876371,0.80058960389601,0.0106350303309529,2.18679394992175,0.250408153658032,1.74233106434058,-0.942681603357194,0.153140815257874,0.979844713866274,1.18912049138277,0.323415892952047,0.742836379720572,1.46823547377641,-0.0867241909691546,-0.0832271187805796,-0.404118180728259,1.39909076438634,-0.162726761480765,0.209756789882641,-0.16743675308704
"21","Brazos County",77.6451587305292,0.756193081300092,0.00973908861368282,-0.493488725895728,0.539789382132517,1.17256226195412,-0.92340384376954,1.88818753155056,-0.245898551284843,3.08934544999241,0.407638787000843,0.617440982367819,-0.0873908797896523,0.076975338418185,-0.185290853716293,0.529946376550254,1.39517924081286,-1.17032512412732,0.0598840123381694,-0.215468056277932
"22","Brewster County",102.494577006508,0.867678958785249,0.00846560846560847,-0.905681402846532,-0.246786045331783,-0.460774971553742,-0.635429185093483,2.06016736228138,-0.585402524934501,1.84730741690385,-0.161542576981905,2.39871913833416,-0.840616111669152,-1.0379426083646,2.68644346364578,0.211678372321484,-0.25393666167174,-1.0942849852158,0.0837055843073544,0.630709009320317
"23","Briscoe County",71.6530483972345,1.88560653676933,0.0263157894736842,-0.609456551624538,-0.258587080371121,-0.764651666159855,0.924192454262981,0.121359925600254,0.196787308768073,-0.0890537283168488,-0.92907716871236,-1.29629025554968,-0.530087130734818,2.06523629208665,0.263467407370805,-0.394161990515599,-0.0675022320770383,1.79004650220076,-0.751215303690348,0.289271979189488
"24","Brooks County",94.4697283133361,3.99944835195146,0.0423357664233577,-2.0688213862758,-0.218872953254506,-0.891266955579069,-0.311824476795042,-0.478449489550985,-1.48168995922567,0.887336348207369,-0.120546556252868,-1.01519032323116,-1.43201120882159,0.561646858960974,0.732211789916025,0.178167605832005,-1.28039508958351,-0.667236519254752,-1.06365038818071,2.26454928437472
"25","Brown County",89.50168047212,2.14359435784794,0.0239503252513306,-0.563135358973798,-0.170304173040043,-0.182221334831471,-0.717741161595143,-0.393367029673099,-0.700865135345941,1.01030055884404,-0.39261292712289,-0.0248319099929741,1.28818617318243,0.108882006059295,0.136371224366893,-0.133405161159624,-0.292685014230781,-0.665983159692813,-0.745019741336625,-0.664439850248778
"26","Burleson County",62.1163900886565,1.25028415548988,0.020128087831656,0.21558817868491,-0.221369624268085,0.00770159929734951,-0.0628425082722607,-0.463070353796171,0.264947638041128,0.709781742384933,-0.5714692168286,-0.0717350393976646,0.891469859687996,1.12309721573776,-0.820410549358671,-0.410754398703533,0.00220032899141358,-0.241836906693094,0.723322296624267,0.406643598909322
"27","Burnet County",48.7815714063576,0.755270231245974,0.0154826958105647,0.599922202404486,-0.1771273733256,0.723077984515908,-0.813108711634621,1.75908475552419,1.3534019542305,-0.642448045119779,0.217882276748564,0.424253386878282,-0.0667844279924528,-0.266317135677632,-0.300833317968336,1.17251013590384,1.14157094334594,-0.753538493066252,0.0554544513947096,-0.569421838756373
"28","Caldwell County",67.5315706393054,1.35655090765588,0.0200876552227904,0.119648911344231,-0.156254583361147,0.463516641206519,-0.796072535728953,0.184046728699901,1.72024197355693,0.23499484177398,0.384482057959058,0.456071794339479,0.359057543815177,1.00949542928656,0.990659628860141,0.354052440688145,0.344731216757262,-0.686466607665451,0.073970289906129,-0.829934372019175
"29","Calhoun County",62.3711103982402,0.595756381467394,0.00955180014695077,0.733033814737129,-0.209134385574211,0.216616826839052,-0.594072673442206,-0.424784326991931,1.0990340361929,-0.71243609035563,-0.399705327394485,-0.629090372985188,3.94934168317688,-0.663162467300546,-1.16575619260126,-0.718993377113122,0.760854610084881,-1.10067639555308,0.40349224970976,0.262714456594219
"30","Callahan County",68.1551976573938,2.0497803806735,0.0300751879699248,-0.737622840898383,-0.229293840963356,-0.562067203089113,-0.509729506678255,-1.00946079681201,0.0137096896032597,-0.645297645835421,-0.130486684698026,0.259792775977557,0.085395788010368,0.812264718325821,0.03387296106973,0.676934815014931,-0.604720871057362,-0.124488247697643,-0.232170189635774,-1.01309396369897
"31","Cameron County",77.8151408492602,2.67966996746795,0.0344363569637287,-1.13736978815121,1.75258221834347,-0.131575219063786,-1.04905458740431,0.157275880914642,-0.741210749739845,1.31328413393629,-0.23296475800546,0.309973856224703,-0.610001485811161,-0.499025207501787,-0.484022013421226,0.129265406189564,0.234564818825458,-0.761119141478705,-0.215277775840321,0.420479856429702
"32","Camp County",76.4798737174428,2.52565114443567,0.0330237358101135,-0.666245344749734,-0.228022244546502,-0.182221334831471,-0.696914789672216,-0.950534297158563,0.013741153078874,-0.431428112279827,-0.367931483560087,-1.11243587654491,1.74759626502976,-0.276370499271803,-0.0387521651552629,1.58566873843072,-0.577689818690899,-0.188397287910278,1.26141805231936,0.050694305568698
"33","Carson County",54.8649096635173,1.82330515498094,0.0332326283987915,1.4107079178944,-0.256090409357543,0.108993830832721,0.169856822990383,-0.854643804003025,1.17009500719515,0.441290252183381,-0.240345361491396,-0.765381404192684,0.657926818747894,-0.0912833558341611,0.215836974398215,0.521603807065319,1.08531307582548,1.17055122826713,-0.318968209827576,-1.34829064873014
"34","Cass County",49.7709011222525,1.95896141842088,0.0393595730486991,-0.69748330207114,-0.177158387872353,-0.821628546398501,-0.822173483968423,-0.613934812470837,-0.308983169987437,0.824762713613977,-0.554318564207638,-0.909572182970098,0.855014466005869,0.894366130391453,-0.397738972087861,0.718078996348613,-0.278958403984175,-0.920203842959847,0.10539471469164,0.37415205058376
"35","Castro County",105.436573311367,2.78798631352173,0.0264423076923077,-0.432826096374473,-0.242893719714341,-0.429121149198938,1.3574358997785,-1.36120774798781,-1.12015348070049,-0.923456094223345,-0.631734683116109,0.659419636185987,-0.579705590945683,-0.712222960597651,-0.298158633846957,0.966857747939042,-1.00042386343943,2.22757685217613,-0.033050721240624,-0.652809174716697
"36","Chambers County",87.3405798946109,0.33093195529873,0.00378898280384727,2.01716936900498,-0.183981588157909,1.02695467912202,-0.87313203661735,-0.773915558266883,1.968274691073,-0.181859441595419,0.572030024401851,-0.377158768116168,2.20159828315091,-0.42147833838069,-1.45873424921013,-1.29503175902518,0.198751304879231,0.833044031056084,0.740360036256013,0.254757813981856
"37","Cherokee County",67.6629065395201,1.78315307981548,0.0263534803781152,-0.461591392166481,-0.121037565523649,-0.327828917663567,-0.646570067622177,-0.691312361195191,0.313308715828752,0.941191442775573,-0.491737956761879,0.419384615862379,0.538628187547295,-0.913250741048983,-0.352890846189784,0.110141135826705,0.182279124833906,-1.00895504496817,0.155414985579153,-0.0654328074188026
"38","Childress County",182.899207248018,1.84031710079275,0.010061919504644,-0.779905353051105,-0.244568505238977,0.172301475542327,-0.644509972242142,-1.55969534217282,0.115311541493691,0.904843047747075,-1.09849599218402,-0.430666412440293,-0.655230640617364,0.727922151556776,0.893470099200627,-0.482397581556439,-0.750443402689491,-0.280997112800001,-0.449149228699692,-0.551099108651186
"39","Clay County",84.2897097116405,1.25373710097406,0.0148741418764302,-0.249849143198951,-0.238132986787827,-0.562067203089113,-0.295207429575232,-0.414936802823928,-0.313652790400081,0.516303303937607,-0.0955720284712762,0.585185101203072,0.317649921135436,0.992897135938415,-0.634716838303254,0.253444559121111,0.106308459163629,-0.342185398701738,0.74018662636215,0.473484418012165
"40","Cochran County",73.6698499317872,4.09276944065484,0.0555555555555556,-1.02156680652436,-0.250879965503117,-1.4990203447913,2.27697429650416,-0.973053187768623,-0.614351891349385,-0.384489040348179,-1.20585845233206,-0.99835774591585,-1.00412969595912,-0.601431941492845,-0.4095279069263,-1.01805828859028,-1.55842511953064,0.836592799718301,-0.42665506300377,0.681235898588827
"41","Coke County",128.783199505868,3.08832612723904,0.0239808153477218,-0.609456551624538,-0.253996927451747,-1.25845129489479,0.0173688549044546,-0.674269344245635,-0.238346312403484,2.21478628289329,0.826495075547026,-0.756736136805772,-0.969627697663942,0.0474371092161856,0.223250287107293,-0.447312931026614,-0.0339038264239768,2.14483717972475,-0.181910604901246,-0.484141578051313
"42","Coleman County",68.7485157919734,2.37473284255521,0.0345423143350604,-0.749244350086558,-0.235620808500872,-0.562067203089113,-0.154626019387832,-0.599821465258586,-0.289174291496182,-0.305989882382974,-0.281572680589772,0.0866561835327014,0.464021311130119,0.779797923571411,0.573816772563365,-0.709717018721368,-0.366483367656497,-0.0872749296965901,-0.688428049548827,-0.434083516901669
"43","Collin County",70.8049120695785,0.528403030385909,0.00746280187265339,3.31581120424531,0.706259961826724,3.35034523996459,-1.09167740453008,0.75866733543122,-0.725554511679622,0.5930280287376,4.47122733544894,4.64691304546421,0.600863111463896,0.181135799652789,-0.95793688015845,1.07646186215121,4.19839284059308,-0.831281877518409,0.814837465019242,-0.27297872058283
"44","Collingsworth County",78.3212161269002,2.64375413086583,0.0337552742616034,-0.292296499453633,-0.255097943861462,-0.524082616263349,0.719706135955265,0.0785541637221405,-0.294668742612361,1.18501449505254,-0.980349495964493,-1.29629025554968,-0.478406175685873,-0.319991221266609,2.0717669336268,-0.866916799235922,-0.413425118754422,1.68392677768519,-0.986572736791649,0.673344135795641
"45","Colorado County",59.8192511834744,0.812891502892937,0.0135891286970424,0.0285725450113698,-0.22375774436803,-0.150567512476668,-0.351032696786017,0.338910301245594,0.428628366872462,0.861575975168737,-0.0857509784176795,-0.112804065923724,0.439445402243701,-0.713687185698647,-0.318111789602424,1.46805006358368,-0.140768546618502,0.166580207533647,0.568956594917698,-1.03308660701613
"46","Comal County",56.6537567776917,1.47172734314485,0.0259775772491113,1.95840244665627,-0.078594158292811,2.16649228389495,-0.988271146425286,0.834867174226999,0.729078630025257,0.146883593206446,1.20354920036142,1.43957790203582,-0.0867568985458236,0.746823463088094,-0.32132023794798,1.05025911874566,2.348236340252,-0.572338728926437,0.573512476165753,-0.653971695252361
"47","Comanche County",82.8639193596205,2.66824785057812,0.0322003577817531,-0.616132737753915,-0.224672673497229,-1.31542817513344,0.334002389726391,-1.073605501855,-1.08790269912354,0.395602812580151,-0.444435297129319,-0.584096414702492,0.436541391876887,-0.424626224451107,-0.769208858887371,1.10793189783367,-0.920456917923892,0.501324428359409,-0.575991798900026,-0.905906381870732
"48","Concho County",63.5044064282011,1.03680663556247,0.0163265306122449,-0.263613625712606,-0.258571573097745,-0.789974724043698,0.184950886524525,-1.13575696070679,-1.08348494192304,-1.72541139675975,-0.586215168182167,0.0622449205722271,-1.29632985967446,0.406497354632434,1.18030829021817,-2.37826841101732,-1.19809092772664,-2.07818535666462,-1.23669429809974,-2.01300132827828
"49","Cooke County",71.8308416956789,1.22875281589187,0.0171062009978617,0.835154735901306,-0.179608537065803,0.324239822845384,-0.266303553122482,2.3199835679225,-0.767423713138752,0.0955080514791845,-0.104448464221458,-0.0514880015805822,2.22253269310427,0.246599280536313,-0.478943347051325,0.0627028533258495,0.167407989580362,0.137658265861584,-0.095443279412295,-0.0254047680456793
"50","Coryell County",56.8730380648395,0.593526603181303,0.0104359925788497,0.0800039048228678,-0.135242227936308,1.03961620806394,-1.15179322600952,-0.20424460150026,-1.00907295112833,-1.07746328278531,-0.466480149137849,-0.13261738178771,-0.87803063698732,-0.780431429224436,2.22410383627975,-0.616731309404474,0.163070860839483,-1.12631938376955,-0.550711983723379,0.581739889142591
"51","Cottle County",117.489986648865,4.67289719626168,0.0397727272727273,-1.3484526607109,-0.256354033004939,-2.27770437471946,0.927192175827389,-0.976814703158355,0.898227088886861,0.747447389868257,0.87544077738684,-0.907532748541941,-1.41088347122928,1.39413939052277,1.46631226187322,-0.611372773542288,-0.702065827438026,-0.99132060413935,-0.983024559699466,2.01993207010919
"52","Crane County",100.70306038048,2.27460711331679,0.0225872689938398,1.15726011113101,-0.253454172883577,-0.0492752809412967,2.18714868623954,-0.251439622239993,-0.324012777569913,-1.04608775433212,-1.18986395759791,-0.332917640996179,-0.788145558541078,0.0738780468328732,0.123882276317285,-1.14511087765495,-1.18912458536852,0.255828177979971,-0.426314766865038,-1.19616449981154
"53","Crockett County",123.044838373306,3.38894681960375,0.0275423728813559,0.199103768488917,-0.249794456366779,-0.897597720050029,2.97590568539116,-0.586205384055606,3.22525301741157,0.377492971276405,-2.01928401818064,-1.29629025554968,-1.05738489071898,-0.858812935630799,-0.798939818620983,-2.25252339480356,-1.75895395377236,-0.212219564298169,-1.34091735573101,-1.20908078117637
"54","Crosby County",64.9703138252757,3.73197625106022,0.0574412532637076,-0.924803318673883,-0.243250387001995,-1.24578976595287,0.323079739254072,-0.394999354943578,0.17946042666222,0.934880089192439,0.297821646423986,-0.259010047284251,-0.906415408908233,0.222227414842823,-0.119358096446294,0.303944823926607,-0.0190665005022765,-1.40411805055577,1.16008242925957,0.706853946751241
"55","Culberson County",130.261408949934,1.77226406734603,0.0136054421768707,-1.38216327956171,-0.251763880085564,-1.04320530288213,0.559650162800312,3.96635974347978,-0.634430254773345,-0.151679505926622,-1.15471424206543,-1.03826688581216,-1.3306609066691,0.254507048231304,0.826213322644987,-0.827126852360899,0.329944334714799,-0.668164688987125,-1.10337929261393,-0.169167036010209
"56","Dallam County",64.65935895657,2.77507978354378,0.0429184549356223,-0.355596634606246,-0.244335896138333,0.0773400084779171,1.67776788984864,2.44280646126267,-0.221925334732819,-1.86326898595755,-0.921220554553312,-0.528646564384546,0.187288034817955,-0.341015412400438,0.541485178533989,-0.986856299219459,-0.10361022425723,2.07161967242125,0.277049084383014,-0.614627415106166
"57","Dallas County",91.9300230819293,0.961126677122952,0.0104549813532232,0.307571187578551,6.66372018933328,1.74866182881154,-1.14572988774752,1.13745328989396,0.938055993356904,-0.136418460133175,2.55167076791337,2.03910101559855,0.406346000236953,0.791298951641293,-1.08065727827395,0.707070573708424,3.00313265126542,0.342238834754773,0.744527381166595,0.340098913865532
"58","Dawson County",120.274914089347,4.50553646429935,0.0374603174603175,-0.551678693887583,-0.22977456643802,-0.777313195101776,0.450605477152207,-0.37904574522076,-0.746820024836444,-0.80596354081253,-0.611932707681949,-0.45132529453752,-0.394625464272573,0.117224683224182,0.413556412596215,-0.421950733076172,-0.603566511853802,0.031752873312465,-0.215037727436281,0.047441097979495
"59","Deaf Smith County",127.619148150103,3.16672824193804,0.0248138957816377,0.135886055387284,-0.209692647415757,-0.0366137519993753,0.344962587171241,-0.341803070846535,-0.757936510221294,-0.72010447792283,-0.81202320653054,0.885979809913397,2.39980412305725,1.44252750106049,-0.1511139737568,0.0769393525192427,-0.499977774741171,0.617815253734811,-0.725480392945252,-0.209676970288343
"60","Delta County",41.1832946635731,0.966744006187162,0.0234741784037559,-0.597752620385383,-0.243886185210422,-0.840620839811383,-0.714267042616221,-0.952097427455486,-0.02953711313245,0.561939790684628,0.118681806759077,0.111189311101496,0.890422330333167,-0.786744222757912,-0.188438986895605,0.594801382028773,-0.990049771808274,-1.21034272997686,0.265794328541309,-0.0321778376761225
"61","Denton County",59.2227778339504,0.561868937350974,0.00948737897648686,2.50527275490833,0.738266974075335,2.48936127191394,-1.0854277653969,1.225163488967,-0.438265779200579,0.895490177887805,4.15365535692531,3.59545135474965,0.39119452658917,0.510032615785024,-0.810266563897426,1.46960565535684,3.35916656626359,0.268653131040809,1.27564176311003,-0.0984387904266108
"62","DeWitt County",75.8523004786559,2.44212171534629,0.0321957501609788,0.0878339996659645,-0.215864542219511,-0.0619368098832181,0.472627963779402,-0.1734772945971,-0.555974481892209,-0.514346605543793,-0.499652470291678,-0.528307148758874,0.501760568095322,-0.277267601041823,0.381859733941793,-0.929982911874087,-0.550831862880869,-1.4779480286445,-0.0119995585685536,0.031841052814803
"63","Dickens County",61.1510791366906,3.14748201438849,0.0514705882352941,-0.560992385648319,-0.256648671199088,-1.63196639868147,0.29997684973376,0.829115073110283,-1.82748072830113,-0.553294502392648,-1.28811870617073,2.10778514529055,-0.856394754158218,-0.17799416324972,-0.873695785214147,-1.64675602447907,-0.925654756184699,0.073499309332575,-0.316400950184774,2.5954899335584
"64","Dimmit County",83.5335427832194,1.20125669931621,0.0143805309734513,-1.52566007031783,-0.211801636594929,-0.207544392715314,0.219943866477859,1.87029222660335,-1.57959945370932,-0.859289545925991,-0.707015018844632,-1.29629025554968,-1.06937197341959,-0.620497363655514,-0.271190360694039,0.867192582568904,-1.44208863978949,-1.03864806508709,-0.226264177922545,2.80497427071718
"65","Donley County",84.1829303815904,2.33032333236237,0.027681660899654,-0.450464415284186,-0.254741276573807,-0.99255918711444,0.0320842155615793,0.553194141554582,0.254213830181328,-0.313020982492509,0.222757489297994,-0.532930408553129,-0.032598395849935,0.0755219391453895,0.786251927380751,-0.685623483724561,-0.158452549247296,-0.202094703847964,-0.755288814598706,-0.5065783067949
"66","Duval County",92.5310477523176,2.79867063145006,0.0302457466918715,-1.19110896539015,-0.219648316923319,-0.846951604282344,0.66480451817661,-0.738635826737026,-1.13807938678014,0.1110624162101,-0.559187261710784,-0.685103886302601,-0.691632408127385,-2.09163376395666,0.634494644858384,-0.948396463622061,-0.878203386162299,-1.30004638970071,-1.02441980394922,2.20404302110458
"67","Eastland County",53.1786847576321,1.25834336360652,0.0236625514403292,-1.46376111003187,-0.21512019309745,-1.2078051791271,-0.624798979190465,-0.727042708461583,-0.323738193335323,0.738644011984532,0.376853809370343,1.25260457100723,0.145324458028125,-0.941568920875335,-0.799263958981609,1.38120747743175,-1.05776345192014,-0.706899031122857,-0.754284892162509,-0.283352342817756
"68","Ector County",78.4749332237518,1.72719334292172,0.022009491081656,0.794026132462303,0.0308096553767401,1.68535418410193,0.403418313096551,0.681175904676628,0.906340260068944,-0.72784403059348,0.328532316590325,-0.230616826930835,-0.234032222053766,1.27150705428542,-0.95167126421093,1.13879011633173,0.232876062016377,0.291084714694124,1.09969991745303,0.619217253268236
"69","Edwards County",98.0577925153955,1.42112742775936,0.0144927536231884,-0.118056283681988,-0.259719111327589,-1.22679747253999,0.242710571096675,-1.86317263327736,1.05871779033708,0.0107124568467513,2.75660051722542,2.97967400556479,-1.40304419722774,1.73203201167426,-2.06194393929444,0.441213141279598,-1.07380907190265,2.98687892709631,-1.34091735573101,-0.298027152553358
"70","Ellis County",99.9622163176754,1.22492260439266,0.0122538560019509,1.44046227829817,0.00184206870987665,1.33716213819909,-1.023462543112,0.30989965365101,0.270620500178826,0.262164394138664,1.2423469511755,1.55176384374716,1.49557120138304,0.474139320911263,-0.493339355638299,0.676781027542145,1.28556135730562,0.971137620800682,0.695372739579773,-0.250893166114966
"71","El Paso County",128.831791093942,2.32384032581679,0.0180377863731032,-0.548134545695444,2.49798583499378,0.799047158167436,-1.11609062167907,0.719529769369417,-0.836810407130436,0.554433470797453,0.180355052329709,0.981663187893415,-0.245863138686843,-0.516185076467329,0.510999148887509,0.200148812275592,1.21907233464179,0.28226880445571,0.218661834438887,0.331167342807927
"72","Erath County",84.6011312658475,1.02399063779988,0.0121037463976945,-0.237485835551957,-0.125426123889132,0.729408748986868,-0.226221036215505,1.62687068904956,-0.832705002703081,0.733133617073308,-0.01320712897039,0.0596503577480554,1.16278060952497,1.13036879866493,-0.769047131061805,0.0865552174972723,1.02969673308687,-0.896318477838635,-0.340979752190272,-0.43217234777937
"73","Falls County",75.6550407773729,1.27248539533808,0.0168195718654434,-0.911615790517089,-0.201256690699069,-1.16348982783038,-0.656723090023793,-0.929523653557812,-0.581652112361101,-0.711964301998011,-0.457976050403063,-0.656298575032921,0.839625706847746,-0.569343702794537,-0.584371437596585,-0.634871730798301,-0.987149743410757,-0.167006176952057,0.108777209905124,-0.394555561362919
"74","Fannin County",72.1875277473585,1.95341403498387,0.027060270602706,-0.166438027607227,-0.190975368450605,-0.188552099302432,-0.908518903173832,-1.1723589206197,-0.0522889627031468,0.642500200183721,0.22670439499015,-0.0208130848384088,0.993619768398247,-0.326306649178463,0.433127485813411,0.0216172917807398,-0.19095135850865,-0.391172130106091,0.0157746093124743,-0.385153842858802
"75","Fayette County",57.965789368265,1.72254937307215,0.0297166551485833,0.580800286577134,-0.227572533618591,0.0203631282392709,-0.379905916316557,1.19588134816037,0.581937249755951,-0.719892185493704,1.03799436543421,-0.608088397112034,0.995742909842344,0.488132519261051,-0.445765243142863,0.538776729448693,0.0912285337964407,1.53702569863864,0.269836785764165,-1.51877037878932
"76","Fisher County",68.6451612903226,2.58064516129032,0.037593984962406,-0.379169341186516,-0.251670836445307,-0.973566893701558,0.627349902160686,-0.936832729919166,-0.709306080535088,1.43751643131453,-0.648454408862936,0.507143278894472,0.0550274092376219,1.56023364107886,-0.629790602825639,-0.11570946397695,-0.407578994204836,0.968777919659812,-1.13338571374833,-0.0147530710885802
"77","Floyd County",105.996976314463,4.19956324542248,0.0396196513470681,-0.0929175581330984,-0.245312854361038,-0.695013256979287,1.31970972783341,-0.859735939810411,-1.03811709611382,0.0183643122525227,-0.161807242338507,-0.953898921895795,-0.90486104948741,-0.926102263146035,-0.0790951690027494,-0.875004700926087,-0.307063119489665,1.77044447535286,-0.778046315441184,0.108727486625221
"78","Foard County",64.3564356435644,3.53606789250354,0.0549450549450549,0.00870883072519823,-0.260789113190551,-1.97382768011335,-0.000876942796653569,-1.05230214769165,0.398972561036426,0.187330108917603,0.43406689766665,-1.29629025554968,-0.404600137634118,0.517732566712762,-0.130718556576104,1.1251839169036,-0.583368860126267,0.0120000060804124,0.8392167309859,2.09671370201863
"79","Fort Bend County",61.9422254895484,0.617074840354727,0.0099621031610956,3.60601924574576,0.62128010372479,3.54026817409342,-0.595472194970578,-0.0053679633247541,-0.51683724562914,1.27183878515373,1.534254019932,1.07310478457814,0.37587755231975,-0.22005431782854,-0.893817462737431,0.456600364030573,2.68015850197003,-0.21066458304754,1.02537138546372,0.0237441294238628
"80","Franklin County",53.1064949713319,1.50390074255099,0.0283185840707965,-0.48854340283693,-0.237466174032648,0.127986124245603,-0.307430967074459,-0.178483818172598,0.304863102182093,-0.619649045880104,1.19044854428864,-0.694171052572567,0.746138332122851,-0.594287467200092,-0.927611284062381,1.65267770127396,-0.876470891013581,0.255880278504835,-0.345669934263648,0.601430410777161
"81","Freestone County",50.2901353965184,1.52702840272829,0.0303643724696356,-0.330045798802457,-0.2135849730332,-0.416459620257017,-0.0862055587817172,0.10872734133291,-0.626403844240978,-0.267114957512976,0.000319176128877396,-0.11058579561363,-0.36583387621178,-0.0662733185709716,0.435534409705761,-0.990258393979364,-0.0186899993347357,-0.266856787645707,-0.638220737196816,-0.783592558280033
"82","Frio County",112.401883830455,1.25588697017268,0.0111731843575419,-1.03129260854,-0.211956709328692,-0.0556060454122574,0.227748788998773,-0.527408853091028,-0.200839520108959,-0.845691753614205,-0.867703115533731,-1.29629025554968,-0.283032543395171,-1.21370112245182,0.648480568064099,-0.672910169046689,-0.48970888143554,-0.00636333033846128,-0.660593302615369,0.154694986355652
"83","Gaines County",65.4633214339585,1.81004575393434,0.0276497695852535,0.681849721078571,-0.228192824553641,-0.156898276947628,1.02004997699819,-0.747406728592165,2.22653960443483,-0.970135999765624,-1.11448057725328,0.153091709462676,-0.934560507336964,1.35198423364112,-0.910398507790613,-1.39312901861587,-1.05314479515104,1.1133401750068,0.45164168003119,-0.581078338019752
"84","Galveston County",83.7463883630567,0.781483511009266,0.00933154881403822,1.30289987521261,0.415994818769791,1.69801571304385,-0.968109972545966,1.03172349411327,0.116004141906267,1.18570615373295,0.838535253359711,0.461570670772659,0.643174220598927,0.0268618271854055,-0.206008133519262,-0.214104264856834,2.07443146966635,-0.335204944879812,0.153025214781382,0.461744913087448
"85","Garza County",41.2524113369936,2.67101943908592,0.0647482014388489,0.324550130080423,-0.251980981912832,-0.44178267814086,-0.0276888479428378,0.07347829493299,-0.751425996959788,-0.768815523822598,-1.1666954278138,0.734490352729498,-0.998359309841723,0.526171191401336,0.604640788971937,-1.67619425665232,1.657267728477,-0.73305330236461,-0.644808166833033,-1.52032577178318
"86","Gillespie County",70.5501368595551,1.23366359535834,0.0174863387978142,0.525247824216638,-0.212763087544258,1.10292385277355,-0.536497210040718,2.04571935915454,1.05686807247129,0.0492257478613177,0.722351472688916,1.58867442298227,-0.320369125791042,1.22396616565891,-1.21973639354056,0.765041067771397,0.901109017524795,-0.525372959336934,-0.291984745410484,-0.206024935667205
"87","Glasscock County",66.1971830985915,0.704225352112676,0.0106382978723404,1.23564348161295,-0.259439980406816,1.67902341963097,3.70099346966877,-2.27149559147473,2.96053405773611,-1.9205099219354,-0.721448425858079,-1.29629025554968,-0.826554370782567,-1.84044698616922,-0.511084846175559,-1.20772458644739,0.100138847623816,0.00131975573571536,-0.302650191469075,-2.09493661140503
"88","Goliad County",39.8135818908123,1.19840213049268,0.0301003344481605,0.563986188177221,-0.243157343361737,-0.619044083327759,0.471543257660458,-0.922874454874602,-1.79430005760361,0.312289146818744,-0.777867220699391,2.03812067073479,0.233188224622591,-1.64856898521219,0.401258093025404,0.561091932378642,-0.398118272560848,-0.202190974010177,-0.751966873739554,0.0727698597805865
"89","Gonzales County",95.4372993481856,1.41064305866329,0.0147808358817533,-0.196027543909034,-0.208203949171636,-0.467105736024702,0.0119120402197269,-0.377716963134539,0.0329916455198443,-0.982638150195807,-0.189466772966186,0.403365583046265,1.95200066839239,-0.708800781384749,-0.37798163652973,0.352916582987514,0.194977407775265,-0.294179254070628,0.517181333462338,-0.249778586482431
"90","Gray County",77.2145283511889,1.74200853584183,0.0225606316976875,-0.130254747227022,-0.212856131184515,-0.137905983534746,0.174022782616015,0.600235399019542,0.481551201983959,-1.35622124489417,0.16661644275582,0.339548917196361,0.225767345171492,0.0156042283491298,-0.327942719318091,0.00950956261424913,-0.401431344910407,0.29907055929361,0.0132833972698055,-0.4016573829725
"91","Grayson County",71.2111363023798,1.78364751954085,0.0250473115885562,0.229847193504444,0.0110068672752494,0.659770339806301,-0.962418778903658,0.679839429534832,0.268794726712986,0.585064991473266,1.20683130257376,0.11637265982031,1.1280144675919,0.133958818146846,-0.318268160170142,0.836271785660194,0.704265965972063,-0.495350141685258,0.235841198142273,0.419710657878581
"92","Gregg County",68.4834929741819,1.79089479911185,0.026150751390368,-0.15860793276413,0.0640882640422052,0.697754926632065,-0.620559130720064,0.819973361359543,-0.351501504935533,0.390883552183303,0.151465184593863,0.0911546090091737,0.98037950350555,0.478056552411484,-0.950501206327306,0.977164975217443,0.69634902526967,-0.337791548414594,0.655393126961241,-0.319749164232601
"93","Grimes County",69.0474449886688,1.90072373711529,0.0275277924827951,-0.0123087922746928,-0.193084357629777,-0.606382554385838,-0.313842697767433,-0.478219556045071,-0.282990326507991,-1.47251093964277,-0.291612207120441,-0.742838710007704,0.88600820299595,-0.472678552105571,-0.27814420046154,0.517586435561209,0.134242848450121,0.144361754897521,-0.316995720677753,-0.341550603309456
"94","Guadalupe County",60.4616638721179,0.848305708169582,0.0140304724323139,1.34287456993789,-0.0173869502766922,1.7549925932825,-0.977295334696434,0.552437147450621,-0.396283789773591,0.219439548602315,0.892627180690654,0.919072825361566,0.979240966403564,0.256932721183342,1.42216648258696,1.23383507198915,0.845096682094577,-0.225256376813019,0.415201344962939,-0.38335481736078
"95","Hale County",164.161380948243,3.90998349118082,0.023817925194072,-0.319990308582902,-0.163403436387605,-0.505090322850467,-0.292805207993069,-0.376228950653846,-0.2179753278814,0.448624697203606,-0.0914544828396804,-0.216817387595736,0.0499115760805668,-0.0569698845811559,0.497011744043817,0.648278162963575,-0.534527093316074,-0.232547892469953,0.405944041182017,0.127521457325262
"96","Hall County",113.797549967763,3.54609929078014,0.0311614730878187,-1.53060539337663,-0.251562285531673,-1.31542817513344,0.419357427544313,0.206227512671676,-0.454817023526817,-0.165668237357617,-0.691275360355985,-0.545344097590181,-1.15061335680241,-1.58420937700876,1.28895160735933,-1.7187606449582,-1.01223675823579,-0.531322694282004,0.949100427000168,2.18503293621766
"97","Hamilton County",66.4233576642336,2.55474452554745,0.0384615384615385,-0.270619500045903,-0.242257921505914,-1.01788224499828,0.062435641623127,0.087910698912042,0.641643956288983,1.16842253172702,-0.331187572921239,-1.29629025554968,0.169372128324546,0.707571684335014,0.124201375034892,-0.762774828133863,-0.329578591418196,-0.957602291517847,0.517904680883922,-0.99894753772678
"98","Hansford County",121.655820679682,3.07302964569776,0.025260029717682,-0.759629528510034,-0.246227783490238,0.134316888716563,1.66424895872594,-0.297836212065469,-0.655713610362301,0.480657453572493,-0.823901867198332,-1.29629025554968,-1.12069071975675,0.353051421722669,-1.18615149408414,-0.38769512397167,-0.175620894818206,-0.0749155686162085,0.742714835481564,-0.752113297211201
"99","Hardeman County",79.9498746867168,2.25563909774436,0.0282131661442006,-0.98076789128928,-0.253500694703706,-1.1761513567723,0.764035186034932,-0.255192048189036,-1.43063692963663,1.78565403509942,1.10524129843847,-0.931403823533644,-0.207729252915873,0.197945653505742,0.366569247123298,-1.70583500766325,-1.16772191416336,-0.375771500424222,-0.501125049253483,0.301608814576285
"100","Hardin County",72.8662511385352,1.23229689425464,0.0169117647058824,0.514038425283363,-0.158580674367587,0.501501228032283,-0.914558584801902,0.103066161126529,1.28515915207968,-0.422358848871824,0.54990637435487,-0.375840396164814,1.00664034742614,0.475970872986497,-0.295228127365838,0.436253694833265,0.385591199880677,0.0358226616892271,0.267653941046849,-0.546668812008766
"101","Harris County",63.2758364289267,0.845206925437723,0.0133574990571177,0.650859029910104,11.3992382893369,1.7549925932825,-0.829468166307019,0.79338403384736,0.917705557099584,-0.0680813743164475,1.08876625936565,0.528632046019285,0.648179879379761,0.832494775073144,-0.998809769126439,0.480578205011411,2.5596597252047,0.461985570671673,1.03910873778847,0.51031896464203
"102","Harrison County",53.6738431973096,1.06597003272978,0.0198601398601399,-0.103055470403634,-0.0820367729823418,0.153309182129445,-0.511254020200395,-0.164216817377107,-0.257373221181957,0.686519980571228,-0.232187164050166,-0.199001384277608,0.940707192925175,0.366288499631285,-0.87959724288117,-0.365842989874918,-0.162378279438577,-0.111371458810597,0.906815007886828,0.429889432272576
"103","Hartley County",54.4579969077478,0.343583576705034,0.00630914826498423,1.19781176021315,-0.256617656652336,0.571139637212851,0.540514796138291,-0.494543662758768,-1.77470952221588,0.0196476975576183,0.159666488690731,-0.796068003790883,-0.16257500583197,-1.61384856213882,-1.09343629880213,-0.947465537870775,-0.595780811075666,-0.349593882636146,-0.650155362359699,-1.75553367129273
"104","Haskell County",61.1436445056838,2.92800551153979,0.047887323943662,-0.524644261166154,-0.247142712619437,-1.01788224499828,0.237249053564178,-0.155913581871985,-0.231386330906263,-1.26224055948015,-0.357509564190597,-1.19598733693142,-1.05379198457131,3.34226429508352,0.411096678640775,-0.41460718434248,-0.845237975736948,0.374189477149307,-0.925389395336825,1.03563754161287
"105","Hays County",74.2135976144896,0.667203851305923,0.00899031811894882,1.06494741403345,0.183633834499834,2.1411692260111,-1.09995621521809,2.33011810248542,0.492258634974737,1.28332109797114,0.979623414838106,2.00191843378784,-0.015622612706742,-0.189894618311255,0.39025414920329,1.89778186618136,2.03658574674192,-0.513665773134324,0.451728008016202,0.162583276323092
"106","Hemphill County",108.622350674374,0.481695568400771,0.00443458980044346,1.54827032097996,-0.256369540278315,0.336901351787305,1.12848935164862,-0.35116314350258,-0.619745222730161,-0.698206574640945,1.47941478759881,2.49072470794621,-0.522829995658163,-0.242468853774219,-1.27695225574467,1.40874096907766,0.252319352737792,0.760225834983792,-0.533891512078473,0.588769520863851
"107","Henderson County",55.6427020718561,1.33020442481208,0.0239061795218764,-0.412632693884382,-0.0445401859585326,0.140647653187524,-0.758021071406121,-0.105402685578969,0.501205902506599,-0.0762261506678478,-0.33508941718707,0.322448837749306,0.0903727677977164,0.277479022370024,-0.558552379501157,0.209356590523257,0.796660243830008,-0.823747407810218,-0.245957265301046,-0.0688683177529649
"108","Hidalgo County",67.2452381604666,2.40370012590243,0.0357452838543973,-1.05478289306929,3.8302311980221,-0.0556060454122574,-0.933176823717921,-0.00347563011142624,-0.268258114622763,0.889508355505566,-0.413972842927752,0.244686343658811,-0.811678643838744,0.0276676001513735,-0.654267471973126,0.54920399513387,0.385048719342912,-0.653830884677834,0.167278761327514,0.499876399248501
"109","Hill County",68.3229813664596,1.33910764146105,0.0195996663886572,-0.32345203472406,-0.169466780277725,-0.137905983534746,-0.603832930413774,0.847490109244356,0.388241539036761,-0.0336234276354011,-0.0363340270885729,-0.184601955693888,0.526631419534632,-0.561730904657556,-0.455674928152564,0.524725504393621,-0.158037891718148,0.296043795644081,-0.367133456676294,0.816379380515919
"110","Hockley County",88.0419370085507,3.91011042839342,0.0444119082479258,-0.0585475628744531,-0.209987285609906,-0.226536686128196,0.459293493464227,0.691490752373106,0.204560782662596,0.641779471865883,0.076850971605849,1.11842288588105,-0.696476168133561,1.06961872051824,-1.05891334291128,0.00572257872008908,-0.252890986727772,-0.293113084448914,0.467430840192912,0.713252368792759
"111","Hood County",91.1256270525822,1.53379768306326,0.0168316831683168,0.855595404544337,-0.157758788878645,1.00163162123818,-0.718214743893963,-0.627959704054161,0.17021339691919,-0.349418871721678,0.490491688829803,1.36235427530474,-0.314750472876836,-0.248423708671959,-0.605930774184482,1.65546237768008,0.851560628579496,0.915045677712155,0.235973105458611,-1.07961802592861
"112","Hopkins County",70.0826630298645,2.39360961897075,0.034154090548054,-0.169982175799366,-0.164116770962914,0.058347715065035,-0.531777306500588,-0.0203475979464799,-0.344415286476092,0.302472567809447,-0.145560216464051,-0.153584041695129,0.656570402776177,-0.407656989037791,-0.62767229393403,1.09582787499141,0.0319034171392046,0.360884848090712,1.40468388994148,0.0319999417066016
"113","Houston County",59.5212044290779,1.31296774475907,0.0220588235294118,-1.34696906379326,-0.18705202828641,-0.568397967560073,-0.511254309782714,-0.881972213276017,-0.48646726704185,-0.581442636740961,-0.477316353597915,-0.926724768669944,-0.276100294750508,-0.558599156422607,0.73697357355622,-0.317692725717913,-0.706118310299454,-0.386567783337022,-0.619406794656169,-0.853283041152793
"114","Howard County",114.987257131896,2.16491737688745,0.0188274547187798,0.0791796843130682,-0.194635084967404,0.400208996496912,-0.0943358595383163,0.0768686840824357,-0.421766966061787,0.379704561933323,0.324676766551696,0.515052749957884,-0.524787403959436,0.203795778888763,-0.0245389836383958,-0.0275573172988497,-0.433966050241995,-0.747208258008677,-0.448382290546261,0.137844199578381
"115","Hudspeth County",125.877903835764,2.16099405726634,0.0171673819742489,-1.94090236315489,-0.244801114339621,-1.3534127619592,-0.092710847278262,1.27929828008339,-1.16090502676185,-2.55490923492955,-1.55074833544049,1.613930379703,-1.04018495720702,-2.26039134442358,2.57806560024763,-2.33237201047637,-0.509200940071378,-1.06747845731107,-0.65302265282381,-0.686034850735301
"116","Hunt County",50.452824339585,1.14036447377162,0.0226025894228659,-0.0474205859921578,-0.00721417894186223,0.590131930625733,-1.05623612442999,0.321895648445464,0.300799261432955,0.158669685473112,0.190344905631476,0.505809668794074,1.28874355898305,0.177881310400736,-0.840899529245739,0.84051927742426,0.458122196200005,-0.0128086775577838,0.235008387109825,0.258659431073665
"117","Hutchinson County",57.7312937707335,2.62624401032068,0.0454908220271349,0.011593602509497,-0.207087425488544,-0.213875157186275,-0.300726312378685,0.170963887534208,1.34193498949986,-1.61392328368406,-0.236135411331268,-0.397422859025108,1.77221017595486,-0.105335608823417,-0.211202546046489,0.703847047531441,0.143988689473928,-1.30346692109998,-0.179942411140293,-0.270742137186016
"118","Irion County",52.7638190954774,0.628140703517588,0.0119047619047619,1.08192635653532,-0.258664616738003,-0.0366137519993753,1.98401196266755,1.24785332241039,-0.0493776621077946,-0.18495992437084,-1.74690350663792,-0.564683791356726,-1.16045005482446,0.222383458245309,-0.512643498530452,-0.732019464783851,-0.946496101944762,0.228283523553075,1.0164091889843,0.535973420325256
"119","Jack County",59.9615341101935,1.3576196402308,0.0226415094339623,0.241880812947519,-0.24036603415401,-0.530413380734309,0.905391048841989,-0.841218046910717,-0.510264562412281,-2.22713691252528,-1.13622757075806,-0.670381433032753,-0.553013227545098,-1.2300097812933,-0.148486656126969,-0.0359778716445488,-0.271314473862076,0.741659808932633,-0.173321970193773,-1.04887824197835
"120","Jackson County",87.0154513418271,1.55868799132556,0.0179127725856698,0.709625952258819,-0.231573410149667,0.387547467554991,0.053993255942051,0.201400408431263,0.66345500749623,0.12768303030992,-0.469136918808558,-0.309642882451295,2.64270938814883,-1.13046583100969,-0.724732607390798,-0.63014731238356,-0.187129359057782,0.559113262612031,-0.868593940854466,-0.316892104008163
"121","Jasper County",55.439566640334,1.35424895609976,0.0244274809160305,-0.653964459153719,-0.172490698586097,-0.410128855786056,-0.842739660361678,-0.338119101857491,0.862536089222225,-0.565468122626077,-0.116862454150922,-0.836239333703032,0.425531697621359,-0.317598043402821,-0.200457973535067,0.216317598498914,-0.630149478959102,-1.47086315065567,-0.577057968331442,1.11794293406535
"122","Jeff Davis County",51.8783542039356,0.447227191413238,0.00862068965517241,-0.27696599797136,-0.259750125874341,0.495170463561323,0.904956226080262,1.87258981599947,-0.231985552063247,1.17119702780478,-0.128456513634091,-1.29629025554968,-1.4102848583518,-2.27634583925404,0.341194068683334,-1.24651236172105,-0.149431278053463,-2.20485160900104,-0.501725973980837,-0.363137663188739
"123","Jefferson County",62.6026224202,1.03309843110451,0.0165024785091297,-0.295016427135972,0.454778509483831,0.640778046393419,-1.06965143012302,0.422858271462961,1.06630063828333,0.122663350868426,-0.240130218752022,-0.205113931171107,0.615304886581524,0.0437379753914158,-0.33770472827742,0.231992026645418,0.693832442775018,-0.304036555956825,0.0600744874063788,0.163728453641434
"124","Jim Hogg County",93.8806537438236,2.09045990117826,0.0222672064777328,-1.52409405134921,-0.241017339635813,-0.726667079334091,0.258681836967738,-1.42514240804024,0.0572103304109772,0.512404481361105,-0.700759428667881,-0.798263962364738,-1.20347888783255,-1.70792236086689,0.934615272328195,-2.65435675539584,-0.699636827003677,-1.68548879689231,-0.984316836994145,2.96624880365139
"125","Jim Wells County",82.7000338835374,1.69417687206544,0.0204858062628036,-0.724600156843549,-0.116509441697779,-0.0492752809412967,0.77558958865512,-0.246158014754437,-0.428648862587994,0.0404834436631889,-0.759891672831857,-1.01439919330195,-0.59289096095257,0.598467604087003,-0.57169589374728,-0.636516514933009,-0.00621752329349246,-0.58857583355548,-1.01004105688767,-0.337217758868316
"126","Johnson County",90.1213063375226,1.32981214062295,0.0147558018704538,0.87067863987367,0.00474192883123825,1.191554555367,-0.860193665379045,-0.318910805159476,0.0731997042367969,0.31525676859036,0.356335636910714,0.416176696616822,0.731798567277836,0.482861012353501,-0.385664842949009,1.96919897029298,0.398144713111531,0.657276340014484,1.00041560434622,-0.251658998879869
"127","Jones County",128.649406580199,1.7527167109019,0.0136239782016349,-0.106599618595773,-0.230658481020468,-0.669690199095444,-0.655227012796819,-1.77869066979869,-1.5058971291863,-0.657761929650337,-0.477508567196785,-0.960914143915531,-1.06703174706847,-0.411662058794549,-0.173917253062918,-1.91028383765258,-0.80445941317409,-0.362892305288839,-0.548907713313764,-1.22429473015587
"128","Karnes County",92.1533452926716,1.72745996943725,0.0187454938716655,0.260178508265071,-0.225137891698517,-0.258190508483,-0.0395007848095836,-0.839747261206583,-0.684998450727047,-0.738424417011776,-0.657978667089922,-0.580481552360162,-0.460762317909992,-0.571957550450034,0.636144904071404,0.00965877974381009,-0.712209810677153,0.512040230095383,0.0393751216885028,-0.876800494630502
"129","Kaufman County",99.6935186152614,1.34085605823146,0.0134497816593886,1.15651831267219,-0.0437648222897193,1.2232083777218,-1.08274621796939,0.121989277251968,0.558266674086918,1.01452395052316,0.938861492769127,0.899242576272636,0.64054215294152,-0.269444304146665,-0.114590351320716,0.729313517860803,1.19025875400382,0.247040223657824,1.08758369996542,0.433044242522601
"130","Kendall County",46.891281695033,1.09164888602193,0.0232804232804233,2.56568811827665,-0.227029779050422,2.57166121003643,-0.866402678062483,1.02723998668739,-0.16417866120092,0.494841159164766,2.41857342066478,-0.111518332491018,0.113582049460629,0.996080372479062,0.0120963492036922,0.441064088482252,1.84009847586297,-0.929372837328323,0.398231546554616,-0.412685677698104
"131","Kenedy County",53.1914893617021,3.54609929078014,0.0666666666666667,-2.06832685396992,-0.259827662241222,-0.63170561226968,2.06897995729014,-2.27149559147473,-1.77141589785279,-0.76303012256996,-2.01928401818064,-1.29629025554968,-1.53256514341499,-2.39964824173501,0.7494006295083,-0.351846723860009,-1.86825198487846,-0.0512412714071976,-1.34091735573101,-2.09493661140503
"132","Kent County",100,1.47058823529412,0.0147058823529412,0.194158445430119,-0.260246358622382,-2.0941122050616,0.281974003240404,-1.74332784346331,-0.105715484468843,1.86433143028791,2.60397460568122,-0.86808529562498,-1.39853636037514,-0.913933777674951,4.41517344961384,0.464897020728337,-1.25168250352113,-1.63965184583651,0.0388120042641286,-1.51385881305394
"133","Kerr County",59.4944938042986,1.20170997419279,0.0201986754966887,-0.098604679650716,-0.157169512490347,0.786385629225515,-0.832820018489317,1.23223945697531,0.980968779471554,0.334957919450598,0.729290279123998,0.539319745821737,-0.399627056562158,1.86486064760059,-0.369964337298347,0.197446380771814,0.425172868979464,-1.09180135429055,-0.622720476730257,0.0441568207786746
"134","Kimble County",51.2184115523466,1.35379061371841,0.026431718061674,-0.725259533251389,-0.247034161705804,-0.739328608276012,-0.539722705118807,1.66688160533965,1.28257518021348,0.364157969015136,-0.649514875296137,1.20028378877663,-0.123932310834672,1.5138927851326,-0.491769092127688,1.58334764492146,-0.701518519855112,-0.141162659458297,0.534062976186056,0.365728578002269
"135","King County",38.0622837370242,0,0,0.582695993749673,-0.261843607780137,-0.473436500495663,5.123680718983,-2.27149559147473,0.762380696701914,1.28299289917302,0.606501812815952,0.718791908801844,-0.901841458521601,-1.9504217682699,2.51013892346434,-2.93870969452462,1.27504341027656,-0.454465368451527,-1.34091735573101,0.912995521235877
"136","Kinney County",71.054805838612,0.826218672541999,0.0116279069767442,-1.23372116574679,-0.256509105738702,-0.789974724043698,-0.609908133529321,0.280466669916709,0.969508442934599,-1.11456824195762,-1.48187449334119,-1.29629025554968,-1.43216352130858,-0.855161714681211,6.21078522699612,-2.45746345969516,-1.464111151601,3.36299132898931,-1.34091735573101,0.495028436381792
"137","Kleberg County",62.8091312618897,1.99746353836398,0.0318021201413428,-0.67539419240851,-0.153401245059914,0.552147343799969,-0.216443420919347,0.921491119014586,-0.327189187845107,2.16882453536139,0.0223780457013278,-0.133049895170852,-0.610766677435182,-0.415107957301678,0.233838898818539,0.565707530465284,-0.505699897034264,-0.664767267170882,-0.949958624137135,1.57827097020707
"138","Knox County",55.1558752997602,3.19744204636291,0.0579710144927536,-0.294686738932052,-0.253795332897855,-1.68261251444916,1.32706970263143,-1.04656298324361,-1.01649771873811,1.06535883676524,0.204902807489002,-1.29629025554968,-0.804031390680421,-0.814295665780414,-0.348519440571251,-0.271393699057253,-1.38415266742586,-0.531629700787439,-0.840935493329362,-0.41038386798382
"139","Lamar County",100.321855832878,2.26716058379385,0.0225988700564972,-0.634348011020487,-0.127953809449463,-0.315167388721646,-0.936861086721441,0.193094786687494,0.373127960610506,0.72596653593497,-0.26812230104913,-0.429842859867954,1.73105105249784,-0.745462429554861,-0.476734326556711,1.23707441228448,-0.487696822745328,-0.351220004177467,-0.361480955393231,-0.0809193861491428
"140","Lamb County",134.575104727708,5.46080191502095,0.0405780989438577,-0.509561025836821,-0.220346144225251,-0.979897658172518,0.767932347901877,0.146507563694239,-0.531413204939044,0.0531714105487787,-0.137886134143499,-0.316108345488654,-0.472406292529802,-0.581187982170435,-0.0257801066232759,-0.0497978133509526,-0.32098606118502,0.217385975982355,-0.117715384016076,-0.853495713671115
"141","Lampasas County",44.5953206662433,0.830361940116251,0.0186199342825849,0.376888132452701,-0.224331513482951,-0.00495992964457188,-0.836810618980328,-0.0856607380818992,1.41619984133081,0.287167065821831,-0.24541142481422,-0.514047032710635,-0.328381371991698,2.0963686409629,0.833760649051169,0.547900244643844,0.282046504298182,-1.29847121887152,0.269574004597135,0.56463033123601
"142","La Salle County",109.733081693179,2.02210838500944,0.0184275184275184,-0.436287822515632,-0.253702289257598,-0.770982430630816,0.733593536572253,1.99884531641591,-2.01332228374141,-0.813368075122356,-1.85852884434214,-1.29629025554968,-0.549663310391593,-1.97439255191147,-0.779443262450485,-0.861729764083499,-0.61538634512927,1.67346213454207,-0.889209172548841,-0.443666728789654
"143","Lavaca County",93.7610151568558,3.12201017171056,0.033297529538131,0.149485693798978,-0.230518915560081,-0.207544392715314,-0.051626656317936,-0.618507934774711,-0.01444988658871,-0.00430061539352043,0.95579311353451,-0.343238277672057,1.40001891451709,1.04328535786274,-0.815508982174151,0.52585646051343,-0.538183170670895,-0.18599155372415,0.555586468428393,-1.04835870257671
"144","Lee County",70.1483679525223,2.01780415430267,0.0287648054145516,0.481893825401176,-0.227091808143927,0.305247529432502,-0.342452323440726,0.243648628135725,2.17991368749964,0.179312210130583,0.682859976447306,0.604583987914266,0.35783726473038,1.45797996634147,0.395132283251654,-0.710698991996878,0.159657846387015,0.666041212154476,-0.24321660844874,-0.350254832522059
"145","Leon County",51.5737357067075,1.65035954261464,0.032,-0.413704180547122,-0.219493244189557,-0.732997843805051,-0.298013492204872,-0.13342174180927,1.86201504466394,-1.8363135478412,-0.0640395445413229,-0.0949136144783798,0.296565142158842,-0.313643137831383,-0.0162651807935509,0.162064296856286,-0.369044962740395,-0.116440588226715,-0.25072181219062,0.234032520262643
"146","Liberty County",64.0428621501177,1.38951479645486,0.0216966379984363,-0.127782085697624,-0.0793074928681192,0.178632240013288,-0.740796092689592,-0.919115341997393,1.10964491291269,-1.20805769785867,-0.964847789742659,-0.180911856106344,1.19190157146435,0.304710465302138,-0.742001405150989,-0.825905636063881,-0.488784154381851,-0.238826638953203,0.555017535969571,0.292163920982916
"147","Limestone County",60.4770017035775,1.44804088586031,0.023943661971831,-0.786169428925583,-0.189564206573365,-0.549405674147191,-0.33558190304617,-0.803063283545199,-0.682783977153924,0.686675244918254,-0.892733071122015,-0.76304012658042,0.295660522343164,-0.649112371332899,0.350368502891466,-0.633358782669109,-0.32367715977462,-0.245054040268291,-0.222090821901903,1.30105230686282
"148","Lipscomb County",70.9585121602289,2.86123032904149,0.0403225806451613,0.798559345266201,-0.256400554825068,-0.156898276947628,1.68398108723516,-0.873928972416189,1.40309153554452,-0.416112421381635,-0.406354957554571,1.1197903767007,-0.567711300415706,0.213697935125869,-0.272443352533403,-0.472656059236657,-0.728612829064911,1.91576014755779,0.00130863110260118,-0.0373060441967266
"149","Live Oak County",80.2956074067923,1.32857261479698,0.0165460186142709,0.130693466175546,-0.23558979395412,0.229278355780974,0.428693539703903,-0.0169039125101054,-0.592355983602982,-2.58962054089104,-0.083919044942206,-1.29629025554968,-0.363332896784907,0.135119790153817,0.403050199777585,0.148589056859212,-0.127542662770245,-0.586595375136443,-0.617509119627226,-0.985952793643564
"150","Llano County",39.8613518197574,1.48551621688537,0.0372670807453416,0.0518979854386998,-0.223308033440118,0.273593707077699,-0.841093393108192,0.566879717076057,1.36551336555235,-1.51100154648236,1.03512724227924,0.145548678586469,-0.63673918972753,1.15613954671204,-0.400055775770445,-0.637677590084291,1.6749489828424,-1.23747068335629,-0.332118666882303,0.601241354264195
"151","Loving County",13.5135135135135,0,0,2.55868224394335,-0.261812593233384,1.191554555367,3.40181864419714,-2.27149559147473,-2.73692173902517,-3.1948849756308,5.30554325168437,-1.29629025554968,-1.53256514341499,-2.87174442657652,1.50922348594147,1.69469666567804,-1.86825198487846,1.50923960582911,11.3376767631432,-2.09493661140503
"152","Lubbock County",152.998570671248,2.17419021480194,0.0142105263157895,-0.0672843002783294,0.569408274281183,0.931993212057611,-0.919823790635307,1.61115990400274,-0.169358365300487,2.48371691246313,0.925127359723975,1.28096793393812,-0.354339347333515,0.755790816850973,-0.485435794559338,1.31737447798762,0.712644811843375,-0.368097609236836,0.955723928870642,-0.154550636766153
"153","Lynn County",98.7035436473639,3.11149524632671,0.031523642732049,-0.409830344151063,-0.245995174389594,-0.511421087321427,0.462655985505617,-0.669736737349868,-0.612260508785556,0.560464975453747,-0.239040778521141,-0.0882859433679875,-1.01266784152836,-1.23781014604121,0.0850777210288967,1.2736959493818,-1.05894902980384,0.31603277362356,2.08804826446681,0.828432142823139
"154","McCulloch County",57.3357888275015,1.47329650092081,0.0256959314775161,-0.620418684404873,-0.24190125421826,-0.498759558379506,0.579346988779524,0.065541319308757,-1.10371564683839,-0.605197504834863,-0.249094945374958,-0.688549391617264,-0.335274258948556,3.06153955838191,0.0145507109102597,0.125082023305566,0.113551455506428,2.37220032056775,-0.699149003068184,-0.911235834211513
"155","McLennan County",89.1014162461338,1.39996744261761,0.0157120672330319,-0.29938479583791,0.446544147321034,0.596462695096694,-1.09425466662335,0.757313870725728,-0.142793612651657,1.43638327710251,1.14487919790345,0.421966664870934,0.815840371298537,0.285324840386538,-0.219292083709857,0.951067072356291,0.662446393985857,-0.555254606027981,0.179284438348422,-0.146930756988204
"156","McMullen County",116.666666666667,3.33333333333333,0.0285714285714286,1.77163407913567,-0.261347375032096,-0.220205921657235,-0.49574896527258,2.51722532382879,-1.69969260679427,-2.22441623855344,-0.212493291613938,-1.29629025554968,0.13832701848174,2.00973012468473,0.580719955380136,0.352544954399599,-1.63532573636569,-1.85378698716114,-1.34091735573101,7.38825305768466
"157","Madison County",83.1246870305458,1.50225338007011,0.0180722891566265,-0.485493786950671,-0.238489654075482,-0.194882863773393,-0.323000970458215,-0.678566751345865,-1.1453511770141,-1.01320904628146,-1.56949277929001,-0.567248260685394,-0.241654824473385,-1.12891620460563,0.143584265241176,-1.07362464011856,-0.0237040407935071,-1.00290306880746,-0.401291952829965,-1.31479009738735
"158","Marion County",39.5463510848126,1.9723865877712,0.0498753117206983,-1.0678879991751,-0.227494997251709,-0.751990137217934,-0.766665173567866,-0.769707375432795,-0.826640275079208,0.459716636174036,-1.12123418959127,-0.520960564798449,-0.341638777350886,0.344934608009295,-0.654608137396739,0.420355077272565,0.17157551689017,-0.557457304284656,0.813621982982166,1.287463385624
"159","Martin County",102.577970073914,3.24499729583559,0.031634446397188,1.74905043716716,-0.256074902084166,-0.682351728037366,1.50634931337409,0.0205639055742788,0.404496941609248,0.128595221107323,0.0132334027272783,0.435982919267382,-0.809626403816619,0.464333859599367,-1.15675890235886,0.540547817147634,-0.759679249933966,-0.0994138547805737,-0.181104681950039,-1.38260038843994
"160","Mason County",82.4842309558467,0.970402717127608,0.0117647058823529,-0.737293152694463,-0.253965912904994,0.488839699090362,1.65647954075061,0.237877813924495,1.32065219528421,0.276721569841462,0.373990452235225,-0.731167746575792,-0.758696866765715,3.00643718206148,-0.437793397524526,0.369226047216966,0.28470533398047,0.374612613745505,0.154817529575982,-0.887106777277885
"161","Matagorda County",70.8142826039626,1.95950359242325,0.0276710222905457,-0.411973317476542,-0.146252392033456,0.146978417658485,-0.460646354330734,0.361753540185069,1.0506413683415,-0.0683059235605432,-1.23449248769935,-0.487986967383526,0.625377052491065,0.664505767912361,-1.37629741752497,0.445694675405442,0.275019423301577,1.81558351081738,0.183818551725283,0.255815962329239
"162","Maverick County",144.768665935863,3.88021784900211,0.0268028846153846,-1.00228004659505,-0.0453155496273458,-0.416459620257017,-0.299834541250316,0.521945773484128,-0.683525338761199,0.379086387359657,-0.500813970797234,-1.08856193548042,-0.739647215528799,-1.12974228041184,0.822695530918103,-0.100167150975482,-1.2432893511907,0.212054623916708,-0.499012088499073,2.18702771691495
"163","Medina County",67.0058498805306,1.27708659471039,0.0190593298493698,0.775646015093771,-0.171281131262748,0.153309182129445,-0.388045753192067,0.254153231058571,0.757861883465343,0.597452178518679,0.646912069222313,-0.744496107636497,-0.366756572473537,-0.32418707483371,0.015622015638402,-0.513612921702189,0.865085820545546,0.375975949526595,0.232733169622737,-0.180640270524272
"164","Menard County",84.7856806406029,2.3551577955723,0.0277777777777778,-0.987196811265717,-0.25888171856527,-1.59398181185571,0.488103627621233,-0.715104903034111,5.72751288928398,1.6841520833856,-0.181004239855592,-1.29629025554968,-0.888620919671975,-2.30736377790589,0.967016090714102,-1.92000447201994,-1.14412893250716,1.88019511278032,-0.457058698362481,-0.0476158711006913
"165","Midland County",83.3984851422603,1.26342387871131,0.0151492425378731,2.13643407677299,-0.0493319334317985,2.93884554935215,1.12052833591595,0.575086195147029,0.443214489464332,0.0118932175320954,0.475233754079912,0.0969299126534964,-0.509344834949208,1.13843485319355,-1.00135004725077,0.488181458209512,1.18589753309512,0.223392298793535,1.25699243268119,-0.641266280767793
"166","Milam County",64.4225662813023,0.776175497365088,0.0120481927710843,-0.669789492941872,-0.20237321438216,-0.606382554385838,-0.219063916920047,0.00852165873412484,-0.19141170516875,-0.133840172697312,-0.0308473102388549,0.345229146359457,0.109354520704812,-0.195960568181531,0.0288110245601945,-0.699082136153059,-0.911959326864108,0.834394779442604,-0.410109526189432,-0.316120242385182
"167","Mills County",70.3908328217721,3.27399222426847,0.0465116279069767,-0.294769160983032,-0.251097067330385,-1.33442046854632,-0.188185049809331,-0.434202422619787,-1.43163032031839,0.0702353127772315,0.90884828270094,0.252853123101574,-0.609420302588066,1.59592579166582,-0.0791799503837026,3.08288178708501,0.0906734937126627,-1.19516517908225,-0.435859422488562,-1.1085192970771
"168","Mitchell County",60.9756097560976,2.39343514930476,0.0392523364485981,0.189542810575241,-0.254307072919272,-0.460774971553742,-0.00244388706311211,-1.73116806626952,-0.662227042119278,-0.582471694346413,-0.227731781899547,-1.13035717329028,-0.893736364440027,-0.474352403348977,0.919862825838715,-0.977086816663871,-1.16740254782157,-0.0828600372568962,-0.684053138624334,-0.356604032066158
"169","Montague County",88.2716685561167,2.370400906936,0.0268534734384121,-0.272185519014522,-0.21628323860067,-0.0366137519993753,0.428824389126846,-0.0469094299029863,0.377812244317904,-1.02411763230243,-0.108774603095165,0.519267000072511,-0.219903569440297,0.613291699140055,-0.645696154866142,0.741116596351552,-0.575550914857577,-0.157189365142735,-0.394703466233306,0.177393181507837
"170","Montgomery County",61.6719015970119,0.609132882525174,0.00987699206204933,2.01346037671088,0.589536715123575,2.53367662321067,-0.559229701087909,0.513089782323647,0.532696931701397,-0.271951647856249,0.907707033420634,0.325039355953234,0.483810642612381,0.471539898797832,-0.720334781779251,0.471550767441709,1.89743697992643,0.465620855304096,1.264132699087,-0.208559388387329
"171","Moore County",96.1119186046512,2.5890261627907,0.026937618147448,0.212208874594731,-0.204978436309372,-0.042944516470336,-0.243837332313004,0.625750165785576,-0.542656348688407,-1.2692089415296,-1.31514773393544,-0.25145148160551,5.02885484024891,-0.289668209211604,0.146677775004805,-0.333855950827538,0.229734710256085,-0.355615568382094,0.655908566022752,-0.458121534073051
"172","Morris County",53.6312849162011,1.19712689545092,0.0223214285714286,-0.796801873501998,-0.231837033797064,-0.606382554385838,-0.862909332734527,-1.411589601097,-1.49522684808634,-0.176616852532821,-0.12453300883615,-0.761802979155242,2.03155221563339,1.63325131397656,1.48832279869615,0.148284773157088,-0.92018824392465,0.194160923970691,0.220814839689323,1.39282867657489
"173","Motley County",70.9156193895871,6.28366247755835,0.0886075949367089,-0.766223292588431,-0.259889691334728,-1.33442046854632,1.75878919529503,0.372187858176675,0.126165856675025,-1.73589704921082,-0.851519814295518,-1.29629025554968,-1.40984579090095,-0.84012044979895,1.33825197545741,1.60758006516694,0.201738913035737,1.49478754533362,-0.739342615543338,1.09733998276789
"174","Nacogdoches County",53.5995474767241,1.69696228463103,0.0316600114090131,-0.693362199522142,-0.0310333508478056,0.330570587316345,-0.679657794856437,0.340993223290465,0.0923823217336981,1.71856797691133,0.0987804191943385,0.493226918091079,0.618050656725049,0.329785258783857,-0.913211411046179,0.11246457466174,0.265121843437879,-1.13901433086196,-0.242622929212473,1.1308353556532
"175","Navarro County",99.4630900308879,1.47183813926491,0.0147978324301792,-0.39491195292369,-0.123782352911248,-0.00495992964457188,-0.747581764225037,0.298623699912077,0.348060324177391,0.339382812183339,-0.0911017050387043,-0.0226559005672835,1.24758952159318,-0.131239725889739,0.171365169647153,-0.149430448232456,-0.267575117986878,-0.0768069996459463,-0.318438581753868,1.3715582267608
"176","Newton County",33.0584337774019,1.40974131246916,0.0426439232409382,-0.800675709898056,-0.227851664539364,-1.16348982783038,-0.451930998785361,-1.53227667242808,-0.48875117328892,-0.402999478547557,-0.750824468127468,-0.598461350674861,1.09491671596624,-1.07001214828944,-0.596591435492369,0.447593202801482,-0.902856664334946,0.150584457944315,-1.06694155314409,1.52579203977111
"177","Nolan County",93.3288859239493,2.53502334889927,0.0271622587562545,-0.649101558145901,-0.224083397108931,-0.530413380734309,-0.233923444370407,0.718659696533339,-0.380840888293873,0.846116411313839,-0.5728871723634,0.160577853600397,0.86904467142839,-0.45602289474974,-0.105068073324608,-1.60203622353292,-0.824046254387593,1.63042513040512,-0.348427390111711,0.451416852109715
"178","Nueces County",89.0583680164247,1.44218430948104,0.0161936979264549,0.282102773825742,0.643765650120375,1.43212360526351,-0.871083998432188,1.64921923051498,0.373168513914973,0.815355313624995,0.647930285663043,0.547521954032241,-0.137444569238233,0.499204384766273,0.508840220861979,0.626785239843965,0.98760975536148,-0.421944774646167,0.210694532867438,0.206966833021932
"179","Ochiltree County",92.0450209843571,1.81228538725677,0.0196891191709845,0.018599476842794,-0.241048354182565,0.0140323637683102,1.70527726114475,0.448538083709595,-0.0434304069967222,-1.20754698303081,0.110812641526002,0.00907320488463732,-0.728443581682231,-0.446330013381787,-0.608361166247571,-0.414072502381461,0.0513233557838126,0.183218943775499,0.742927445351745,0.814664695561635
"180","Oldham County",80.1728276524244,0.960153624579933,0.0119760479041916,1.03288523620224,-0.259362444039934,0.127986124245603,0.015673616224903,-0.0300155663086548,-1.61653501433985,0.522480418477844,-0.353879219809028,-1.29629025554968,-0.460592255539899,0.323913857756336,-0.0320532856797882,-1.41348066045184,-0.459288599731608,0.868373170598883,-0.440085896492706,-0.918832915846618
"181","Orange County",70.86248197452,0.96533149006662,0.0136226034308779,0.310950491668729,-0.079648652882397,0.317909058374423,-1.05781676057546,0.439634169117027,0.306753469636038,0.0842060462870607,0.365682324816272,-0.0678463704709212,1.72812198843281,-0.542596299248698,-0.709784220098307,0.482337172129639,0.82413105427747,0.262486227477544,0.235653107941944,0.117381945274597
"182","Palo Pinto County",81.753175139635,1.77878971148031,0.0217580504786771,-0.397879146758968,-0.183717964510513,-0.0302829875284146,-0.449819386489673,1.48244319570066,0.348861682043135,-0.942448512496441,0.263871078324012,0.713343609520806,0.863540874343831,0.301540043306989,-0.651720935270156,-0.0590915286816727,-0.212602034583135,-0.502422278815052,0.227838215276306,0.719308191196387
"183","Panola County",52.0912870111139,2.07856112666497,0.0399022801302932,-0.0156880963648714,-0.207568150963209,0.222947591310013,1.01102590129476,-0.958223311953337,-0.252086104735695,-0.415721986542117,-0.143054401384472,-0.542835528406364,-0.169762933579969,-0.652327620720682,-0.455166027597844,0.269255537620052,0.494209456514733,-0.742636721444052,-0.306149599528667,-0.784196261650331
"184","Parker County",89.8200265157229,0.912966506037487,0.0101643980908609,1.70726245732031,-0.0861617077004284,1.24220067113468,-0.640147106780571,0.162915654775844,0.539338281666376,0.489325018955606,0.915461761576489,0.804977972649513,0.93362915772178,0.439543903207513,-0.0940496106386037,0.340930046785991,0.484994157697933,0.884526020275225,0.0444749376582005,0.0488185057907271
"185","Parmer County",112.754533481917,3.2418194711782,0.0287511230907457,0.0425018716269838,-0.236008490335279,-0.26452127295396,0.51096452034301,-0.183009770343976,-0.62484539844761,-0.595712312311605,-0.712376330237549,0.739104002343834,2.87160627455725,0.135877970338019,-0.464548075495606,-1.26932672419905,-0.792227576795968,0.33070659968475,0.0847983237290664,-1.08618885002886
"186","Pecos County",83.0802328524424,1.64515312579094,0.0198019801980198,0.0534640044073191,-0.237497188579401,0.406539760967873,0.380923589281842,0.110138576728617,0.482268904857748,-1.51628970129791,-0.551352296520525,-0.798831190489095,-1.25287207427717,-0.588870809899848,1.46628993678969,-0.107669128481774,-0.630223329153794,1.34149304116962,-0.577643710435945,-0.929839593298907
"187","Polk County",53.0506237493081,1.49018606037382,0.0280898876404494,-0.546238838522905,-0.136079620698626,-0.410128855786056,-0.770547504685639,0.459586141419666,0.873308667577463,-0.54459614119804,-0.253803234142414,0.259592201978902,-0.214190308583154,0.169293087504763,0.51279778122343,-0.0210434849984435,-0.245295431503628,-0.222481963205894,-0.670392166333766,0.704489242855705
"188","Potter County",131.543347356265,2.4911325579477,0.018937731234715,-0.662866040659555,0.121341117347376,0.406539760967873,-0.996998820985938,1.24509171764756,0.354103211455061,-0.0377863767897938,0.141174479906543,-0.280296898519733,0.916768578417835,0.601766631811218,-0.483713583982726,0.643383240758459,0.499629799062288,-0.112052376988865,0.509842740272651,-0.571509086819351
"189","Presidio County",85.5235711305799,2.64219162842442,0.0308943089430894,-1.92936327601769,-0.23264341201263,-0.897597720050029,-0.096468812407167,1.87393448748013,0.55174801690092,-0.331836353923874,-1.56702100777596,-1.29629025554968,-1.48820573531669,-0.20578950041268,0.069532988686722,-1.40630937947488,-0.896511273519389,-1.20406424372225,-0.986782160325302,0.80633126121315
"190","Rains County",56.1977592032723,1.77841010136938,0.0316455696202532,-0.130749279532902,-0.2393270468378,-0.251859744012039,-0.847092299725098,0.24507390963178,1.48956100901689,-1.28330190584195,-0.505859810083687,0.205435124090203,0.85816701715702,-0.433098546280131,-0.761682493696067,0.921158702146929,0.673100557582574,0.459411226484036,-0.00609115648264542,-0.134380326447396
"191","Randall County",115.693363563944,1.59323487958821,0.013771186440678,1.29152563217737,-0.0720811034747796,1.12191614618643,-0.88050087150609,1.18436369092095,-0.102574892408798,1.99227738296978,2.12928198000885,1.26640582944607,0.0685486614541884,1.42142636029417,0.24432104630458,1.41433704199586,1.06384401369594,0.660062160296777,1.20927441958237,-0.48840017498097
"192","Reagan County",95.8500669344043,1.87416331994645,0.0195530726256983,0.813148048289655,-0.251655329171931,-0.106252161179943,3.36496749027667,0.0940171498197809,-1.46642019151342,-2.14900565801122,-0.103650476760522,-1.29629025554968,-1.3007509698039,1.04911866680601,-1.11855656056189,-1.17646589740489,-0.277992456879634,3.83725115726568,-0.76675574025015,-0.592691036872748
"193","Real County",78.3204288266826,3.57355568790947,0.0456273764258555,-1.10456581186119,-0.251810401905693,0.0963323018907992,0.0675696444070814,3.24736978738906,-0.211803169642321,-0.704430071999954,0.111416183488252,1.39178614564527,-1.32900743242535,-0.611924868761606,-1.58975860969208,1.35588437222753,-1.2647801677072,-1.09651682524242,-1.34091735573101,-0.141629229693582
"194","Red River County",44.4426455112119,2.50951185946734,0.0564663023679417,-1.19827968382541,-0.23106167012825,-1.25212053042383,-0.607911377072165,-0.70148671047584,-0.627281817767066,0.417785346793267,-0.255348442822878,-0.801287679031853,1.92030621695092,-0.608526093676463,0.51233401201974,-0.715240789235676,-1.04802274418345,-0.819856046919851,-0.429511901383052,0.911822303077388
"195","Reeves County",102.900412412954,2.23108647150294,0.0216819973718791,-0.0415686203725803,-0.236923419464479,0.343232116258266,0.281044101629903,0.312102062782731,-0.6699669237655,-1.0459378466327,-0.758647124247277,-0.607271389603642,-0.873249731747143,-1.75564278425768,1.49352976120073,-0.848636957359493,-1.38164383944917,0.357182267619673,-0.625047075358401,0.298674915735452
"196","Refugio County",73.4951323186617,2.33100233100233,0.0317164179104478,0.0365674839564263,-0.24368459065653,-0.296175095308764,0.458393505939866,-0.311488470649141,0.473752559632798,-0.675128726610208,-0.0422937538172391,-0.577624588543191,-0.18915309895967,1.27205993053916,-0.0689847427072796,-0.796117430024286,-0.248978599495572,-0.868465847359695,0.239591801239778,0.657394591973533
"197","Roberts County",55.1181102362205,1.12485939257593,0.0204081632653061,2.41271279165783,-0.261548969585988,0.476178170148441,1.88185801264547,-1.30190080547401,0.675783786031503,0.360959908315897,-0.555966444358339,-0.64121855082798,-0.353594295977885,-1.37420647241109,-0.278368757286853,-0.63145188298573,0.0968176032495147,0.0529113762401075,0.317507136115951,-1.20599869716715
"198","Robertson County",63.908650684522,1.49458958569977,0.0233863423760524,0.189130700320341,-0.223152960706355,-1.04320530288213,-0.0768430582007993,-0.669720406377388,0.425551253368916,0.722055259895554,-1.12490802631286,0.235591420895229,0.355392162727665,-0.221378889796036,-0.20821904157329,0.451429818421341,-0.117858642494584,1.08710687358004,-0.755979697794239,0.753932168841023
"199","Rockwall County",90.9372442320879,0.862698254695069,0.00948674288494284,3.5750285545773,-0.181019698943043,3.44530670702901,-1.05235124595421,0.0189487642920852,0.641868162652731,1.2305583677814,2.23361047191963,2.26881653801013,0.567150934282684,-0.138856086534388,-0.220549626859439,1.01358477801653,2.12282621314377,-0.223988600131066,0.448354643089669,-0.0793716014765489
"200","Runnels County",105.688681083187,2.72744983440483,0.0258064516129032,-0.714462244573013,-0.236814868550845,-1.20147441465614,0.277021729862532,-1.49483278960639,-0.205985662424348,0.35033698572454,-0.171309867688689,-1.2111998485512,0.753470304693016,0.279518301111922,-0.251430004050803,-0.140858567747766,-0.166569865410537,-0.707212256693529,-0.531457699481601,-1.02492933495569
"201","Rusk County",57.8018330630257,1.22581375174443,0.0212071778140294,-0.0514592664901761,-0.144515577415314,0.0646784795359957,-0.142421391188951,-0.189423387229214,-0.336815856538627,-0.606253175853798,-0.596367321816112,-0.0772312891891666,0.199956431790214,-0.0422121803346628,-0.462171921434262,-0.38413169157485,0.299535584258409,-0.214596551977143,0.0796185867870597,-0.27821647935969
"202","Sabine County",43.3406846293988,2.68482117173267,0.0619469026548673,-1.34622726533444,-0.230100219178922,-1.13816676994654,-0.624565727612499,-0.804436110758,-0.469319455501868,-0.716211858563603,-0.678353897974841,-1.12876928167943,-0.379010290058343,1.63446775256178,-0.947002800492243,0.202735017265891,-0.936904342440788,-0.764036436709188,-0.171408530114266,-0.132343422305538
"203","San Augustine County",59.0265381411401,3.09413304772105,0.0524193548387097,-1.44241379882806,-0.231263264682142,-1.1444975344175,-0.624214261306522,-0.96361572706659,-1.22792184118835,-0.80216041842814,-0.587268519081005,-0.603253547829114,0.289575541396608,-0.47940838671917,-1.11847235961769,-0.730757332651103,-1.12814359081789,0.225404005975211,-1.26116556939648,1.52582187028755
"204","San Jacinto County",23.1083248286922,0.765417699373086,0.0331230283911672,-0.53354584267199,-0.189440148386355,-0.16955980588955,-0.634142271530706,-1.23471901191127,2.49440138287491,-2.18181525828089,-0.280718805272018,1.33574373051612,-0.117436922428614,0.359970424985454,0.920797420175698,0.587011710111738,-0.401213942051279,-0.11288636717042,-0.476233698341268,-0.055615316477591
"205","San Patricio County",51.594957153753,1.66001166494683,0.0321739130434783,0.283339104590441,-0.105980003075295,0.761062571341672,-0.367597409316351,0.510770811377825,1.83751514456303,0.0808800677725581,0.0623879212618164,-0.717127790124435,0.153463108813998,-0.492518600238542,0.239507112293779,-0.373379074381945,0.101625436479923,0.0188105395457309,-0.102173781077792,-0.343438975601752
"206","San Saba County",83.2336352760212,2.56366433088361,0.0308008213552361,-0.790702641729481,-0.24808865629539,-0.676020963566405,1.07961302452765,-0.344057930298897,1.27833032814794,-1.43094693630861,-0.129426003039943,-0.649335573318549,-0.161811019828542,-0.346098421122914,0.301744498373812,0.201730883480797,-0.900877546515737,-0.920650047916043,0.537484605187244,-1.00090943201082
"207","Schleicher County",60.5381165919283,1.92184497117233,0.0317460317460317,1.11580181948809,-0.257036353033495,-1.36607429090112,1.73414980020224,-1.07508229424963,0.851186726091331,0.882647658334778,0.932231902860418,0.475781519667204,-1.09467482086328,0.155901253403231,-1.04618587599864,-1.63207764454251,-0.323865904092322,1.45939033545037,0.762705883723462,0.41103119032431
"208","Scurry County",130.865905684308,2.65190822091548,0.0202643171806167,0.384965493448738,-0.231170221041884,0.419201289909794,0.990023693273347,0.093049239585726,-0.418314590273115,-0.898283377640776,-0.35686155790135,-0.524109283196134,-1.11222813215201,-0.607609662540691,-0.909161925975081,1.29817808455817,-1.09075689731422,-0.0602528309187876,-0.274604800000222,-0.605158458040022
"209","Shackelford County",55.8542413381123,0.29868578255675,0.0053475935828877,-0.264520268273385,-0.252911418315408,-1.01788224499828,0.831996453094768,1.07545988696321,-0.250731838740531,-0.589688121757088,-0.756473295311439,-0.51355000622496,-0.797568591261001,2.97361855025147,0.674386656545424,0.548791932861505,-0.115043662739336,-0.528856326159708,-0.700387596525212,0.572328503606757
"210","Shelby County",49.7489197711083,1.7517225271517,0.0352112676056338,-0.970382712865804,-0.171250116715996,-0.821628546398501,-0.118011696987786,-0.423227154586005,0.121726809456581,-0.0427775802292671,-0.162486354536242,-0.559529025892172,0.81253421431592,-0.39454884356836,-1.25954686745585,-1.07929332607455,-0.94884205848215,-0.625810283291113,-0.516561614597353,0.227655483837655
"211","Sherman County",38.4740789044669,3.58656667753505,0.0932203389830508,0.417604625636804,-0.255051422041333,-0.359482740018371,2.09864728883603,-1.17072994253799,0.00241832327358745,0.109701243613477,-0.0398849828809596,0.127801883749939,1.48362872858047,0.29701072867206,-1.11413491283796,0.842029242069831,-0.934116720220141,1.04511421970572,0.407121145916378,-1.47653493751591
"212","Smith County",69.3099151059264,1.39015732621909,0.0200571206023627,0.0698659925523321,0.287548073394187,1.03961620806394,-0.889680472005215,0.793021234815661,-0.270622809705733,1.3251789575906,0.269554380693972,1.7520431320093,0.254127528455531,0.399679067408129,-0.803289118284853,1.15688399016603,0.48168576077172,-0.514650791617316,0.313687746012779,0.32374740743997
"213","Somervell County",102.080924855491,0.92485549132948,0.00906002265005663,0.202070962324196,-0.234008052069741,0.222947591310013,0.148191000628504,1.48197583115624,-0.614499121627837,-0.931470060391762,0.537377079296404,-1.06065376893216,0.100571704261268,-0.162949299865076,-1.07412737750857,-1.57731285081704,0.442160977248199,3.39528083864617,-0.457708272437673,-1.13565441944509
"214","Starr County",117.628508356985,3.37432986439609,0.028686327077748,-1.87603620903366,0.0786651010158945,-1.16348982783038,-0.609481990574411,-0.913483203241775,-0.00524094730542787,1.85163584741824,-1.07913747171736,-1.11263880632307,-1.22574870188669,-0.0735137665476031,-0.741028684466563,-0.787061435192815,-0.630900153847997,-0.511883257291425,-0.772416895014899,2.6052882692591
"215","Stephens County",67.1649759743727,2.02883075280299,0.0302066772655008,-0.332353616229896,-0.233000079300284,-0.910259248991951,0.547528003730763,-0.407652800627816,0.0873540614967674,-1.08488305057361,-0.236609558653002,-0.736628887746335,-0.155496322903099,-0.213386689103764,-0.171303459388444,0.12208225347327,0.183687737738034,-0.151577348959655,-0.868624977753878,-0.559129065779184
"216","Sterling County",85.1624231782265,3.51185250219491,0.0412371134020619,0.00870883072519823,-0.25912983493929,-0.283513566366842,1.80066188951576,-0.821005059622476,-1.30264967294644,-0.0618947474360349,-1.25786211409634,-1.29629025554968,-0.4123245687536,-2.05355490166243,0.954265949271802,0.288822886929568,-0.763948436178764,1.05810227519359,2.18930701952308,-1.12358267983307
"217","Stonewall County",123.616236162362,3.690036900369,0.0298507462686567,-0.256195641124409,-0.259781140421094,-1.10651294759173,1.34460696452352,-1.67511429667217,0.564222639384982,0.575089890804346,0.780908251775135,-1.29629025554968,-1.4064494988572,-1.76641221520405,1.51361606580031,-1.98736302478638,-1.67486303316122,1.33101530259692,0.0191743170106395,-1.29300636571017
"218","Sutton County",104.262968669748,1.54083204930663,0.0147783251231527,0.915021703300891,-0.258106354896457,-0.846951604282344,2.08329425545596,0.347912613352312,0.199763207776492,-0.850373204995359,-0.293228162292573,0.0496852733353527,-0.175067659313429,-0.6494734794412,-1.3154287148101,-0.897234733606471,0.661994628395844,-0.119049381982735,0.758692808352869,0.218630462461229
"219","Swisher County",90.4389338284047,1.85651770322238,0.0205278592375367,-0.989999160999036,-0.238350088615095,-0.62537484779872,0.0262337926908376,-0.233066452352026,-1.23080066782396,-1.05747093913063,-0.739843296808648,0.441287224054589,-0.607995816570708,-0.152981249902705,-0.43824115292762,0.544531259493369,-0.441227361978322,0.183262895662613,0.294255485333947,-0.313406483056393
"220","Tarrant County",98.5635247709428,0.906398477573191,0.00919608424799763,1.04162197360612,3.84083817301147,1.67902341963097,-1.08120252246624,1.01302125697025,-0.0381024395810209,0.323761976903312,2.17486959370905,1.41488118869912,0.814870099896045,0.628083852192179,-0.51938251988668,0.857281518470425,1.81481671140557,1.17725211234269,0.926967026136055,0.10562105618798
"221","Taylor County",98.0638393747553,1.94280902113451,0.0198116760828625,-0.0604432700469923,0.0602889820650202,0.628116517451497,-0.957520734380527,1.19930208753336,-0.3710499843318,1.89586957488688,1.44104769075025,0.359958992934651,-0.437511441974289,0.668689247187466,0.874110679191471,1.23603882472145,0.0318629306695607,-0.106446385253343,-0.00923260720230673,-0.392056854740342
"222","Terrell County",101.24826629681,1.3869625520111,0.0136986301369863,-1.96422780358222,-0.260091285888619,-0.732997843805051,-0.279435151484449,-1.87298899658123,-0.794814487275218,-1.10363962801152,-0.966784565811687,0.319129288132957,-0.584511338278778,2.29839631615384,2.58073881602844,-2.72568350365574,1.81463183349265,0.651413267907208,-1.34091735573101,-0.0124053618360951
"223","Terry County",115.640925127401,3.60642885143081,0.0311864406779661,-0.614319452632356,-0.237342115845638,-0.327828917663567,0.625940580302802,-0.638337145252046,0.0137074571888784,-0.237921783955448,-1.21185891889172,0.666973253379869,-1.05382336722562,-1.49398602716135,0.251638720357939,-1.66450715603692,-1.13961558223953,-0.593090285059404,1.56982713941022,0.841841059540035
"224","Throckmorton County",36.340038935756,1.94678780012979,0.0535714285714286,-1.03978207979093,-0.257982296709447,-2.01181226693911,1.91561841741623,-1.85197753594846,-1.27295459911459,1.46595797872573,0.79466649691351,-1.29629025554968,-1.17770632783902,-0.79832004045883,-0.97583937518419,-0.83980137443894,-0.689261239648349,1.22106276856199,-0.819058100258668,-0.248760815994966
"225","Titus County",96.0384521185403,1.83688464364438,0.0191265540325151,-0.240205763234296,-0.165962136494689,-0.372144268960292,-0.844237864755189,0.556523832239601,-0.898335933362388,-0.931464813720968,-0.502562192242023,-0.89514306678848,3.31264265688838,0.0913442104274607,-1.2178405440855,1.20813221826427,-0.0477134334055849,0.450851232134315,0.768189244394515,0.167182321925973
"226","Tom Green County",98.7716627033685,1.74499170273553,0.0176669264744089,-0.0191498225060299,-0.0396398875716328,0.824370216051279,-0.388347986326563,0.562880263780151,-0.214960669134546,1.24341020275304,0.553985582809522,1.71996400341728,-0.204521572531585,0.164263793002183,0.188763767008902,0.790201546857147,1.06001266739958,-1.15518242423118,0.113970770904315,-0.665906524522148
"227","Travis County",52.2427637975699,0.532048710504307,0.0101841608641895,1.52115346620755,2.21835868147297,2.87553790464254,-1.130172443606,1.78883818794527,0.455933511294551,0.891085555970145,2.35540187066641,3.6626861295961,0.381384159229956,0.851587499123087,0.666330312999665,0.639861531628384,4.72599047249045,-0.614564814750948,0.25503519684027,-0.0741095988139066
"228","Trinity County",34.7351702230509,0.828672053035011,0.0238568588469185,-1.02997385572432,-0.221012956980431,-0.296175095308764,-0.733182156140912,0.223559950681549,-0.416210193946711,-1.29892738455418,-0.926301022204926,-0.552305945646673,-0.333608679428974,-1.07901124486015,1.48448022707362,-0.49712870017712,0.17775442426623,-0.26691157652216,-0.295030587630677,0.972043450991909
"229","Tyler County",46.5604026845638,0.885533184190902,0.019019019019019,-0.453184342966525,-0.216298745874046,-0.35315197554741,-0.569556608412903,-1.33410615055961,-0.510765813445707,-1.51342534264125,-0.286260474521862,-0.563456263732241,-0.368683578538784,1.09315062916878,0.413705962036608,-0.173733572553399,-0.422233328003886,-1.04884223408234,-0.778707405589176,0.516446946956498
"230","Upshur County",64.0645830247371,1.03688342467783,0.0161849710982659,-0.0905273186546794,-0.176507082390549,0.19762453342617,-0.594383194953831,-0.551358097827707,0.178412697959177,0.127233458332616,-0.103031373799424,0.0839111854163179,0.635335366930277,0.299922358120094,-0.922395986884529,0.491552413939693,0.660779864623241,-0.0156233211770254,0.158020480825488,0.86080499656064
"231","Upton County",80,1.95804195804196,0.0244755244755245,0.235369470920102,-0.252229098286852,-0.81529778192754,1.61876718649252,-0.945388261082983,-1.06139775619064,0.0447011748541878,-1.44313256970902,0.658480358707967,-0.907972269164971,-1.90351806930156,-0.509609903261823,-1.2235266893448,-0.715022726507546,1.37226169631697,-0.478620964509273,-1.74125121582126
"232","Uvalde County",101.166018878401,1.77679067184897,0.017563117453348,-0.751140057259098,-0.188571741077284,-0.460774971553742,0.0240631518667715,0.211938797694337,0.378797086832224,0.353367707828845,0.344291191031548,-0.908266660548508,-0.392266217119305,-0.107111421420233,0.533602312986345,0.647367755881896,-0.065369195168297,-0.406194087406339,-0.591753607102995,0.0288204679209989
"233","Val Verde County",129.267396275727,3.22606991179353,0.0249565629442426,-0.435628446107792,-0.109267545031064,-0.163229041418589,-0.781840720990815,0.44621303807569,-0.514787087372786,-0.376592341104406,0.194196943800782,-0.701755436967526,-0.482085548150476,-1.07223437734929,2.77632097731411,0.290459518203891,-0.562750204072449,0.00812064230714078,-0.654014711975555,0.0398266624783806
"234","Van Zandt County",58.8355998283806,1.43637957729401,0.0244134432466709,0.0137365758349761,-0.145864710199049,0.241939884722895,-0.549738899762708,0.421808185949882,0.0449466454488283,-0.127978732952584,-0.0779117001952639,1.18058392083495,0.397097302723613,0.78391648920783,-0.375986784484985,0.815228314163528,0.130046403224261,-0.654386601618292,-0.180801785361293,-0.0207597525978462
"235","Victoria County",72.9036910771651,1.46419283638191,0.020083932853717,0.481811403350196,-0.0553177409550369,0.957316269941453,-0.520773783504451,0.516404607036728,0.380103787011273,0.873277485189872,0.558291947864823,-0.319519921474632,0.761409868909927,0.030379665186707,-0.491095408182562,1.61818819482749,0.584246245709014,-0.569486644190205,0.684527567381428,-0.109730326918443
"236","Walker County",98.9578920613403,1.31322545115649,0.0132705479452055,-0.695505172847621,-0.0657851504840159,0.906670154173768,-1.02317313593096,0.161814049254989,-1.6505246241218,0.00502991625956868,-0.176213582879183,0.126343297658307,-0.758461768016682,-1.03131726796324,3.35886680232107,-0.538447006330942,-0.474009889019174,-1.31141399297382,-0.432464575157844,-1.1620350699703
"237","Waller County",54.8892512850154,0.557356067956155,0.010154193305754,0.297680541460955,-0.140220062690089,0.602793459567655,-0.614162898982355,0.409389391351096,0.153608014523774,0.214831500115662,-0.0365621590000383,0.458852424355533,0.725087911938997,0.816341954864798,-0.409017489474247,1.39634790359307,0.585400031224303,-0.451876980160459,0.698195374857115,0.900187595127851
"238","Ward County",82.8839798225778,1.13063141415898,0.0136411332633788,1.10764203644107,-0.241637630570863,0.267262942606738,1.18447745962781,-0.559750682629932,-0.77486454420676,-0.374615706028006,1.23350499207599,-0.0807214703746774,-1.08867785361178,0.138700196190897,-0.613971897508929,-1.05544199476031,-0.677082789144347,1.35264964079149,0.955488790244052,0.0494618178551207
"239","Washington County",48.1149219719041,1.99036547725503,0.0413669064748201,0.486179772052134,-0.195348419542712,0.868685567348004,-0.778965776716576,0.463574478707568,-0.248343752083551,0.492659585893984,0.645011765766336,0.375175264311002,1.65904188849006,-0.24114991231699,-0.895625608071059,0.79033137444802,-0.00575577558029045,-1.23838535461362,0.128252858110658,0.136782960050729
"240","Webb County",128.660653354301,1.90264961576121,0.0147881233784952,-0.779081132541306,1.03599111562625,0.393878232025952,-0.873028545282935,0.149648057362822,-0.99108119465713,0.205650289308272,-0.248572280397707,-0.180705989870417,-1.18000537839711,-0.411802951068857,0.173731053937878,0.166890523696691,0.0501085002692103,2.94393259216887,0.346746735471542,-0.290617893396613
"241","Wharton County",72.1216509775525,2.02751629254164,0.0281124497991968,0.0206600281172931,-0.151555879528139,0.0330246571811923,0.0196356376847934,-0.593189347443661,0.48329542566707,0.645948020760865,-0.342017029434433,-0.270169366789744,0.417597323205313,-0.346012745126095,-0.66927771432715,1.31053411566656,0.2012665301481,0.0843820202492523,1.004541678363,-0.103535449901763
"242","Wheeler County",76.9780317913913,1.60742989819611,0.0208816705336427,0.0837128971169662,-0.245622999828563,-0.676020963566405,1.12672839547482,0.717713124186246,0.333639587412973,0.455994970912611,-0.760758596925034,-0.0481557768979404,-0.775646029337494,0.790015372547833,-0.551580577451498,-0.178935100750065,-0.769974978138487,1.20803713801176,-0.814273536030369,0.0222248614226396
"243","Wichita County",101.117030156779,1.97301522257129,0.0195121951219512,-0.339441912614173,0.0795800301450941,0.393878232025952,-0.914039716817749,1.24651251162695,-0.871486656244104,0.86665766966607,-0.155154442803803,1.33978702358123,0.267015724099918,0.393442426866328,0.488244700737408,0.829744110106359,0.0385976933347129,-0.974213818341566,-0.243470972944773,-0.422987525478821
"244","Wilbarger County",131.59111933395,3.16065371569534,0.0240187463386057,-0.492994193589848,-0.229572971884129,-0.676020963566405,-0.354492958263224,0.624550938016183,-1.27966758123083,2.58531310532462,1.18145996088988,-0.420866609450156,1.44991624051051,0.956339854855753,0.172192203546385,0.0957600282113132,-0.262978579309421,-0.701786387911464,-0.121703622349111,0.268793982442489
"245","Willacy County",90.2055954942992,3.15948532441962,0.0350253807106599,-1.71358234655215,-0.151013124959969,-1.04320530288213,-0.275081335143421,-0.344078729644153,-1.23016345247243,-0.222327579536929,-1.10095547452523,0.823656640693667,-1.06724794344791,-1.48185037004601,-0.250877973653639,-1.79523721343408,-0.66517121963095,-0.806350428473811,-0.260765793295406,1.83848035300898
"246","Williamson County",58.6174266642797,0.52920149592869,0.00902805745737683,2.40908622141471,0.281794874971592,2.8502148467587,-1.1126896522823,0.598837231952325,-0.0770877905269455,0.684411368108071,1.95242597556554,2.39333865395094,0.886525282613927,0.320125562416707,0.384827474441475,0.932604964838748,3.41912569597849,-0.876385653968818,0.393818871862577,-0.10494180236106
"247","Wilson County",59.1039084842707,0.868552060163118,0.0146953405017921,1.81721347332759,-0.189036959278572,0.881347096289925,-0.533689759267814,-0.331356040469966,0.793019159034231,-0.189349608769776,0.99834930207185,-0.229156869562144,-0.100937286527997,-0.708592806957619,0.94805984710537,1.02056432642559,0.639387449380397,0.647530689596228,0.856728646516457,0.131635831466364
"248","Winkler County",82.1653593930822,1.92876430500193,0.0234741784037559,0.420819085625022,-0.240629657801406,0.184963004484249,0.964058962088336,-0.00859866930159833,0.233925492612131,-1.01672163210502,-1.09927742473791,-0.210498586562272,-1.17513207664806,-0.988701652526921,-0.906606760190217,-0.372939945548529,-0.601339253479445,2.64178690071909,2.91594524837236,-0.672315898970332
"249","Wise County",85.1265672680127,1.32812623523645,0.0156017830609212,0.757183475674259,-0.137289188021975,0.944654740999532,-0.199377485586366,-0.0943224461942771,0.37983315180732,-0.198180873440821,0.16782205840713,1.18978594228341,0.129640128626267,0.125689771953637,-0.234624050702601,0.594920729282608,-0.00659501105828104,1.13553733270362,0.447658215980828,0.101669214201941
"250","Wood County",58.9403209049983,1.96236869444765,0.0332941637289463,-0.153003233297493,-0.17546809507434,0.039355421652153,-0.811978949346526,-0.676176584021656,-0.150733437491355,-0.665360201645343,0.413407547636515,1.61449511672848,0.0907565732735318,-0.886226564751561,-0.410596767432688,0.95973634784054,0.0289286794481011,-0.269434574370476,-0.233147644158917,0.355316135062218
"251","Yoakum County",94.4464096215069,2.82985496993279,0.0299625468164794,1.03898446797476,-0.245824594382455,0.153309182129445,1.86738774897461,0.0661184386345241,-0.544688252969412,-1.19768643593458,-1.54633561433934,1.8966919005213,-1.25316072363613,0.095097037836047,0.01537704854078,-0.143362043707935,-0.541717637140368,2.33073470144012,-0.076624445802337,0.756393851533152
"252","Young County",92.7556974567874,1.76153253330397,0.0189910979228487,-0.292049233300693,-0.216422804061056,-0.726667079334091,0.0353054739228707,-0.104629692333754,0.496211565641498,0.360390793478754,-0.205133250120712,-0.222359947602455,0.707543802228389,2.10436662049402,-0.28717241474144,0.473246425635515,-0.148808523160836,-0.734003772073914,0.0535465355775195,-0.393990172721926
"253","Zapata County",92.8199791883455,1.38744363510232,0.0149476831091181,-1.26471185691526,-0.186431737351359,-1.24578976595287,0.138725547271764,-1.02573052505862,0.209629281776449,-0.0500730145281536,-0.703203364073781,0.602486091199315,-1.27334055297788,2.30942523241045,0.266313532947468,-1.07712826978913,-0.588490702727137,-0.938461048660077,-1.34091735573101,1.912585442072
"254","Zavala County",99.4075049374589,2.30414746543779,0.0231788079470199,-1.97040945740572,-0.195038274075186,-1.21413594359806,-0.498892056049432,0.5244207098813,-0.758828821032156,1.88217534668898,-1.00229516287154,-0.769138659065685,-0.737568872717819,-0.713512740213336,-0.648405812616961,-0.437099983141949,-0.764190767438079,-0.612068449507458,-1.0320905075425,1.124134931139
