"","county_name.x","cases_per_1000","deaths_per_1000","death_per_case","pop_density","commuters_by_public_transportation","percent_commute_by_bus","percent_commute_by_car_truck_van","percent_commute_by_carpool","percent_commute_by_subway","percent_commute_by_driving_alone","percent_wfh"
"1","Anderson County",96.5418116958457,1.29876876720869,0.0134529147982063,2.09823915538989e-05,39,0.0006805570097372,0.93765050780023,0.0981572610197885,0,0.839493246780442,0.0352842634279133
"2","Andrews County",91.3694031973602,2.10502361039995,0.0230386052303861,4.52217060827092e-06,0,0,0.961509808790663,0.167121926992799,0,0.794387881797864,0.0253290290538863
"3","Angelina County",77.1379703534778,2.20068415051311,0.0285291943828529,4.24397111673851e-05,126,0.00348412786196217,0.929432584891052,0.116358809866165,0,0.813073775024887,0.0214854551487667
"4","Aransas County",36.0422036082474,1.04703608247423,0.0290502793296089,3.80359073547494e-05,0,0,0.862135361509579,0.0807740444786753,0,0.781361317030904,0.0657552710118417
"5","Archer County",78.9264187421813,1.13726828158763,0.0144092219020173,3.7584823037302e-06,14,0,0.918508287292818,0.0681399631675875,0,0.85036832412523,0.0460405156537753
"6","Armstrong County",66.3556246759979,3.1104199066874,0.046875,8.19241312172567e-07,0,0,0.855371900826446,0.172520661157025,0,0.682851239669422,0.112603305785124
"7","Atascosa County",78.54338478157,1.86958599056898,0.0238032266596139,1.52406292579907e-05,15,0.000742280285035629,0.897911718131433,0.146575613618369,0,0.751336104513064,0.0576504354711006
"8","Austin County",47.9311757476444,0.614502253174928,0.0128205128205128,1.74938618310772e-05,8,0.000592197794063217,0.905840550743948,0.103856688133837,0,0.801983862610112,0.0451550817973203
"9","Bailey County",104.536489151874,2.11327134404057,0.0202156334231806,3.31396191244712e-06,0,0,0.753880266075388,0.0798226164079823,0,0.674057649667406,0.0833069369654735
"10","Bandera County",38.4687558641396,0.938262338149747,0.024390243902439,1.04048302580344e-05,10,0.00115180833909238,0.876986869384934,0.0958304538124856,0,0.781156415572449,0.074176457037549
"11","Bastrop County",54.4542126366648,0.70978507209922,0.0130345300708896,3.49080627361065e-05,77,0.00229850746268657,0.907701492537313,0.117313432835821,0,0.790388059701493,0.0381194029850746
"12","Baylor County",76.0688506385341,2.49861188228762,0.0328467153284672,1.60319421804667e-06,0,0,0.95118549511855,0.0690376569037657,0,0.882147838214784,0.00557880055788006
"13","Bee County",94.1672522839072,1.61935897827615,0.0171966255678131,1.43560241268528e-05,0,0,0.918222222222222,0.124543209876543,0,0.793679012345679,0.0259753086419753
"14","Bell County",49.0689616232697,0.635947055921737,0.0129602713178295,0.000123288970575932,664,0.00432177658261981,1.03426393126528,0.129291302516973,0,0.90497262874831,0.0391841076824196
"15","Bexar County",80.4601893019254,1.07822182194118,0.0134006871136628,0.000588964091693241,22716,0.0259123321905886,0.904098203808176,0.109123667726414,2.88183773639715e-05,0.794974536081761,0.0418823241906071
"16","Blanco County",28.6770673640545,0.99197402831635,0.0345911949685535,6.03662454242485e-06,0,0,0.837054445750098,0.0834312573443008,0,0.753623188405797,0.0889150019584802
"17","Borden County",29.9003322259136,0,0,2.58995348130344e-07,0,0,0.847058823529412,0.105882352941176,0,0.741176470588235,0.0352941176470588
"18","Bosque County",55.026455026455,1.11389585073796,0.0202429149797571,7.05249329128482e-06,4,0.000535117056856187,0.872642140468227,0.0975250836120401,0,0.775117056856187,0.048695652173913
"19","Bowie County",52.0745447749239,1.48448763816949,0.02850697292863,4.08532872863869e-05,125,0.00340896694665649,0.932502454456202,0.05803425329988,0,0.874468201156322,0.024899094578379
"20","Brazoria County",75.2785444876371,0.80058960389601,0.0106350303309529,9.79878425157396e-05,246,0.0015159918654095,0.942158131509213,0.0883157700129414,0,0.853842361496272,0.0280088740987243
"21","Brazos County",77.6451587305292,0.756193081300092,0.00973908861368282,0.00014111868705457,2463,0.0230875358180011,0.868363418846299,0.109919053729414,0,0.758444365116885,0.0329477370741638
"22","Brewster County",102.494577006508,0.867678958785249,0.00846560846560847,5.75678953535004e-07,0,0,0.897133220910624,0.191038304023127,0,0.706094916887497,0.0472175379426644
"23","Briscoe County",71.6530483972345,1.88560653676933,0.0263157894736842,6.82542296462926e-07,0,0,0.825788751714678,0.0507544581618656,0,0.775034293552812,0.106995884773663
"24","Brooks County",94.4697283133361,3.99944835195146,0.0423357664233577,2.96773552833007e-06,1,0.000401767778224186,0.905182804339092,0.0972278023302531,0,0.807955002008839,0.01727601446364
"25","Brown County",89.50168047212,2.14359435784794,0.0239503252513306,1.54477279055857e-05,52,0.0034125213282583,0.939362121013256,0.0877411733823336,0,0.851620947630923,0.0227720173251083
"26","Burleson County",62.1163900886565,1.25028415548988,0.020128087831656,1.03080480790116e-05,26,0.00337793945693127,0.924645965960764,0.130960114330259,0,0.793685851630505,0.0250747044302975
"27","Burnet County",48.7815714063576,0.755270231245974,0.0154826958105647,1.74719766447679e-05,39,0.000408851637961875,0.87795778606838,0.123728726938212,0,0.754229059130168,0.0648029846169571
"28","Caldwell County",67.5315706393054,1.35655090765588,0.0200876552227904,2.87473919075109e-05,35,0.00191907007347297,0.89412216251782,0.114212084658406,0,0.779910077859414,0.039587674087071
"29","Calhoun County",62.3711103982402,0.595756381467394,0.00955180014695077,1.66196892032968e-05,44,0.00454733360892931,0.924452252997106,0.114303431169905,0,0.810148821827201,0.0309011988424969
"30","Callahan County",68.1551976573938,2.0497803806735,0.0300751879699248,5.86426356941714e-06,0,0,0.918486739469579,0.0865834633385335,0,0.831903276131045,0.0530421216848674
"31","Cameron County",77.8151408492602,2.67966996746795,0.0344363569637287,0.000181942183257237,835,0.00535280437578765,0.92687965284725,0.0900947134560667,7.14573399680391e-05,0.836784939391183,0.0237368291130195
"32","Camp County",76.4798737174428,2.52565114443567,0.0330237358101135,2.49781976018076e-05,23,0.0043610163064088,0.937428896473265,0.136139552521805,0,0.80128934395146,0.0354569586651498
"33","Carson County",54.8649096635173,1.82330515498094,0.0332326283987915,2.53126081194354e-06,4,0.00138121546961326,0.93335635359116,0.0984116022099448,0,0.834944751381215,0.031767955801105
"34","Cass County",49.7709011222525,1.95896141842088,0.0393595730486991,1.24111776882732e-05,25,0.0020848970060879,0.92694520890668,0.0425318989241931,0,0.884413309982487,0.0197648236177133
"35","Castro County",105.436573311367,2.78798631352173,0.0264423076923077,3.40628449509203e-06,0,0,0.892672544846458,0.068105807236242,0,0.824566737610216,0.0389176041349954
"36","Chambers County",87.3405798946109,0.33093195529873,0.00378898280384727,2.54016910014916e-05,30,0.0017950098725543,0.945072697899838,0.0657571949979058,0,0.879315502901933,0.0207622808592114
"37","Cherokee County",67.6629065395201,1.78315307981548,0.0263534803781152,1.89187087374718e-05,0,0,0.9329143525285,0.141673974471402,0,0.791240378057098,0.0266004092370652
"38","Childress County",182.899207248018,1.84031710079275,0.010061919504644,3.91584128458007e-06,0,0,0.950695825049702,0.152683896620278,0,0.798011928429423,0.027037773359841
"39","Clay County",84.2897097116405,1.25373710097406,0.0148741418764302,3.67711744439133e-06,0,0,0.894123027669792,0.0724902812714384,0,0.821632746398353,0.0436771095357878
"40","Cochran County",73.6698499317872,4.09276944065484,0.0555555555555556,1.46055662958884e-06,7,0.00588730025231287,0.950378469301934,0.24053826745164,0,0.709840201850294,0.0193439865433137
"41","Coke County",128.783199505868,3.08832612723904,0.0239808153477218,1.37136379068615e-06,0,0,0.867305061559507,0.0533515731874145,0,0.813953488372093,0.0417236662106703
"42","Coleman County",68.7485157919734,2.37473284255521,0.0345423143350604,2.57480034694832e-06,3,0.000906344410876133,0.940181268882175,0.0716012084592145,0,0.868580060422961,0.0244712990936556
"43","Collin County",70.8049120695785,0.528403030385909,0.00746280187265339,0.000419522568781508,5295,0.00335811541046325,0.87208192621837,0.0687297096304598,0.00349294564024345,0.80335221658791,0.0841193163264661
"44","Collingsworth County",78.3212161269002,2.64375413086583,0.0337552742616034,1.27209672794155e-06,0,0,0.929292929292929,0.0858585858585859,0,0.843434343434343,0.00793650793650794
"45","Colorado County",59.8192511834744,0.812891502892937,0.0135891286970424,8.40844392077526e-06,101,0.0106416605204931,0.928774628595512,0.0792329575387209,0,0.849541671056791,0.0347697818986408
"46","Comal County",56.6537567776917,1.47172734314485,0.0259775772491113,8.90854114138088e-05,113,0.000718666956361874,0.879497935921649,0.0840004679691809,0.00045125599585513,0.795497467952468,0.0748750689418883
"47","Comanche County",82.8639193596205,2.66824785057812,0.0322003577817531,5.55507765912516e-06,0,0,0.909057572423909,0.111477814448111,0,0.797579757975798,0.0377704437110378
"48","Concho County",63.5044064282011,1.03680663556247,0.0163265306122449,1.51417983198377e-06,0,0,0.90811339198436,0.120234604105572,0,0.787878787878788,0.050830889540567
"49","Cooke County",71.8308416956789,1.22875281589187,0.0171062009978617,1.72407866495529e-05,21,0.0011215552232429,0.896816919461654,0.151890621662038,0,0.744926297799615,0.0450224311044649
"50","Coryell County",56.8730380648395,0.593526603181303,0.0104359925788497,2.78199688919411e-05,113,0.00441946279927916,1.13932034669184,0.170556938127521,0,0.968763408564318,0.0604136273920879
"51","Cottle County",117.489986648865,4.67289719626168,0.0397727272727273,6.42243484046705e-07,2,0.00307219662058372,0.849462365591398,0.170506912442396,0,0.678955453149002,0.0153609831029186
"52","Crane County",100.70306038048,2.27460711331679,0.0225872689938398,2.37837661776399e-06,34,0.00444883835887296,0.940682155215027,0.169550173010381,0,0.771131982204647,0.00395452298566485
"53","Crockett County",123.044838373306,3.38894681960375,0.0275423728813559,5.27580011073902e-07,0,0,0.965377957299481,0.165031736872475,0,0.800346220427005,0.0346220427005193
"54","Crosby County",64.9703138252757,3.73197625106022,0.0574412532637076,2.52841146475535e-06,0,0,0.910281857880111,0.0770146883684002,0,0.833267169511711,0.0127034537514887
"55","Culberson County",130.261408949934,1.77226406734603,0.0136054421768707,2.2859308426977e-07,0,0,0.883983572895277,0.113963039014374,0,0.770020533880904,0.0318275154004107
"56","Dallam County",64.65935895657,2.77507978354378,0.0429184549356223,1.85122629797038e-06,15,0,0.938588974578692,0.108826049700086,0,0.829762924878606,0.022564981433876
"57","Dallas County",91.9300230819293,0.961126677122952,0.0104549813532232,0.00112869784075896,34917,0.0205151181893473,0.878825270485368,0.108329120414407,0.00372733509517203,0.770496150070961,0.0418392765439849
"58","Dawson County",120.274914089347,4.50553646429935,0.0374603174603175,5.61587767011251e-06,12,0.00181159420289855,0.902375201288245,0.15780998389694,0,0.744565217391304,0.0279790660225443
"59","Deaf Smith County",127.619148150103,3.16672824193804,0.0248138957816377,4.88734048216055e-06,41,0.00475693235874231,0.926557605290637,0.11033762617473,0,0.816219979115907,0.0215802297250261
"60","Delta County",41.1832946635731,0.966744006187162,0.0234741784037559,7.77519747723766e-06,11,0.00555555555555556,0.907070707070707,0.0681818181818182,0,0.838888888888889,0.0141414141414141
"61","Denton County",59.2227778339504,0.561868937350974,0.00948737897648686,0.000343344201738951,3725,0.00382882184408465,0.877041143732302,0.0830746990021208,0.0020754361397842,0.793966444730181,0.069257542540477
"62","DeWitt County",75.8523004786559,2.44212171534629,0.0321957501609788,8.69665696687548e-06,11,0.00138104205900816,0.907470182046453,0.0745762711864407,0,0.832893910860013,0.0379158819836786
"63","Dickens County",61.1510791366906,3.14748201438849,0.0514705882352941,9.52277097412615e-07,2,0.00267737617135207,0.801874163319946,0.145917001338688,0,0.655957161981258,0.0495314591700134
"64","Dimmit County",83.5335427832194,1.20125669931621,0.0143805309734513,3.14428871002116e-06,15,0.00394218134034166,0.879632063074901,0.0851511169513798,0,0.794480946123522,0.0659658344283837
"65","Donley County",84.1829303815904,2.33032333236237,0.027681660899654,1.42981313837067e-06,0,0,0.878958479943702,0.146375791695989,0,0.732582688247713,0.0584095707248417
"66","Duval County",92.5310477523176,2.79867063145006,0.0302457466918715,2.46152671419939e-06,0,0,0.871898734177215,0.151392405063291,0,0.720506329113924,0.060253164556962
"67","Eastland County",53.1786847576321,1.25834336360652,0.0236625514403292,7.6169606720764e-06,0,0,0.948191027496382,0.0842257597684515,0,0.863965267727931,0.00680173661360347
"68","Ector County",78.4749332237518,1.72719334292172,0.022009491081656,6.69739280815156e-05,310,0.00344466490299824,0.93390376984127,0.133914792768959,0.000330687830687831,0.79998897707231,0.021480930335097
"69","Edwards County",98.0577925153955,1.42112742775936,0.0144927536231884,3.84849352771807e-07,0,0,0.752252252252252,0.14527027027027,0,0.606981981981982,0.155405405405405
"70","Ellis County",99.9622163176754,1.22492260439266,0.0122538560019509,6.7706569713757e-05,325,0.00351158441161876,0.912159497181826,0.108464699670471,0.000508925277046198,0.803694797511355,0.0489840579156965
"71","El Paso County",128.831791093942,2.32384032581679,0.0180377863731032,0.000318117708858908,5196,0.0151223084810312,0.933206386406914,0.11327962501831,6.15204335725795e-05,0.819926761388604,0.0356935696499194
"72","Erath County",84.6011312658475,1.02399063779988,0.0121037463976945,1.46202722624913e-05,57,0.00172992241560075,0.906059970643741,0.100283078213462,0,0.805776892430279,0.0441392325435102
"73","Falls County",75.6550407773729,1.27248539533808,0.0168195718654434,8.7202655959775e-06,64,0.00779355732594389,0.885174922064427,0.109975753377208,0.00329061309317631,0.775199168687219,0.0316937997921718
"74","Fannin County",72.1875277473585,1.95341403498387,0.027060270602706,1.46438333924314e-05,0,0,0.89975385992392,0.0974117998060715,0,0.802342060117849,0.0542254046393675
"75","Fayette County",57.965789368265,1.72254937307215,0.0297166551485833,1.01462539195068e-05,22,0.00189231033889558,0.924479614656804,0.0830896266987786,0,0.841389987958025,0.0305350077412696
"76","Fisher County",68.6451612903226,2.58064516129032,0.037593984962406,1.66432436956446e-06,0,0,0.910300925925926,0.108796296296296,0,0.80150462962963,0.0347222222222222
"77","Floyd County",105.996976314463,4.19956324542248,0.0396196513470681,2.31666937562876e-06,19,0.00777414075286416,0.878068739770867,0.0867430441898527,0,0.791325695581015,0.0724222585924714
"78","Foard County",64.3564356435644,3.53606789250354,0.0549450549450549,7.75058409462372e-07,0,0,0.94585448392555,0.1082910321489,0,0.83756345177665,0.0236886632825719
"79","Fort Bend County",61.9422254895484,0.617074840354727,0.0099621031610956,0.000318747586532239,5194,0.0151728245454197,0.901291134836463,0.0951854439952942,3.83301047591248e-05,0.806105690841169,0.0482634988309318
"80","Franklin County",53.1064949713319,1.50390074255099,0.0283185840707965,1.44439780860727e-05,18,0,0.865135319536047,0.0846031385035251,0,0.780532181032522,0.0516261087104844
"81","Freestone County",50.2901353965184,1.52702840272829,0.0303643724696356,8.64201709137606e-06,7,0.000943142010239828,0.939099973053085,0.119105362436001,0,0.819994610617084,0.026677445432498
"82","Frio County",112.401883830455,1.25588697017268,0.0111731843575419,6.50940209181813e-06,13,0.00189532001749526,0.939058171745152,0.10788744714973,0,0.831170724595422,0.0221606648199446
"83","Gaines County",65.4633214339585,1.81004575393434,0.0276497695852535,5.11140484443069e-06,0,0,0.927956724858618,0.185763462011311,0,0.742193262847308,0.0207769854929924
"84","Galveston County",83.7463883630567,0.781483511009266,0.00933154881403822,0.000326955974513367,1362,0.00895516380906383,0.897247041777348,0.10302127773753,0,0.794225764039819,0.0362902143872924
"85","Garza County",41.2524113369936,2.67101943908592,0.0647482014388489,2.91235225456368e-06,0,0,0.92719836400818,0.231492842535787,0,0.695705521472393,0.00122699386503067
"86","Gillespie County",70.5501368595551,1.23366359535834,0.0174863387978142,9.46426231301065e-06,59,0.005,0.851440677966102,0.137627118644068,0,0.713813559322034,0.0613559322033898
"87","Glasscock County",66.1971830985915,0.704225352112676,0.0106382978723404,6.09036129924964e-07,0,0,0.8101644245142,0.0373692077727952,0,0.772795216741405,0.0732436472346786
"88","Goliad County",39.8135818908123,1.19840213049268,0.0301003344481605,3.40327399453678e-06,0,0,0.876085504342017,0.1312625250501,0,0.744822979291917,0.052438209752839
"89","Gonzales County",95.4372993481856,1.41064305866329,0.0147808358817533,7.44125812451696e-06,115,0.0102919789685647,0.911958832084126,0.146548830965432,0,0.765410001118693,0.0307640675690793
"90","Gray County",77.2145283511889,1.74200853584183,0.0225606316976875,9.57443476709115e-06,0,0,0.939882080437987,0.100968624973679,0,0.838913455464308,0.00736997262581596
"91","Grayson County",71.2111363023798,1.78364751954085,0.0250473115885562,5.22123876553187e-05,203,0.00289334704477716,0.883464347341084,0.123333275233995,0,0.760131072107089,0.0575009150645774
"92","Gregg County",68.4834929741819,1.79089479911185,0.026150751390368,0.000174283772741881,82,0.000850878939841049,0.92409073628184,0.0832232018393468,0.000633633253073121,0.840867534442493,0.0275720984122961
"93","Grimes County",69.0474449886688,1.90072373711529,0.0275277924827951,1.34138856764237e-05,0,0,0.927520907430549,0.161203498990676,0,0.766317408439873,0.0383543208689801
"94","Guadalupe County",60.4616638721179,0.848305708169582,0.0140304724323139,8.19098022594211e-05,143,0.00172440821445368,0.93903290626915,0.0893842010004418,0.000313528766264305,0.849648705268708,0.0405164673858827
"95","Hale County",164.161380948243,3.90998349118082,0.023817925194072,1.32688501470447e-05,50,0.00350459101422864,0.914768346533959,0.12062802270975,0,0.79414032382421,0.0312609518469195
"96","Hall County",113.797549967763,3.54609929078014,0.0311614730878187,1.35563081481958e-06,0,0,0.934222222222222,0.126222222222222,0,0.808,0.00888888888888889
"97","Hamilton County",66.4233576642336,2.55474452554745,0.0384615384615385,3.79675141284025e-06,0,0,0.871651785714286,0.166015625,0,0.705636160714286,0.052734375
"98","Hansford County",121.655820679682,3.07302964569776,0.025260029717682,2.32212894615308e-06,9,0.0037593984962406,0.911862990810359,0.0726817042606516,0,0.839181286549708,0.0075187969924812
"99","Hardeman County",79.9498746867168,2.25563909774436,0.0282131661442006,2.21625125868699e-06,0,0,0.946312684365782,0.198230088495575,0,0.748082595870207,0
"100","Hardin County",72.8662511385352,1.23229689425464,0.0169117647058824,2.42749934379525e-05,37,0.000623545061523113,0.954730628533422,0.092949783837712,0.000914532756900565,0.86178084469571,0.0184153641503159
"101","Harris County",63.2758364289267,0.845206925437723,0.0133574990571177,0.00102362572726125,57933,0.0253481942696543,0.885501322697937,0.106552858385098,0.00043570147019435,0.778948464312839,0.0363150295910093
"102","Harrison County",53.6738431973096,1.06597003272978,0.0198601398601399,2.85722739943272e-05,7,0.000253595623664095,0.926276129406224,0.0627468028837445,0,0.863529326522479,0.0370249610549578
"103","Hartley County",54.4579969077478,0.343583576705034,0.00630914826498423,1.53732976243788e-06,0,0,0.916056612981942,0.0824792581747194,0,0.833577354807223,0.0463640800390434
"104","Haskell County",61.1436445056838,2.92800551153979,0.047887323943662,2.48214721281744e-06,0,0,0.889908256880734,0.115596330275229,0,0.774311926605505,0.0279816513761468
"105","Hays County",74.2135976144896,0.667203851305923,0.00899031811894882,0.000111146199813267,800,0.00807517992510271,0.875309127981508,0.0963873663810072,0,0.778921761600501,0.0635213840858392
"106","Hemphill County",108.622350674374,0.481695568400771,0.00443458980044346,1.76886338869904e-06,0,0,0.912012644889357,0.154373024236038,0,0.757639620653319,0.035827186512118
"107","Henderson County",55.6427020718561,1.33020442481208,0.0239061795218764,3.52117096519901e-05,38,3.216778717792e-05,0.926367935149741,0.118602631324991,0.00025734229742336,0.80776530382475,0.0395663782288416
"108","Hidalgo County",67.2452381604666,2.40370012590243,0.0357452838543973,0.00020633786188894,960,0.00243880667436033,0.873217120741652,0.0863752000459069,0,0.786841920695745,0.0479026262600501
"109","Hill County",68.3229813664596,1.33910764146105,0.0195996663886572,1.41329145308921e-05,5,6.85918101378695e-05,0.900130324439262,0.119967075931134,0,0.780163248508128,0.0453391865011318
"110","Hockley County",88.0419370085507,3.91011042839342,0.0444119082479258,9.8919381898538e-06,12,0.00116087839798781,0.927445100125762,0.158169681725839,0,0.769275418399923,0.0239914868917481
"111","Hood County",91.1256270525822,1.53379768306326,0.0168316831683168,5.086169408917e-05,48,0.00109146474568871,0.925693080113512,0.0608164156297752,0.000261951538965291,0.864876664483737,0.0443134686749618
"112","Hopkins County",70.0826630298645,2.39360961897075,0.034154090548054,1.80762472611491e-05,42,0.00259605399792316,0.915173935617861,0.102414330218069,0,0.812759605399792,0.0343977154724818
"113","Houston County",59.5212044290779,1.31296774475907,0.0220588235294118,7.1665624829227e-06,0,0,0.924888772572625,0.0823082962575242,0,0.842580476315101,0.0378173253075111
"114","Howard County",114.987257131896,2.16491737688745,0.0188274547187798,1.56409720383333e-05,57,0.00396025845897311,0.94073507955256,0.155700687834364,0,0.785034391718196,0.0106996456610852
"115","Hudspeth County",125.877903835764,2.16099405726634,0.0171673819742489,3.12732169554888e-07,0,0,0.833795013850416,0.0554016620498615,0,0.778393351800554,0.0969529085872576
"116","Hunt County",50.452824339585,1.14036447377162,0.0226025894228659,4.14955568743426e-05,18,0.000464480169277217,0.902588186721028,0.116455500219338,0,0.78613268650169,0.0353779062266147
"117","Hutchinson County",57.7312937707335,2.62624401032068,0.0454908220271349,9.44305734891813e-06,0,0,0.955077057601924,0.114657339599956,0,0.840419718001967,0.014318504754618
"118","Irion County",52.7638190954774,0.628140703517588,0.0119047619047619,5.84544955591005e-07,7,0.00974930362116992,0.842618384401114,0.0306406685236769,0,0.811977715877437,0.139275766016713
"119","Jack County",59.9615341101935,1.3576196402308,0.0226415094339623,3.74628242078221e-06,0,0,0.918037974683544,0.0787974683544304,0,0.839240506329114,0.0471518987341772
"120","Jackson County",87.0154513418271,1.55868799132556,0.0179127725856698,6.86885730958274e-06,121,0.0178994082840237,0.907692307692308,0.106804733727811,0,0.800887573964497,0.0418639053254438
"121","Jasper County",55.439566640334,1.35424895609976,0.0244274809160305,1.45793763661311e-05,24,0.0019137229885974,0.908619727294474,0.115142333147277,0,0.793477394147197,0.0183398453073918
"122","Jeff Davis County",51.8783542039356,0.447227191413238,0.00862068965517241,3.81233475997839e-07,0,0,0.837541163556531,0.194291986827662,0,0.643249176728869,0.110867178924259
"123","Jefferson County",62.6026224202,1.03309843110451,0.0165024785091297,0.000112107524629407,555,0.00495637064537263,0.947578309706701,0.0665407001585659,2.84848887665094e-05,0.881037609548135,0.0154862845260589
"124","Jim Hogg County",93.8806537438236,2.09045990117826,0.0222672064777328,1.78816909260922e-06,19,0.011543134872418,0.982989064398542,0.209599027946537,0,0.773390036452005,0
"125","Jim Wells County",82.7000338835374,1.69417687206544,0.0204858062628036,1.84389884328461e-05,0,0,0.918253285837121,0.0940916349342833,0,0.824161650902837,0.0310772632354748
"126","Johnson County",90.1213063375226,1.32981214062295,0.0147558018704538,8.53257435326326e-05,107,0.00118993261660648,0.934152449739183,0.0847757807203243,0,0.849376669018859,0.0370954575014182
"127","Jones County",128.649406580199,1.7527167109019,0.0136239782016349,8.30285341596692e-06,1,0.000197745699031046,0.919912991892426,0.163140201700613,0,0.756772790191813,0.0274866521653154
"128","Karnes County",92.1533452926716,1.72745996943725,0.0187454938716655,7.77158860438357e-06,6,0.00110436223081171,0.93962819804896,0.12074360390208,0,0.81888459414688,0.0346033498987668
"129","Kaufman County",99.6935186152614,1.34085605823146,0.0134497816593886,5.67949344729878e-05,155,0.00169344823693222,0.92712527753735,0.108851089451699,0,0.818274188085651,0.0355435968840552
"130","Kendall County",46.891281695033,1.09164888602193,0.0232804232804233,2.34918001858629e-05,19,0,0.866362660944206,0.0946351931330472,0,0.771727467811159,0.0743562231759657
"131","Kenedy County",53.1914893617021,3.54609929078014,0.0666666666666667,1.49298857503755e-07,0,0,0.950819672131147,0,0,0.950819672131147,0
"132","Kent County",100,1.47058823529412,0.0147058823529412,2.90911327223803e-07,0,0,0.805921052631579,0.0921052631578947,0,0.713815789473684,0.0164473684210526
"133","Kerr County",59.4944938042986,1.20170997419279,0.0201986754966887,1.77633984150678e-05,7,0.000325960419091967,0.906030267753201,0.13685681024447,0,0.769173457508731,0.0443771827706636
"134","Kimble County",51.2184115523466,1.35379061371841,0.026431718061674,1.36789108557599e-06,0,0,0.886038480513074,0.186482486433152,0,0.699555994079921,0.0325604341391219
"135","King County",38.0622837370242,0,0,1.22501718965103e-07,0,0,0.913294797687861,0.0173410404624277,0,0.895953757225434,0.0404624277456647
"136","Kinney County",71.054805838612,0.826218672541999,0.0116279069767442,1.03043186633709e-06,16,0.0118430792005922,0.868245743893412,0.0444115470022206,0,0.823834196891192,0.074019245003701
"137","Kleberg County",62.8091312618897,1.99746353836398,0.0318021201413428,1.38177432584479e-05,0,0,0.897902506760213,0.130526931228532,0,0.767375575531682,0.0182708470364686
"138","Knox County",55.1558752997602,3.19744204636291,0.0579710144927536,1.70350976477148e-06,0,0,0.918218085106383,0.16156914893617,0,0.756648936170213,0.043218085106383
"139","Lamar County",100.321855832878,2.26716058379385,0.0225988700564972,2.10219110407278e-05,19,0.000899025267341724,0.902384782814422,0.0986561938109208,0,0.803728589003501,0.0313712501182928
"140","Lamb County",134.575104727708,5.46080191502095,0.0405780989438577,5.07922498803581e-06,8,0.00141068594604126,0.893493211073885,0.0879915358843237,0,0.805501675189561,0.0349144771645213
"141","Lampasas County",44.5953206662433,0.830361940116251,0.0186199342825849,1.1093831034958e-05,20,0.002322340919647,0.926962378077102,0.150023223409196,0,0.776939154667905,0.0277519739897817
"142","La Salle County",109.733081693179,2.02210838500944,0.0184275184275184,1.92648016343643e-06,0,0,0.915684830633284,0.0618556701030928,0,0.853829160530191,0.0312960235640648
"143","Lavaca County",93.7610151568558,3.12201017171056,0.033297529538131,7.90711578338955e-06,21,0.00237475969693543,0.934750650231822,0.107542689132647,0,0.827207961099174,0.0322288816012665
"144","Lee County",70.1483679525223,2.01780415430267,0.0287648054145516,1.03424691878677e-05,0,0,0.897517101596149,0.137066126171776,0,0.760450975424373,0.0656194578160628
"145","Leon County",51.5737357067075,1.65035954261464,0.032,6.10405892985566e-06,0,0,0.842105263157895,0.0958320657134165,0,0.746273197444478,0.048828719196836
"146","Liberty County",64.0428621501177,1.38951479645486,0.0216966379984363,2.66269219646861e-05,78,0.000697228516646331,0.932194526756144,0.0632734878856545,0,0.86892103887049,0.0211260240543838
"147","Limestone County",60.4770017035775,1.44804088586031,0.023943661971831,1.00125661116137e-05,3,0.000339981867633726,0.920330915684497,0.107094288304624,0,0.813236627379873,0.0356980961015413
"148","Lipscomb County",70.9585121602289,2.86123032904149,0.0403225806451613,1.44755103613914e-06,0,0,0.913490623109498,0.0816696914700544,0,0.831820931639443,0.0248033877797943
"149","Live Oak County",80.2956074067923,1.32857261479698,0.0165460186142709,4.4723016280022e-06,0,0,0.89955824226924,0.107184375726575,0,0.792373866542665,0.0564984887235527
"150","Llano County",39.8613518197574,1.48551621688537,0.0372670807453416,8.34775076764833e-06,0,0,0.843994778067885,0.145039164490862,0,0.698955613577024,0.0908616187989556
"151","Loving County",13.5135135135135,0,0,4.27194989902418e-08,0,0,0.846153846153846,0.128205128205128,0,0.717948717948718,0.0769230769230769
"152","Lubbock County",152.998570671248,2.17419021480194,0.0142105263157895,0.00012848865719433,1270,0.00868732518566488,0.923667277512159,0.121753448062058,0,0.801913829450101,0.0249803656805875
"153","Lynn County",98.7035436473639,3.11149524632671,0.031523642732049,2.50441048223419e-06,2,0,0.920214964861513,0.179826374534932,0,0.740388590326581,0.0264572137246796
"154","McCulloch County",57.3357888275015,1.47329650092081,0.0256959314775161,2.95120080016188e-06,2,0.000546746856205577,0.896938217605249,0.115910333515582,0,0.781027884089667,0.0166757791142701
"155","McLennan County",89.1014162461338,1.39996744261761,0.0157120672330319,9.15184022366639e-05,482,0.00364146653403439,0.915384752025011,0.104741011794799,0.000559542418644309,0.810643740230212,0.0355442660224528
"156","McMullen County",116.666666666667,3.33333333333333,0.0285714285714286,2.03247449331653e-07,0,0,0.712871287128713,0.0198019801980198,0,0.693069306930693,0.0544554455445545
"157","Madison County",83.1246870305458,1.50225338007011,0.0180722891566265,1.15806146680599e-05,0,0,0.875500117674747,0.123793833843257,0,0.75170628383149,0.0324782301718051
"158","Marion County",39.5463510848126,1.9723865877712,0.0498753117206983,1.02784474181766e-05,0,0,0.907840440165062,0.0781292984869326,0,0.829711141678129,0.0528198074277854
"159","Martin County",102.577970073914,3.24499729583559,0.031634446397188,2.34077834237236e-06,0,0,0.922833399287693,0.108428967154729,0,0.814404432132964,0.0332409972299169
"160","Mason County",82.4842309558467,0.970402717127608,0.0117647058823529,1.71344904805397e-06,0,0,0.849976990335941,0.130234698573401,0,0.71974229176254,0.0427979751495628
"161","Matagorda County",70.8142826039626,1.95950359242325,0.0276710222905457,1.2980785028335e-05,144,0.00899494034605534,0.910800174901618,0.108376538197264,0,0.802423636704354,0.0207383346867387
"162","Maverick County",144.768665935863,3.88021784900211,0.0268028846153846,1.7342831444038e-05,59,0.00194193151139109,0.94136314119263,0.186946431108796,0,0.754416710083835,0.0131672429308957
"163","Medina County",67.0058498805306,1.27708659471039,0.0190593298493698,1.41429333588668e-05,56,0.000429430289149728,0.916022521232942,0.130451378948373,0,0.785571142284569,0.0294398320450425
"164","Menard County",84.7856806406029,2.3551577955723,0.0277777777777778,9.08725916697921e-07,0,0,0.924063116370809,0.248520710059172,0,0.675542406311637,0.0364891518737673
"165","Midland County",83.3984851422603,1.26342387871131,0.0151492425378731,6.85629516746808e-05,194,0.00177703769059661,0.93969256005269,0.0973269873619068,0,0.842365572690783,0.0239713685675585
"166","Milam County",64.4225662813023,0.776175497365088,0.0120481927710843,9.29929730244951e-06,27,0.00283405059305133,0.92809908680592,0.131520940484938,0,0.796578146320982,0.046079563346279
"167","Mills County",70.3908328217721,3.27399222426847,0.0465116279069767,2.5218113226096e-06,0,0,0.840389294403893,0.0725060827250608,0,0.767883211678832,0.0603406326034063
"168","Mitchell County",60.9756097560976,2.39343514930476,0.0392523364485981,3.71825205508245e-06,7,0,0.932881113887897,0.166369153873617,0,0.766511960014281,0.0335594430560514
"169","Montague County",88.2716685561167,2.370400906936,0.0268534734384121,8.04882680300934e-06,46,0,0.916981607457798,0.100907029478458,0,0.81607457797934,0.0396825396825397
"170","Montgomery County",61.6719015970119,0.609132882525174,0.00987699206204933,0.000198273427581636,2938,0.0117449126742509,0.896751321903541,0.0896811408428136,0,0.807070181060727,0.0536532606954014
"171","Moore County",96.1119186046512,2.5890261627907,0.026937618147448,9.44808688473402e-06,42,0.000660938532716457,0.949485412142385,0.204890945142102,0,0.744594467000283,0.00613728637522425
"172","Morris County",53.6312849162011,1.19712689545092,0.0223214285714286,1.91986803908845e-05,13,0.00257731958762887,0.90761300555115,0.0598731165741475,0,0.847739888977002,0.039056304520222
"173","Motley County",70.9156193895871,6.28366247755835,0.0886075949367089,4.34653020278592e-07,4,0.00779727095516569,0.881091617933723,0.0623781676413255,0,0.818713450292398,0.0604288499025341
"174","Nacogdoches County",53.5995474767241,1.69696228463103,0.0316600114090131,2.6687834432091e-05,41,0.00014184900173765,0.898613426008014,0.122167452746551,0,0.776445973261463,0.0275187063371042
"175","Navarro County",99.4630900308879,1.47183813926491,0.0147978324301792,1.84462159131389e-05,77,0.00378843788437884,0.907749077490775,0.12319803198032,0,0.784551045510455,0.0420664206642066
"176","Newton County",33.0584337774019,1.40974131246916,0.0426439232409382,5.86672996278467e-06,24,0.00482800241400121,0.924964795815731,0.143633071816536,0,0.781331723999195,0.0211225105612553
"177","Nolan County",93.3288859239493,2.53502334889927,0.0271622587562545,6.34615079422424e-06,0,0,0.919252691576947,0.13521215959468,0,0.784040531982267,0.0148828372387587
"178","Nueces County",89.0583680164247,1.44218430948104,0.0161936979264549,0.000164959076660393,2197,0.0131665011264808,0.920062259260157,0.100650451803581,9.08452239637588e-05,0.819411807456576,0.0226265171152402
"179","Ochiltree County",92.0450209843571,1.81228538725677,0.0196891191709845,4.41098746634446e-06,0,0,0.928189784141911,0.186150886941654,0,0.742038897200257,0.0108997649070314
"180","Oldham County",80.1728276524244,0.960153624579933,0.0119760479041916,5.3598026596722e-07,0,0,0.838917525773196,0.11340206185567,0,0.725515463917526,0.0438144329896907
"181","Orange County",70.86248197452,0.96533149006662,0.0136226034308779,9.7060611531199e-05,67,0.00065318564080233,0.92978254361375,0.0819475818523256,0,0.847834961761424,0.0164657213618921
"182","Palo Pinto County",81.753175139635,1.77878971148031,0.0217580504786771,1.13935819499305e-05,53,0.00452064141931082,0.875383828045036,0.0783009211873081,0,0.797082906857728,0.0442681678607984
"183","Panola County",52.0912870111139,2.07856112666497,0.0399022801302932,1.12182306574628e-05,48,0.00487062404870624,0.940233384069,0.0589548452562151,0,0.881278538812785,0.0167427701674277
"184","Parker County",89.8200265157229,0.912966506037487,0.0101643980908609,5.38159904206025e-05,103,0.000869921195374066,0.90882884726913,0.0930986251833657,0,0.815730222085764,0.0504895438883772
"185","Parmer County",112.754533481917,3.2418194711782,0.0287511230907457,4.32689581928843e-06,40,0.00521423713443664,0.886873724778962,0.130582634323283,0.00317388347313534,0.756291090455679,0.0283382452958513
"186","Pecos County",83.0802328524424,1.64515312579094,0.0198019801980198,1.28089218970862e-06,36,0.00475176142880551,0.920858594134032,0.140914304440439,0,0.779944289693593,0.0303129608389317
"187","Polk County",53.0506237493081,1.49018606037382,0.0280898876404494,1.71579901626939e-05,154,0.00794974427396042,0.887647320435846,0.121914609739827,0,0.76573271069602,0.0392483878140983
"188","Potter County",131.543347356265,2.4911325579477,0.018937731234715,5.15276212989395e-05,474,0.00834295011256361,0.928961955390757,0.145632721012505,0.000624302389375508,0.783329234378252,0.0222478669668363
"189","Presidio County",85.5235711305799,2.64219162842442,0.0308943089430894,7.20176127066821e-07,28,0.0115416323165705,0.713107996702391,0.183429513602638,0,0.529678483099753,0.0638911788953009
"190","Rains County",56.1977592032723,1.77841010136938,0.0316455696202532,1.89236876834854e-05,0,0,0.903499239295805,0.115409693544882,0,0.788089545750924,0.0345577048467724
"191","Randall County",115.693363563944,1.59323487958821,0.013771186440678,5.52271617252817e-05,209,0.00289918414918415,0.928438228438228,0.095483682983683,0,0.832954545454546,0.0293269230769231
"192","Reagan County",95.8500669344043,1.87416331994645,0.0195530726256983,1.22698414315567e-06,0,0,0.927511415525114,0.142694063926941,0,0.784817351598174,0.023972602739726
"193","Real County",78.3204288266826,3.57355568790947,0.0456273764258555,1.85441579245583e-06,0,0,0.746291959406714,0.135831381733021,0,0.610460577673692,0.111631537861046
"194","Red River County",44.4426455112119,2.50951185946734,0.0564663023679417,4.56896252052452e-06,1,0.000209643605870021,0.89958071278826,0.080503144654088,0,0.819077568134172,0.0417190775681342
"195","Reeves County",102.900412412954,2.23108647150294,0.0216819973718791,2.16700983523397e-06,0,0,0.917315175097276,0.08715953307393,0,0.830155642023346,0.0284046692607004
"196","Refugio County",73.4951323186617,2.33100233100233,0.0317164179104478,3.65463969209699e-06,0,0,0.927727119216481,0.121242823370483,0,0.806484295845998,0.0202634245187437
"197","Roberts County",55.1181102362205,1.12485939257593,0.0204081632653061,3.71453883226152e-07,0,0,0.880195599022005,0.132029339853301,0,0.748166259168704,0.0611246943765281
"198","Robertson County",63.908650684522,1.49458958569977,0.0233863423760524,7.55223739753332e-06,0,0,0.903481894150418,0.122701949860724,0,0.780779944289694,0.0337047353760446
"199","Rockwall County",90.9372442320879,0.862698254695069,0.00948674288494284,0.000274427330995338,327,0.0026841096199391,0.891688282395399,0.0936506146385474,0.00157888801172888,0.798037667756851,0.0580805232885982
"200","Runnels County",105.688681083187,2.72744983440483,0.0258064516129032,3.77113227724631e-06,0,0,0.925430210325048,0.108030592734226,0,0.817399617590822,0.0279636711281071
"201","Rusk County",57.8018330630257,1.22581375174443,0.0212071778140294,2.21526569267181e-05,0,0,0.939183874139626,0.083677482792527,0,0.855506391347099,0.0321533923303835
"202","Sabine County",43.3406846293988,2.68482117173267,0.0619469026548673,8.18909167838112e-06,8,0.00236756436815626,0.862385321100917,0.0452796685409885,0,0.817105652559929,0.0387688665285587
"203","San Augustine County",59.0265381411401,3.09413304772105,0.0524193548387097,6.11393901385342e-06,0,0,0.92940232651424,0.108704372242278,0,0.820697954271961,0.0292819895707982
"204","San Jacinto County",23.1083248286922,0.765417699373086,0.0331230283911672,1.86091022877829e-05,0,0,0.907836806574699,0.128852362782507,0,0.778984443792193,0.0255356618726152
"205","San Patricio County",51.594957153753,1.66001166494683,0.0321739130434783,3.72312568362782e-05,63,0.0013509300633898,0.927985035851606,0.0941147944161557,0,0.83387024143545,0.031452423014306
"206","San Saba County",83.2336352760212,2.56366433088361,0.0308008213552361,1.98983340820534e-06,0,0,0.891313131313131,0.218181818181818,0,0.673131313131313,0.04
"207","Schleicher County",60.5381165919283,1.92184497117233,0.0317460317460317,9.19710599726644e-07,10,0.00677966101694915,0.929491525423729,0.150508474576271,0,0.778983050847458,0.0447457627118644
"208","Scurry County",130.865905684308,2.65190822091548,0.0202643171806167,7.3967295472456e-06,22,0,0.945510927347903,0.127584170112227,0.003248670998228,0.817926757235676,0.0159480212640284
"209","Shackelford County",55.8542413381123,0.29868578255675,0.0053475935828877,1.41385776744745e-06,0,0,0.930371352785146,0.114058355437666,0,0.81631299734748,0.00464190981432361
"210","Shelby County",49.7489197711083,1.7517225271517,0.0352112676056338,1.24669601412411e-05,43,0.00455894826123834,0.933100084817642,0.174300254452926,0,0.758799830364716,0.0275657336726039
"211","Sherman County",38.4740789044669,3.58656667753505,0.0932203389830508,1.28315857958147e-06,7,0.0043640897755611,0.908977556109726,0.145885286783042,0,0.763092269326683,0.0236907730673317
"212","Smith County",69.3099151059264,1.39015732621909,0.0200571206023627,9.31352543095228e-05,198,0.00201039720575095,0.914578425798067,0.0935646982373487,0,0.821013727560718,0.0338315327755666
"213","Somervell County",102.080924855491,0.92485549132948,0.00906002265005663,1.791949563626e-05,12,0.00326886406973577,0.923454099700354,0.163715608825933,0,0.759738490874421,0.0130754562789431
"214","Starr County",117.628508356985,3.37432986439609,0.028686327077748,2.00188178466031e-05,82,0.00382766185874994,0.850161041870886,0.192456705410073,0,0.657704336460813,0.0498062829669047
"215","Stephens County",67.1649759743727,2.02883075280299,0.0302066772655008,4.03229759544975e-06,20,0,0.90857908847185,0.0997319034852547,0,0.808847184986595,0.0225201072386059
"216","Sterling County",85.1624231782265,3.51185250219491,0.0412371134020619,4.762257625703e-07,0,0,0.770873786407767,0.0058252427184466,0,0.76504854368932,0.114563106796117
"217","Stonewall County",123.616236162362,3.690036900369,0.0298507462686567,4.56759785688646e-07,0,0,0.945701357466063,0.122171945701357,0,0.823529411764706,0.0158371040723982
"218","Sutton County",104.262968669748,1.54083204930663,0.0147783251231527,1.03407761760308e-06,0,0,0.933771209633279,0.0952380952380952,0,0.838533114395183,0.043240284619595
"219","Swisher County",90.4389338284047,1.85651770322238,0.0205278592375367,3.27087015931304e-06,6,0.0022189349112426,0.853550295857988,0.0702662721893491,0,0.783284023668639,0.0425295857988166
"220","Tarrant County",98.5635247709428,0.906398477573191,0.00919608424799763,0.000885143738655369,5669,0.00303913956348396,0.912180867267657,0.100355198795422,0.000291297885936364,0.811825668472235,0.0421746002603218
"221","Taylor County",98.0638393747553,1.94280902113451,0.0198116760828625,5.70889787365115e-05,418,0.00664842855325105,0.955115154599822,0.107806336684056,0,0.847308817915765,0.0499745514696526
"222","Terrell County",101.24826629681,1.3869625520111,0.0136986301369863,1.18059660026584e-07,0,0,0.884615384615385,0.0461538461538462,0,0.838461538461538,0.1
"223","Terry County",115.640925127401,3.60642885143081,0.0311864406779661,5.54056186941735e-06,12,0,0.928007023705004,0.160886742756804,0,0.7671202809482,0.0263388937664618
"224","Throckmorton County",36.340038935756,1.94678780012979,0.0535714285714286,6.51999307176482e-07,1,0.00151285930408472,0.897125567322239,0.075642965204236,0,0.821482602118003,0.0620272314674735
"225","Titus County",96.0384521185403,1.83688464364438,0.0191265540325151,3.10582787282475e-05,57,0.00398406374501992,0.940239043824701,0.11351086880548,0,0.826728175019221,0.0167750052421891
"226","Tom Green County",98.7716627033685,1.74499170273553,0.0176669264744089,2.96567797710982e-05,85,0.00153517804320965,0.938218444602539,0.108398547197364,0,0.829819897405175,0.0381173475118883
"227","Travis County",52.2427637975699,0.532048710504307,0.0101841608641895,0.000456992234644366,20378,0.0296234014186901,0.828154541527113,0.095254464569136,0.000630219245068573,0.732900076957977,0.0823156144173104
"228","Trinity County",34.7351702230509,0.828672053035011,0.0238568588469185,8.05878622828017e-06,26,0.00525677315002022,0.889809947432268,0.105539830165791,0,0.784270117266478,0.0479175090982612
"229","Tyler County",46.5604026845638,0.885533184190902,0.019019019019019,8.96181198990234e-06,3,0.000444707975096353,0.872072339163949,0.0724873999407056,0,0.799584939223243,0.0481766973021049
"230","Upshur County",64.0645830247371,1.03688342467783,0.0161849710982659,2.68267496913662e-05,40,0.00155502392344498,0.91238038277512,0.100299043062201,0,0.812081339712919,0.0388755980861244
"231","Upton County",80,1.95804195804196,0.0244755244755245,1.11197145145833e-06,5,0.00357653791130186,0.939198855507868,0.0829756795422032,0,0.856223175965665,0.0264663805436338
"232","Uvalde County",101.166018878401,1.77679067184897,0.017563117453348,6.7210542002099e-06,0,0,0.924342955622577,0.0994398965962947,0,0.824903059026282,0.0286945282205946
"233","Val Verde County",129.267396275727,3.22606991179353,0.0249565629442426,6.01311454733264e-06,71,0.00380350350886591,0.948572346922376,0.135640434992232,0,0.812931911930144,0.0372314780093213
"234","Van Zandt County",58.8355998283806,1.43637957729401,0.0244134432466709,2.45650094034697e-05,12,0.000536097212294496,0.9034578270193,0.111776268763402,0,0.791681558255897,0.0627680486061473
"235","Victoria County",72.9036910771651,1.46419283638191,0.020083932853717,4.00578666036573e-05,373,0.00865891310908373,0.920328713698725,0.119205144276528,0,0.801123569422197,0.040485641989925
"236","Walker County",98.9578920613403,1.31322545115649,0.0132705479452055,3.48663690329551e-05,30,0.00124771252703377,0.897479620695392,0.0848860422558643,0,0.812593578439528,0.0374313758110131
"237","Waller County",54.8892512850154,0.557356067956155,0.010154193305754,3.64388820844937e-05,185,0.00847185968768604,0.873105280029308,0.105188441635756,0,0.767916838393552,0.0430919998168247
"238","Ward County",82.8839798225778,1.13063141415898,0.0136411332633788,5.31281506473672e-06,0,0,0.900062201948994,0.0899854862119013,0,0.810076715737093,0.0404312668463612
"239","Washington County",48.1149219719041,1.99036547725503,0.0413669064748201,2.21534833650745e-05,18,0.00120829697254481,0.9379740887427,0.0865946163657112,0,0.851379472376989,0.0351077398133852
"240","Webb County",128.660653354301,1.90264961576121,0.0147881233784952,3.09692396283804e-05,1120,0.0108165470777798,0.916456534226437,0.117132203323825,0,0.799324330902612,0.0261894794232473
"241","Wharton County",72.1216509775525,2.02751629254164,0.0281124497991968,1.47275505526105e-05,69,0.00367666648904993,0.94346459210316,0.115148931635317,0,0.828315660467842,0.0268023658549582
"242","Wheeler County",76.9780317913913,1.60742989819611,0.0208816705336427,2.36381444776495e-06,0,0,0.929047432379459,0.0701685613484908,0,0.858878871030968,0.0184241473931791
"243","Wichita County",101.117030156779,1.97301522257129,0.0195121951219512,8.10712061548245e-05,478,0.00702044930875576,0.932783698156682,0.0939840149769585,0.000756048387096774,0.838799683179724,0.0433467741935484
"244","Wilbarger County",131.59111933395,3.16065371569534,0.0240187463386057,5.15839005262616e-06,0,0,0.947701058619055,0.201927634697425,0,0.745773423921631,0.00805814504661084
"245","Willacy County",90.2055954942992,3.15948532441962,0.0350253807106599,1.42771015529678e-05,0,0,0.9153546375682,0.0525331254871395,0,0.86282151208106,0.0282151208106002
"246","Williamson County",58.6174266642797,0.52920149592869,0.00902805745737683,0.000175886776291826,2068,0.00519934076283158,0.881584523622665,0.0894443572437608,4.31643384084131e-05,0.792140166378904,0.0758358185528175
"247","Wilson County",59.1039084842707,0.868552060163118,0.0146953405017921,2.26765849884466e-05,0,0,0.90229501952195,0.106085134749072,0,0.796209884772879,0.0630892295971812
"248","Winkler County",82.1653593930822,1.92876430500193,0.0234741784037559,3.56927122565499e-06,0,0,0.921946740128558,0.126721763085399,0,0.795224977043159,0.0241812059993878
"249","Wise County",85.1265672680127,1.32812623523645,0.0156017830609212,2.70012588908439e-05,39,0.00140611479665417,0.905790308624171,0.0988967406980098,0,0.806893567926161,0.0559561580617248
"250","Wood County",58.9403209049983,1.96236869444765,0.0332941637289463,2.59189335284251e-05,52,0.00056390977443609,0.885651629072682,0.0977443609022556,0,0.787907268170426,0.0546992481203008
"251","Yoakum County",94.4464096215069,2.82985496993279,0.0299625468164794,4.09462394661544e-06,0,0,0.936617842876165,0.165645805592543,0,0.770972037283622,0.0133155792276964
"252","Young County",92.7556974567874,1.76153253330397,0.0189910979228487,7.66970448619748e-06,0,0,0.903976721629486,0.0880213385063046,0,0.815955383123181,0.0598933074684772
"253","Zapata County",92.8199791883455,1.38744363510232,0.0149476831091181,5.57451314984572e-06,0,0,0.879518072289157,0.225223474543335,0,0.654294597745822,0.0188495919160513
"254","Zavala County",99.4075049374589,2.30414746543779,0.0231788079470199,3.61637727253325e-06,16,0,0.876279281328178,0.0741414600864226,0,0.802137821241756,0.054127814418922
